{
	"credit": "Made with Blockbench",
	"texture_size": [128, 128],
	"textures": {
		"0": "skins:item/ice_angel/ice_angel_texture",
		"1": "skins:item/ice_angel/ice_angel_animation",
		"2": "skins:item/ice_angel/ice_angle_animation2",
		"3": "skins:item/ice_angel/ice_angle_animation3",
		"particle": "skins:item/ice_angel/ice_angel_texture"
	},
	"elements": [
		{
			"from": [6.5, 14, 2],
			"to": [9.5, 20, 4.5],
			"rotation": {"angle": 45, "axis": "x", "origin": [0.5, 14, 11.5]},
			"faces": {
				"north": {"uv": [4.8125, 6.875, 5.1875, 6.125], "texture": "#0"},
				"east": {"uv": [4.8125, 6.875, 4.5, 6.125], "texture": "#0"},
				"south": {"uv": [5.1875, 6.875, 5.5625, 6.125], "texture": "#0"},
				"west": {"uv": [4.5, 6.875, 4.8125, 6.125], "texture": "#0"},
				"up": {"uv": [5.5625, 6.4375, 5.9375, 6.125], "texture": "#0"},
				"down": {"uv": [5.5625, 6.4375, 5.9375, 6.125], "texture": "#0"}
			}
		},
		{
			"from": [6, 10.53417, 3.56583],
			"to": [10, 20.03417, 7.06583],
			"rotation": {"angle": 22.5, "axis": "x", "origin": [7.7, 19.06168, 6.58682]},
			"faces": {
				"north": {"uv": [4.5, 7.0625, 3.3125, 6.5625], "rotation": 90, "texture": "#0"},
				"east": {"uv": [4.5, 6.125, 3.3125, 6.5625], "rotation": 90, "texture": "#0"},
				"south": {"uv": [4.5, 7.5625, 3.3125, 7.0625], "rotation": 90, "texture": "#0"},
				"west": {"uv": [4.5, 6.5625, 3.3125, 6.125], "rotation": 90, "texture": "#0"},
				"up": {"uv": [3.3125, 7, 2.875, 6.5], "rotation": 90, "texture": "#0"},
				"down": {"uv": [3.3125, 7.5, 2.875, 7], "rotation": 90, "texture": "#0"}
			}
		},
		{
			"from": [6.76, 23.8, 12.6],
			"to": [9.24, 25.3, 17.6],
			"rotation": {"angle": -22.5, "axis": "x", "origin": [-0.3, 16.8, 13.6]},
			"faces": {
				"north": {"uv": [2.6875, 7.125, 2.875, 6.8125], "rotation": 90, "texture": "#0"},
				"east": {"uv": [2.6875, 6.5, 2.875, 7.125], "rotation": 90, "texture": "#0"},
				"south": {"uv": [2.6875, 7.125, 2.875, 6.8125], "rotation": 90, "texture": "#0"},
				"west": {"uv": [2.6875, 7.125, 2.875, 6.5], "rotation": 90, "texture": "#0"},
				"up": {"uv": [4.5, 7.1875, 5.125, 6.875], "rotation": 90, "texture": "#0"},
				"down": {"uv": [4.5, 7.5, 5.125, 7.1875], "rotation": 90, "texture": "#0"}
			}
		},
		{
			"from": [6, -4.03417, 3.56583],
			"to": [10, 5.46583, 7.06583],
			"rotation": {"angle": -22.5, "axis": "x", "origin": [7.7, -3.06168, 6.58682]},
			"faces": {
				"north": {"uv": [3.3125, 7.0625, 4.5, 6.5625], "rotation": 90, "texture": "#0"},
				"east": {"uv": [3.3125, 6.125, 4.5, 6.5625], "rotation": 90, "texture": "#0"},
				"south": {"uv": [3.3125, 7.5625, 4.5, 7.0625], "rotation": 90, "texture": "#0"},
				"west": {"uv": [3.3125, 6.5625, 4.5, 6.125], "rotation": 90, "texture": "#0"},
				"up": {"uv": [2.875, 7.5, 3.3125, 7], "rotation": 90, "texture": "#0"},
				"down": {"uv": [2.875, 7, 3.3125, 6.5], "rotation": 90, "texture": "#0"}
			}
		},
		{
			"from": [6.5, -4, 2],
			"to": [9.5, 2, 4.5],
			"rotation": {"angle": -45, "axis": "x", "origin": [0.5, 2, 11.5]},
			"faces": {
				"north": {"uv": [4.8125, 6.125, 5.1875, 6.875], "texture": "#0"},
				"east": {"uv": [4.8125, 6.125, 4.5, 6.875], "texture": "#0"},
				"south": {"uv": [5.1875, 6.125, 5.5625, 6.875], "texture": "#0"},
				"west": {"uv": [4.5, 6.125, 4.8125, 6.875], "texture": "#0"},
				"up": {"uv": [5.5625, 6.125, 5.9375, 6.4375], "texture": "#0"},
				"down": {"uv": [5.5625, 6.125, 5.9375, 6.4375], "texture": "#0"}
			}
		},
		{
			"from": [6.76, -9.3, 12.6],
			"to": [9.24, -7.8, 17.6],
			"rotation": {"angle": 22.5, "axis": "x", "origin": [-0.3, -0.8, 13.6]},
			"faces": {
				"north": {"uv": [2.875, 7.125, 2.6875, 6.8125], "rotation": 90, "texture": "#0"},
				"east": {"uv": [2.875, 6.5, 2.6875, 7.125], "rotation": 90, "texture": "#0"},
				"south": {"uv": [2.875, 7.125, 2.6875, 6.8125], "rotation": 90, "texture": "#0"},
				"west": {"uv": [2.875, 7.125, 2.6875, 6.5], "rotation": 90, "texture": "#0"},
				"up": {"uv": [5.125, 7.5, 4.5, 7.1875], "rotation": 90, "texture": "#0"},
				"down": {"uv": [5.125, 7.1875, 4.5, 6.875], "rotation": 90, "texture": "#0"}
			}
		},
		{
			"from": [7.75, 1.1, 13.7],
			"to": [8.25, 25, 14.2],
			"rotation": {"angle": -45, "axis": "x", "origin": [8, 24, 13.95]},
			"faces": {
				"north": {"uv": [0, 8.125, 0.0625, 10.25], "texture": "#0"},
				"east": {"uv": [0, 8.125, 0.0625, 10.25], "texture": "#0"},
				"south": {"uv": [0, 8.125, 0.0625, 10.25], "texture": "#0"},
				"west": {"uv": [0, 8.125, 0.0625, 10.25], "texture": "#0"},
				"up": {"uv": [0, 8.125, 0.0625, 8.1875], "texture": "#0"},
				"down": {"uv": [0, 8.125, 0.0625, 8.1875], "texture": "#0"}
			}
		},
		{
			"from": [7.75, -9, 13.7],
			"to": [8.25, 14.8, 14.2],
			"rotation": {"angle": 45, "axis": "x", "origin": [8, -8, 13.95]},
			"faces": {
				"north": {"uv": [0, 10.25, 0.0625, 8.125], "texture": "#0"},
				"east": {"uv": [0, 10.25, 0.0625, 8.125], "texture": "#0"},
				"south": {"uv": [0, 10.25, 0.0625, 8.125], "texture": "#0"},
				"west": {"uv": [0, 10.25, 0.0625, 8.125], "texture": "#0"},
				"up": {"uv": [0, 8.1875, 0.0625, 8.125], "texture": "#0"},
				"down": {"uv": [0, 8.1875, 0.0625, 8.125], "texture": "#0"}
			}
		},
		{
			"from": [7.45, 0.7, 5.8],
			"to": [8.55, 5.7, 9.8],
			"rotation": {"angle": 45, "axis": "x", "origin": [7.8, 5.8, 5.3]},
			"faces": {
				"north": {"uv": [1.875, 0.625, 2, 0], "texture": "#0"},
				"east": {"uv": [1.75, 2.9375, 1.25, 2.3125], "texture": "#0"},
				"south": {"uv": [1.875, 0.625, 2, 0], "texture": "#0"},
				"west": {"uv": [1.25, 2.9375, 1.75, 2.3125], "texture": "#0"},
				"up": {"uv": [2, 0.625, 1.875, 1.125], "texture": "#0"},
				"down": {"uv": [1.875, 1.625, 2, 1.125], "texture": "#0"}
			}
		},
		{
			"from": [6.75, 11.5, 3.75],
			"to": [9.25, 13.5, 6.25],
			"rotation": {"angle": 45, "axis": "y", "origin": [8, 8.5, 5]},
			"faces": {
				"north": {"uv": [3.375, 3.0625, 3.0625, 2.8125], "texture": "#0"},
				"east": {"uv": [3.375, 3.0625, 3.0625, 2.8125], "texture": "#0"},
				"south": {"uv": [3.375, 3.0625, 3.0625, 2.8125], "texture": "#0"},
				"west": {"uv": [3.0625, 3.0625, 3.375, 2.8125], "texture": "#0"},
				"up": {"uv": [3.6875, 3.125, 3.375, 2.8125], "texture": "#0"},
				"down": {"uv": [3.6875, 3.125, 3.375, 2.8125], "texture": "#0"}
			}
		},
		{
			"from": [7.25, -11.5, 14.75],
			"to": [8.75, -10.5, 16.25],
			"rotation": {"angle": -45, "axis": "x", "origin": [8, -11.05152, 15.5]},
			"faces": {
				"north": {"uv": [0, 3.5, 0.1875, 3.625], "texture": "#0"},
				"east": {"uv": [0, 3.5, 0.1875, 3.625], "texture": "#0"},
				"south": {"uv": [0, 3.5, 0.1875, 3.625], "texture": "#0"},
				"west": {"uv": [0, 3.5, 0.1875, 3.625], "texture": "#0"},
				"up": {"uv": [0, 3.5, 0.1875, 3.6875], "texture": "#0"},
				"down": {"uv": [0, 3.5, 0.1875, 3.6875], "texture": "#0"}
			}
		},
		{
			"from": [9.5, -10.22184, 18.17032],
			"to": [6.5, -13.72184, 14.67032],
			"rotation": {"angle": 0, "axis": "y", "origin": [8, -11.05152, 15.5]},
			"faces": {
				"north": {"uv": [16, 0, 15.625, 0.4375], "rotation": 180, "texture": "#0"},
				"east": {"uv": [16, 0, 15.5625, 0.4375], "rotation": 90, "texture": "#0"},
				"south": {"uv": [16, 0, 15.625, 0.4375], "texture": "#0"},
				"west": {"uv": [16, 0, 15.5625, 0.4375], "rotation": 270, "texture": "#0"},
				"up": {"uv": [16, 0, 15.625, 0.4375], "texture": "#0"},
				"down": {"uv": [16, 0, 15.625, 0.4375], "rotation": 180, "texture": "#0"}
			}
		},
		{
			"from": [6.74, -13.14646, 15.09494],
			"to": [9.26, -10.64646, 17.59494],
			"rotation": {"angle": 0, "axis": "y", "origin": [8, -11.05152, 15.5]},
			"faces": {
				"north": {"uv": [4.0625, 2.6875, 3.75, 3], "rotation": 180, "texture": "#0"},
				"east": {"uv": [3.75, 2.0625, 4.0625, 2.375], "rotation": 90, "texture": "#0"},
				"south": {"uv": [4.0625, 2.375, 3.75, 2.6875], "texture": "#0"},
				"west": {"uv": [4.0625, 2.0625, 3.75, 2.375], "rotation": 270, "texture": "#0"},
				"up": {"uv": [4.0625, 3, 3.75, 2.6875], "texture": "#0"},
				"down": {"uv": [4.0625, 2.375, 3.75, 2.6875], "rotation": 180, "texture": "#0"}
			}
		},
		{
			"from": [6.75, -10.8, 13.5],
			"to": [9.25, -8.8, 17.5],
			"rotation": {"angle": -45, "axis": "x", "origin": [8, -11.05152, 15.5]},
			"faces": {
				"north": {"uv": [0.5, 3.25, 0.8125, 3.5], "texture": "#0"},
				"east": {"uv": [0, 3.25, 0.5, 3.5], "texture": "#0"},
				"south": {"uv": [0.5, 3.25, 0.8125, 3.5], "texture": "#0"},
				"west": {"uv": [0, 3.25, 0.5, 3.5], "texture": "#0"},
				"up": {"uv": [3.4375, 2.3125, 3.75, 2.8125], "texture": "#0"},
				"down": {"uv": [3.4375, 2.3125, 3.75, 2.8125], "texture": "#0"}
			}
		},
		{
			"from": [6.65, -9.70712, 15.02002],
			"to": [9.35, -7.70712, 17.02002],
			"rotation": {"angle": 0, "axis": "y", "origin": [8, -11.05152, 15.5]},
			"faces": {
				"north": {"uv": [3.75, 1.8125, 4.0625, 2.0625], "texture": "#0"},
				"east": {"uv": [4.0625, 1.0625, 3.8125, 1.3125], "texture": "#0"},
				"south": {"uv": [3.75, 1.3125, 4.0625, 1.5625], "texture": "#0"},
				"west": {"uv": [3.8125, 1.0625, 4.0625, 1.3125], "texture": "#0"},
				"up": {"uv": [4.0625, 3.25, 3.75, 3], "texture": "#0"},
				"down": {"uv": [4.6875, 2.8125, 4.375, 3.0625], "texture": "#0"}
			}
		},
		{
			"from": [6.65, -12.57154, 12.1556],
			"to": [9.35, -10.57154, 14.1556],
			"rotation": {"angle": 0, "axis": "y", "origin": [8, -11.05152, 15.5]},
			"faces": {
				"north": {"uv": [4.0625, 3, 3.75, 3.25], "rotation": 180, "texture": "#0"},
				"east": {"uv": [3.8125, 1.0625, 4.0625, 1.3125], "rotation": 90, "texture": "#0"},
				"south": {"uv": [4.6875, 3.0625, 4.375, 2.8125], "texture": "#0"},
				"west": {"uv": [4.0625, 1.0625, 3.8125, 1.3125], "rotation": 270, "texture": "#0"},
				"up": {"uv": [4.0625, 1.8125, 3.75, 2.0625], "texture": "#0"},
				"down": {"uv": [4.0625, 1.3125, 3.75, 1.5625], "rotation": 180, "texture": "#0"}
			}
		},
		{
			"from": [6.65, 23.70712, 15.02002],
			"to": [9.35, 25.70712, 17.02002],
			"rotation": {"angle": 0, "axis": "y", "origin": [8, 27.05152, 15.5]},
			"faces": {
				"north": {"uv": [3.75, 2.0625, 4.0625, 1.8125], "texture": "#0"},
				"east": {"uv": [4.0625, 1.3125, 3.8125, 1.0625], "texture": "#0"},
				"south": {"uv": [3.75, 1.5625, 4.0625, 1.3125], "texture": "#0"},
				"west": {"uv": [3.8125, 1.3125, 4.0625, 1.0625], "texture": "#0"},
				"up": {"uv": [4.6875, 3.0625, 4.375, 2.8125], "texture": "#0"},
				"down": {"uv": [4.0625, 3, 3.75, 3.25], "texture": "#0"}
			}
		},
		{
			"from": [6.74, 26.64646, 15.09494],
			"to": [9.26, 29.14646, 17.59494],
			"rotation": {"angle": 0, "axis": "y", "origin": [8, 27.05152, 15.5]},
			"faces": {
				"north": {"uv": [4.0625, 3, 3.75, 2.6875], "rotation": 180, "texture": "#0"},
				"east": {"uv": [4.0625, 2.0625, 3.75, 2.375], "rotation": 90, "texture": "#0"},
				"south": {"uv": [4.0625, 2.6875, 3.75, 2.375], "texture": "#0"},
				"west": {"uv": [3.75, 2.0625, 4.0625, 2.375], "rotation": 270, "texture": "#0"},
				"up": {"uv": [4.0625, 2.6875, 3.75, 2.375], "rotation": 180, "texture": "#0"},
				"down": {"uv": [4.0625, 2.6875, 3.75, 3], "texture": "#0"}
			}
		},
		{
			"from": [9.5, 29.72184, 18.17032],
			"to": [6.5, 26.22184, 14.67032],
			"rotation": {"angle": 0, "axis": "y", "origin": [8, 27.05152, 15.5]},
			"faces": {
				"north": {"uv": [16, 0.4375, 15.625, 0], "rotation": 180, "texture": "#0"},
				"east": {"uv": [15.5625, 0, 16, 0.4375], "rotation": 90, "texture": "#0"},
				"south": {"uv": [16, 0.4375, 15.625, 0], "texture": "#0"},
				"west": {"uv": [15.5625, 0, 16, 0.4375], "rotation": 270, "texture": "#0"},
				"up": {"uv": [16, 0.4375, 15.625, 0], "rotation": 180, "texture": "#0"},
				"down": {"uv": [16, 0.4375, 15.625, 0], "texture": "#0"}
			}
		},
		{
			"from": [7.25, 26.5, 14.75],
			"to": [8.75, 27.5, 16.25],
			"rotation": {"angle": 45, "axis": "x", "origin": [8, 27.05152, 15.5]},
			"faces": {
				"north": {"uv": [0, 3.625, 0.1875, 3.5], "texture": "#0"},
				"east": {"uv": [0, 3.625, 0.1875, 3.5], "texture": "#0"},
				"south": {"uv": [0, 3.625, 0.1875, 3.5], "texture": "#0"},
				"west": {"uv": [0, 3.625, 0.1875, 3.5], "texture": "#0"},
				"up": {"uv": [0, 3.6875, 0.1875, 3.5], "texture": "#0"},
				"down": {"uv": [0, 3.6875, 0.1875, 3.5], "texture": "#0"}
			}
		},
		{
			"from": [6.75, 24.8, 13.5],
			"to": [9.25, 26.8, 17.5],
			"rotation": {"angle": 45, "axis": "x", "origin": [8, 27.05152, 15.5]},
			"faces": {
				"north": {"uv": [0.5, 3.5, 0.8125, 3.25], "texture": "#0"},
				"east": {"uv": [0, 3.5, 0.5, 3.25], "texture": "#0"},
				"south": {"uv": [0.5, 3.5, 0.8125, 3.25], "texture": "#0"},
				"west": {"uv": [0, 3.5, 0.5, 3.25], "texture": "#0"},
				"up": {"uv": [3.4375, 2.8125, 3.75, 2.3125], "texture": "#0"},
				"down": {"uv": [3.4375, 2.8125, 3.75, 2.3125], "texture": "#0"}
			}
		},
		{
			"from": [6.65, 26.57154, 12.1556],
			"to": [9.35, 28.57154, 14.1556],
			"rotation": {"angle": 0, "axis": "y", "origin": [8, 27.05152, 15.5]},
			"faces": {
				"north": {"uv": [4.0625, 3.25, 3.75, 3], "rotation": 180, "texture": "#0"},
				"east": {"uv": [4.0625, 1.0625, 3.8125, 1.3125], "rotation": 90, "texture": "#0"},
				"south": {"uv": [4.6875, 2.8125, 4.375, 3.0625], "texture": "#0"},
				"west": {"uv": [3.8125, 1.0625, 4.0625, 1.3125], "rotation": 270, "texture": "#0"},
				"up": {"uv": [4.0625, 1.5625, 3.75, 1.3125], "rotation": 180, "texture": "#0"},
				"down": {"uv": [4.0625, 2.0625, 3.75, 1.8125], "texture": "#0"}
			}
		},
		{
			"from": [6.75, 2.5, 3.75],
			"to": [9.25, 4.5, 6.25],
			"rotation": {"angle": 45, "axis": "y", "origin": [8, 7.5, 5]},
			"faces": {
				"north": {"uv": [3.375, 2.8125, 3.0625, 3.0625], "texture": "#0"},
				"east": {"uv": [3.375, 2.8125, 3.0625, 3.0625], "texture": "#0"},
				"south": {"uv": [3.375, 2.8125, 3.0625, 3.0625], "texture": "#0"},
				"west": {"uv": [3.0625, 2.8125, 3.375, 3.0625], "texture": "#0"},
				"up": {"uv": [3.6875, 2.8125, 3.375, 3.125], "texture": "#0"},
				"down": {"uv": [3.6875, 2.8125, 3.375, 3.125], "texture": "#0"}
			}
		},
		{
			"from": [7, 3, 4],
			"to": [9, 11.5, 6],
			"rotation": {"angle": 45, "axis": "y", "origin": [8, 6.5, 5]},
			"faces": {
				"north": {"uv": [4.0625, 0, 3.8125, 1.0625], "texture": "#0"},
				"east": {"uv": [3.8125, 0, 4.0625, 1.0625], "texture": "#0"},
				"south": {"uv": [4.0625, 1, 4.3125, 2.0625], "texture": "#0"},
				"west": {"uv": [4.3125, 1, 4.0625, 2.0625], "texture": "#0"},
				"up": {"uv": [4.0625, 0, 3.8125, 0.25], "texture": "#0"},
				"down": {"uv": [4.0625, 0, 3.8125, 0.25], "texture": "#0"}
			}
		},
		{
			"from": [7.45, 10.3, 5.8],
			"to": [8.55, 15.3, 9.8],
			"rotation": {"angle": -45, "axis": "x", "origin": [7.8, 10.2, 5.3]},
			"faces": {
				"north": {"uv": [1.5625, 1.6875, 1.6875, 2.3125], "texture": "#0"},
				"east": {"uv": [1.75, 1.0625, 1.25, 1.6875], "texture": "#0"},
				"south": {"uv": [1.5625, 1.6875, 1.6875, 2.3125], "texture": "#0"},
				"west": {"uv": [1.25, 1.0625, 1.75, 1.6875], "texture": "#0"},
				"up": {"uv": [1.5, 2.1875, 1.375, 1.6875], "texture": "#0"},
				"down": {"uv": [1.3125, 2.1875, 1.1875, 1.6875], "texture": "#0"}
			}
		},
		{
			"from": [4.1, 5.5, 2],
			"to": [4.1, 24.5, 17],
			"rotation": {"angle": -22.5, "axis": "y", "origin": [3.47597, 14.25, 8.75]},
			"faces": {
				"north": {"uv": [0, 0, 0, 11], "texture": "#missing"},
				"east": {"uv": [4.75, 2.125, 6.625, 0], "texture": "#0"},
				"south": {"uv": [0, 0, 0, 11], "texture": "#missing"},
				"west": {"uv": [6.625, 2.125, 4.75, 0], "texture": "#0"},
				"up": {"uv": [0, 0, 0, 7], "texture": "#missing"},
				"down": {"uv": [0, 7, 0, 0], "texture": "#missing"}
			}
		},
		{
			"from": [2.71639, 12.5, 5.04686],
			"to": [2.71639, 20.5, 12.04686],
			"rotation": {"angle": -45, "axis": "y", "origin": [3.47597, 14.25, 8.75]},
			"faces": {
				"north": {"uv": [0, 0, 0, 11], "texture": "#missing"},
				"east": {"uv": [6.6875, 1, 7.5625, 0], "texture": "#0"},
				"south": {"uv": [0, 0, 0, 11], "texture": "#missing"},
				"west": {"uv": [7.5625, 1, 6.6875, 0], "texture": "#0"},
				"up": {"uv": [0, 0, 0, 7], "texture": "#missing"},
				"down": {"uv": [0, 7, 0, 0], "texture": "#missing"}
			}
		},
		{
			"from": [3.5, 8.5, 5.25],
			"to": [3.5, 15.5, 10.75],
			"rotation": {"angle": -22.5, "axis": "y", "origin": [3.47597, 14.25, 8.75]},
			"faces": {
				"north": {"uv": [0, 0, 0, 56], "texture": "#missing"},
				"east": {"uv": [5.5, 4, 0, 11], "texture": "#3"},
				"south": {"uv": [0, 0, 0, 56], "texture": "#missing"},
				"west": {"uv": [0, 4, 5.5, 11], "texture": "#3"},
				"up": {"uv": [0, 44, 0, 0], "texture": "#missing"},
				"down": {"uv": [0, 0, 0, 44], "texture": "#missing"}
			}
		},
		{
			"from": [13.28361, 12.5, 5.04686],
			"to": [13.28361, 20.5, 12.04686],
			"rotation": {"angle": 45, "axis": "y", "origin": [12.52403, 14.25, 8.75]},
			"faces": {
				"north": {"uv": [0, 0, 0, 11], "texture": "#missing"},
				"east": {"uv": [6.6875, 1, 7.5625, 0], "texture": "#0"},
				"south": {"uv": [0, 0, 0, 11], "texture": "#missing"},
				"west": {"uv": [7.5625, 1, 6.6875, 0], "texture": "#0"},
				"up": {"uv": [0, 0, 0, 7], "texture": "#missing"},
				"down": {"uv": [0, 7, 0, 0], "texture": "#missing"}
			}
		},
		{
			"from": [11.9, 5.5, 2],
			"to": [11.9, 24.5, 17],
			"rotation": {"angle": 22.5, "axis": "y", "origin": [12.52403, 14.25, 8.75]},
			"faces": {
				"north": {"uv": [0, 0, 0, 11], "texture": "#missing"},
				"east": {"uv": [4.75, 2.125, 6.625, 0], "texture": "#0"},
				"south": {"uv": [0, 0, 0, 11], "texture": "#missing"},
				"west": {"uv": [6.625, 2.125, 4.75, 0], "texture": "#0"},
				"up": {"uv": [0, 0, 0, 7], "texture": "#missing"},
				"down": {"uv": [0, 7, 0, 0], "texture": "#missing"}
			}
		},
		{
			"from": [12.5, 8.5, 5.25],
			"to": [12.5, 15.5, 10.75],
			"rotation": {"angle": 22.5, "axis": "y", "origin": [12.52403, 14.25, 8.75]},
			"faces": {
				"north": {"uv": [0, 0, 0, 56], "texture": "#missing"},
				"east": {"uv": [5.5, 4, 0, 11], "texture": "#3"},
				"south": {"uv": [0, 0, 0, 56], "texture": "#missing"},
				"west": {"uv": [0, 4, 5.5, 11], "texture": "#3"},
				"up": {"uv": [0, 44, 0, 0], "texture": "#missing"},
				"down": {"uv": [0, 0, 0, 44], "texture": "#missing"}
			}
		},
		{
			"from": [-1, 18, -1],
			"to": [7, 26, -1],
			"rotation": {"angle": 22.5, "axis": "y", "origin": [3, 22, -1]},
			"faces": {
				"north": {"uv": [0, 0, 16, 16], "texture": "#1"},
				"east": {"uv": [0, 0, 0, 16], "texture": "#1"},
				"south": {"uv": [16, 0, 0, 16], "texture": "#1"},
				"west": {"uv": [0, 0, 0, 16], "texture": "#1"},
				"up": {"uv": [0, 16, 0, 0], "rotation": 90, "texture": "#1"},
				"down": {"uv": [0, 0, 0, 16], "rotation": 270, "texture": "#1"}
			}
		},
		{
			"from": [-1, 18, -1],
			"to": [7, 26, -1],
			"rotation": {"angle": -22.5, "axis": "y", "origin": [3, 22, -1]},
			"faces": {
				"north": {"uv": [0, 0, 16, 16], "texture": "#1"},
				"east": {"uv": [0, 0, 0, 16], "texture": "#1"},
				"south": {"uv": [16, 0, 0, 16], "texture": "#1"},
				"west": {"uv": [0, 0, 0, 16], "texture": "#1"},
				"up": {"uv": [0, 16, 0, 0], "rotation": 90, "texture": "#1"},
				"down": {"uv": [0, 0, 0, 16], "rotation": 270, "texture": "#1"}
			}
		},
		{
			"from": [10, -6, 3],
			"to": [18, 2, 3],
			"rotation": {"angle": 22.5, "axis": "y", "origin": [14, -2, 3]},
			"faces": {
				"north": {"uv": [0, 0, 16, 16], "texture": "#1"},
				"east": {"uv": [0, 0, 0, 16], "texture": "#1"},
				"south": {"uv": [16, 0, 0, 16], "texture": "#1"},
				"west": {"uv": [0, 0, 0, 16], "texture": "#1"},
				"up": {"uv": [0, 16, 0, 0], "rotation": 90, "texture": "#1"},
				"down": {"uv": [0, 0, 0, 16], "rotation": 270, "texture": "#1"}
			}
		},
		{
			"from": [10, -6, 3],
			"to": [18, 2, 3],
			"rotation": {"angle": -22.5, "axis": "y", "origin": [14, -2, 3]},
			"faces": {
				"north": {"uv": [0, 0, 16, 16], "texture": "#1"},
				"east": {"uv": [0, 0, 0, 16], "texture": "#1"},
				"south": {"uv": [16, 0, 0, 16], "texture": "#1"},
				"west": {"uv": [0, 0, 0, 16], "texture": "#1"},
				"up": {"uv": [0, 16, 0, 0], "rotation": 90, "texture": "#1"},
				"down": {"uv": [0, 0, 0, 16], "rotation": 270, "texture": "#1"}
			}
		},
		{
			"from": [7.55, 12.5, 0.6],
			"to": [8.45, 16, 4.1],
			"rotation": {"angle": -22.5, "axis": "x", "origin": [8, 13, 0.6]},
			"faces": {
				"north": {"uv": [1.25, 1.0625, 1.125, 1.5], "rotation": 180, "texture": "#0"},
				"east": {"uv": [1.125, 0.625, 1.5625, 1.0625], "rotation": 270, "texture": "#0"},
				"south": {"uv": [1.25, 1.0625, 1.125, 1.5], "texture": "#0"},
				"west": {"uv": [1.5625, 0.625, 1.125, 1.0625], "rotation": 90, "texture": "#0"},
				"up": {"uv": [1.6875, 0.625, 1.5625, 1.0625], "rotation": 180, "texture": "#0"},
				"down": {"uv": [1.6875, 0.625, 1.5625, 1.0625], "texture": "#0"}
			}
		},
		{
			"from": [7.55, 17.5, 2.6],
			"to": [8.45, 21, 6.1],
			"rotation": {"angle": 0, "axis": "y", "origin": [8, 18, 2.6]},
			"faces": {
				"north": {"uv": [1.25, 1.0625, 1.125, 1.5], "rotation": 180, "texture": "#0"},
				"east": {"uv": [1.125, 0.625, 1.5625, 1.0625], "rotation": 270, "texture": "#0"},
				"south": {"uv": [1.25, 1.0625, 1.125, 1.5], "texture": "#0"},
				"west": {"uv": [1.5625, 0.625, 1.125, 1.0625], "rotation": 90, "texture": "#0"},
				"up": {"uv": [1.6875, 0.625, 1.5625, 1.0625], "rotation": 180, "texture": "#0"},
				"down": {"uv": [1.6875, 0.625, 1.5625, 1.0625], "texture": "#0"}
			}
		},
		{
			"from": [7.55, -5, 2.6],
			"to": [8.45, -1.5, 6.1],
			"rotation": {"angle": 0, "axis": "y", "origin": [8, -2, 2.6]},
			"faces": {
				"north": {"uv": [1.25, 1.5, 1.125, 1.0625], "rotation": 180, "texture": "#0"},
				"east": {"uv": [1.5625, 0.625, 1.125, 1.0625], "rotation": 270, "texture": "#0"},
				"south": {"uv": [1.25, 1.5, 1.125, 1.0625], "texture": "#0"},
				"west": {"uv": [1.125, 0.625, 1.5625, 1.0625], "rotation": 90, "texture": "#0"},
				"up": {"uv": [1.6875, 1.0625, 1.5625, 0.625], "texture": "#0"},
				"down": {"uv": [1.6875, 1.0625, 1.5625, 0.625], "rotation": 180, "texture": "#0"}
			}
		},
		{
			"from": [7.55, 0, 0.6],
			"to": [8.45, 3.5, 4.1],
			"rotation": {"angle": 22.5, "axis": "x", "origin": [8, 3, 0.6]},
			"faces": {
				"north": {"uv": [1.25, 1.5, 1.125, 1.0625], "rotation": 180, "texture": "#0"},
				"east": {"uv": [1.5625, 0.625, 1.125, 1.0625], "rotation": 270, "texture": "#0"},
				"south": {"uv": [1.25, 1.5, 1.125, 1.0625], "texture": "#0"},
				"west": {"uv": [1.125, 0.625, 1.5625, 1.0625], "rotation": 90, "texture": "#0"},
				"up": {"uv": [1.6875, 1.0625, 1.5625, 0.625], "texture": "#0"},
				"down": {"uv": [1.6875, 1.0625, 1.5625, 0.625], "rotation": 180, "texture": "#0"}
			}
		},
		{
			"from": [8.2, 20, 2],
			"to": [8.2, 32, 8],
			"rotation": {"angle": 22.5, "axis": "x", "origin": [13.7, 20, -3]},
			"faces": {
				"north": {"uv": [0, 0, 0, 3], "texture": "#missing"},
				"east": {"uv": [0, 0, 6, 12], "texture": "#2"},
				"south": {"uv": [0, 0, 0, 3], "texture": "#missing"},
				"west": {"uv": [6, 0, 0, 12], "texture": "#2"},
				"up": {"uv": [0, 1.5, 0, 0], "texture": "#missing"},
				"down": {"uv": [0, 0, 0, 1.5], "texture": "#missing"}
			}
		},
		{
			"from": [7.2, -7.5, 14],
			"to": [7.2, 4.5, 20],
			"rotation": {"angle": 22.5, "axis": "x", "origin": [1.7, -7.5, 9]},
			"faces": {
				"north": {"uv": [0, 0, 0, 3], "texture": "#missing"},
				"east": {"uv": [0, 0, 6, 12], "texture": "#2"},
				"south": {"uv": [0, 0, 0, 3], "texture": "#missing"},
				"west": {"uv": [6, 0, 0, 12], "texture": "#2"},
				"up": {"uv": [0, 1.5, 0, 0], "texture": "#missing"},
				"down": {"uv": [0, 0, 0, 1.5], "texture": "#missing"}
			}
		},
		{
			"from": [8, 2, -1],
			"to": [8, 14, 29.5],
			"rotation": {"angle": 22.5, "axis": "z", "origin": [8, 8.25, 14.25]},
			"faces": {
				"north": {"uv": [0, 6.25, 0.0625, 8.4375], "rotation": 90, "texture": "#missing"},
				"east": {"uv": [13.125, 0, 14.625, 3.8125], "rotation": 270, "texture": "#0"},
				"south": {"uv": [0, 6.25, 0.0625, 8.4375], "rotation": 270, "texture": "#missing"},
				"west": {"uv": [13.125, 3.8125, 14.625, 0], "rotation": 270, "texture": "#0"},
				"up": {"uv": [0, 6.25, 0.0625, 8.4375], "rotation": 270, "texture": "#missing"},
				"down": {"uv": [0, 6.25, 0.0625, 8.4375], "rotation": 270, "texture": "#missing"}
			}
		},
		{
			"from": [8, 2, -1],
			"to": [8, 14, 29.5],
			"rotation": {"angle": -22.5, "axis": "z", "origin": [8, 8.25, 14.25]},
			"faces": {
				"north": {"uv": [0, 6.25, 0.0625, 8.4375], "rotation": 90, "texture": "#missing"},
				"east": {"uv": [13.125, 0, 14.625, 3.8125], "rotation": 270, "texture": "#0"},
				"south": {"uv": [0, 6.25, 0.0625, 8.4375], "rotation": 270, "texture": "#missing"},
				"west": {"uv": [13.125, 3.8125, 14.625, 0], "rotation": 270, "texture": "#0"},
				"up": {"uv": [0, 6.25, 0.0625, 8.4375], "rotation": 270, "texture": "#missing"},
				"down": {"uv": [0, 6.25, 0.0625, 8.4375], "rotation": 270, "texture": "#missing"}
			}
		}
	],
	"gui_light": "front",
	"display": {
		"thirdperson_righthand": {
			"rotation": [0, -3, 0],
			"translation": [0, -2, 2.75],
			"scale": [0.55, 0.55, 0.55]
		},
		"thirdperson_lefthand": {
			"rotation": [0, -3, 0],
			"translation": [0, -2, 2.75],
			"scale": [0.55, 0.55, 0.55]
		},
		"firstperson_righthand": {
			"rotation": [16, -9.23, -9],
			"translation": [9, 8.5, -5.75],
			"scale": [0.52, 0.52, 0.52]
		},
		"firstperson_lefthand": {
			"rotation": [16, -9.23, -9],
			"translation": [9, 8.5, -5.75],
			"scale": [0.52, 0.52, 0.52]
		},
		"ground": {
			"rotation": [0, 0, 90],
			"translation": [-0.25, 9, -3.25],
			"scale": [0.6, 0.6, 0.6]
		},
		"gui": {
			"rotation": [-57, 135, 71],
			"translation": [-1.75, 1.5, -1.5],
			"scale": [0.41797, 0.41797, 0.41797]
		},
		"head": {
			"scale": [0, 0, 0]
		},
		"fixed": {
			"rotation": [-90, -90, -90],
			"translation": [4.25, 0, -3],
			"scale": [1.4, 1.4, 1.4]
		}
	}
}