{
	"credit": "Made with Blockbench",
	"textures": {
		"0": "skins:item/ice_angel/ice_angel_texture",
		"1": "skins:item/ice_angel/ice_angel_animation",
		"2": "skins:item/ice_angel/ice_angle_animation2",
		"3": "skins:item/ice_angel/ice_angle_animation3",
		"particle": "skins:item/ice_angel/ice_angel_texture"
	},
	"elements": [
		{
			"from": [6.75, -15.3, 6],
			"to": [9.25, -13.3, 10],
			"rotation": {"angle": 0, "axis": "y", "origin": [8.2, -14.3, 8.5]},
			"faces": {
				"north": {"uv": [0.5, 3.25, 0.8125, 3.5], "texture": "#0"},
				"east": {"uv": [0, 3.25, 0.5, 3.5], "texture": "#0"},
				"south": {"uv": [0.5, 3.25, 0.8125, 3.5], "texture": "#0"},
				"west": {"uv": [0, 3.25, 0.5, 3.5], "texture": "#0"},
				"up": {"uv": [3.4375, 2.3125, 3.75, 2.8125], "texture": "#0"},
				"down": {"uv": [3.4375, 2.3125, 3.75, 2.8125], "texture": "#0"}
			}
		},
		{
			"from": [7, -13, 7],
			"to": [9, -4.5, 9],
			"rotation": {"angle": 45, "axis": "y", "origin": [8, -9.5, 8]},
			"faces": {
				"north": {"uv": [4.0625, 0, 3.8125, 1.0625], "texture": "#0"},
				"east": {"uv": [3.8125, 0, 4.0625, 1.0625], "texture": "#0"},
				"south": {"uv": [4.0625, 1, 4.3125, 2.0625], "texture": "#0"},
				"west": {"uv": [4.3125, 1, 4.0625, 2.0625], "texture": "#0"},
				"up": {"uv": [4.0625, 0, 3.8125, 0.25], "texture": "#0"},
				"down": {"uv": [4.0625, 0, 3.8125, 0.25], "texture": "#0"}
			}
		},
		{
			"from": [5.5, -0.5, 7.5],
			"to": [10.5, 1.5, 9.5],
			"rotation": {"angle": -45, "axis": "x", "origin": [8.5, 0, 8]},
			"faces": {
				"north": {"uv": [3.4375, 0.9375, 3.6875, 1.5625], "rotation": 90, "texture": "#0"},
				"east": {"uv": [3.5, 0.9375, 3.75, 0.6875], "rotation": 90, "texture": "#0"},
				"south": {"uv": [3.4375, 1.5625, 3.6875, 2.1875], "rotation": 90, "texture": "#0"},
				"west": {"uv": [3.5, 0.6875, 3.75, 0.9375], "rotation": 90, "texture": "#0"},
				"up": {"uv": [3.6875, 1.5625, 3.4375, 2.1875], "rotation": 90, "texture": "#0"},
				"down": {"uv": [3.4375, 0.9375, 3.6875, 1.5625], "rotation": 90, "texture": "#0"}
			}
		},
		{
			"from": [5.25, -1.5, 6.5],
			"to": [10.75, 1, 9],
			"rotation": {"angle": -45, "axis": "x", "origin": [8.5, 0, 8]},
			"faces": {
				"north": {"uv": [3.125, 2.125, 3.4375, 2.8125], "rotation": 90, "texture": "#0"},
				"east": {"uv": [3.125, 2.125, 3.4375, 1.8125], "rotation": 90, "texture": "#0"},
				"south": {"uv": [3.5, 0, 3.8125, 0.6875], "rotation": 90, "texture": "#0"},
				"west": {"uv": [3.125, 1.8125, 3.4375, 2.125], "rotation": 90, "texture": "#0"},
				"up": {"uv": [3.8125, 0, 3.5, 0.6875], "rotation": 90, "texture": "#0"},
				"down": {"uv": [3.125, 2.125, 3.4375, 2.8125], "rotation": 90, "texture": "#0"}
			}
		},
		{
			"from": [6.75, -0.5, 3.09951],
			"to": [9.25, 3.5, 6.09951],
			"rotation": {"angle": -45, "axis": "x", "origin": [8.1, 2.37397, 4.2067]},
			"faces": {
				"north": {"uv": [3.125, 0.9375, 3.4375, 1.4375], "texture": "#0"},
				"east": {"uv": [4.4375, 2.0625, 4.0625, 2.5625], "texture": "#0"},
				"south": {"uv": [4.0625, 2.5625, 4.375, 3.0625], "texture": "#0"},
				"west": {"uv": [4.0625, 2.0625, 4.4375, 2.5625], "texture": "#0"},
				"up": {"uv": [4.625, 1.375, 4.3125, 1], "texture": "#0"},
				"down": {"uv": [3.4375, 1.8125, 3.125, 1.4375], "texture": "#0"}
			}
		},
		{
			"from": [6.75, -0.5, 9.90049],
			"to": [9.25, 3.5, 12.90049],
			"rotation": {"angle": 45, "axis": "x", "origin": [8.1, 2.37397, 11.7933]},
			"faces": {
				"north": {"uv": [3.4375, 0.9375, 3.125, 1.4375], "texture": "#0"},
				"east": {"uv": [3.125, 0.4375, 3.5, 0.9375], "texture": "#0"},
				"south": {"uv": [3.4375, 0.9375, 3.125, 1.4375], "texture": "#0"},
				"west": {"uv": [3.5, 0.4375, 3.125, 0.9375], "texture": "#0"},
				"up": {"uv": [3.4375, 1.4375, 3.125, 1.8125], "texture": "#0"},
				"down": {"uv": [3.4375, 1.4375, 3.125, 1.8125], "texture": "#0"}
			}
		},
		{
			"from": [6, -2.5, 5],
			"to": [10, 2.5, 10],
			"rotation": {"angle": -45, "axis": "x", "origin": [8.5, 0.5, 8]},
			"faces": {
				"north": {"uv": [2.4375, 2.75, 3.0625, 3.25], "rotation": 90, "texture": "#0"},
				"east": {"uv": [2.4375, 2.75, 3.0625, 2.125], "rotation": 90, "texture": "#0"},
				"south": {"uv": [1.75, 2.9375, 1.125, 3.4375], "rotation": 90, "texture": "#0"},
				"west": {"uv": [2.4375, 2.125, 3.0625, 2.75], "rotation": 90, "texture": "#0"},
				"up": {"uv": [1.125, 2.9375, 1.75, 3.4375], "rotation": 90, "texture": "#0"},
				"down": {"uv": [2.4375, 2.75, 3.0625, 3.25], "rotation": 90, "texture": "#0"}
			}
		},
		{
			"from": [7, 1.3, 4.5],
			"to": [9, 6, 9.2],
			"rotation": {"angle": -45, "axis": "x", "origin": [8.4, 4.8, 8]},
			"faces": {
				"north": {"uv": [1.875, 2.8125, 2.4375, 3.0625], "rotation": 90, "texture": "#0"},
				"east": {"uv": [1.875, 2.8125, 2.4375, 2.25], "rotation": 90, "texture": "#0"},
				"south": {"uv": [1.875, 2.8125, 2.4375, 3.0625], "rotation": 90, "texture": "#0"},
				"west": {"uv": [1.875, 2.25, 2.4375, 2.8125], "rotation": 90, "texture": "#0"},
				"up": {"uv": [2.4375, 3.3125, 1.875, 3.0625], "rotation": 90, "texture": "#0"},
				"down": {"uv": [3.1875, 2.125, 2.625, 1.875], "rotation": 90, "texture": "#0"}
			}
		},
		{
			"from": [6.25, -1.5, 7.5],
			"to": [9.75, 2, 15.5],
			"rotation": {"angle": -22.5, "axis": "x", "origin": [8, 0, 12]},
			"faces": {
				"north": {"uv": [2.5, 0.875, 2.0625, 0.4375], "texture": "#0"},
				"east": {"uv": [2.5, 0.4375, 3.5, 0], "texture": "#0"},
				"south": {"uv": [2.5, 0.875, 2.0625, 0.4375], "texture": "#0"},
				"west": {"uv": [3.5, 0.4375, 2.5, 0], "texture": "#0"},
				"up": {"uv": [4.5, 1, 4.0625, 0], "texture": "#0"},
				"down": {"uv": [2.5, 1.875, 2.0625, 0.875], "texture": "#0"}
			}
		},
		{
			"from": [6.25, -1.5, 0.5],
			"to": [9.75, 2, 8.5],
			"rotation": {"angle": 22.5, "axis": "x", "origin": [8, 0, 4]},
			"faces": {
				"north": {"uv": [2.0625, 0.875, 2.5, 0.4375], "texture": "#0"},
				"east": {"uv": [3.5, 0.4375, 2.5, 0], "texture": "#0"},
				"south": {"uv": [2.0625, 0.875, 2.5, 0.4375], "texture": "#0"},
				"west": {"uv": [2.5, 0.4375, 3.5, 0], "texture": "#0"},
				"up": {"uv": [4.5, 0, 4.0625, 1], "texture": "#0"},
				"down": {"uv": [2.5, 0.875, 2.0625, 1.875], "texture": "#0"}
			}
		},
		{
			"from": [6.75, -4.5, 6.75],
			"to": [9.25, -2.5, 9.25],
			"rotation": {"angle": 45, "axis": "y", "origin": [8, -7.5, 8]},
			"faces": {
				"north": {"uv": [3.375, 3.0625, 3.0625, 2.8125], "texture": "#0"},
				"east": {"uv": [3.375, 3.0625, 3.0625, 2.8125], "texture": "#0"},
				"south": {"uv": [3.375, 3.0625, 3.0625, 2.8125], "texture": "#0"},
				"west": {"uv": [3.0625, 3.0625, 3.375, 2.8125], "texture": "#0"},
				"up": {"uv": [3.6875, 3.125, 3.375, 2.8125], "texture": "#0"},
				"down": {"uv": [3.6875, 3.125, 3.375, 2.8125], "texture": "#0"}
			}
		},
		{
			"from": [6.75, -15.5, 6.75],
			"to": [9.25, -13, 9.25],
			"rotation": {"angle": 45, "axis": "y", "origin": [8, -18.5, 8]},
			"faces": {
				"north": {"uv": [3.0625, 3.375, 3.375, 3.0625], "texture": "#0"},
				"east": {"uv": [3.375, 3.375, 3.0625, 3.0625], "texture": "#0"},
				"south": {"uv": [3.0625, 3.375, 3.375, 3.0625], "texture": "#0"},
				"west": {"uv": [3.375, 3.375, 3.0625, 3.0625], "texture": "#0"},
				"up": {"uv": [0.8125, 3.5625, 1.125, 3.25], "texture": "#0"},
				"down": {"uv": [4.0625, 3.375, 4.375, 3.0625], "texture": "#0"}
			}
		},
		{
			"from": [7.45, 2.3, 11.8],
			"to": [8.55, 7.3, 15.8],
			"rotation": {"angle": -45, "axis": "x", "origin": [7.8, 2.2, 11.3]},
			"faces": {
				"north": {"uv": [1.5625, 1.6875, 1.6875, 2.3125], "texture": "#0"},
				"east": {"uv": [1.75, 1.0625, 1.25, 1.6875], "texture": "#0"},
				"south": {"uv": [1.5625, 1.6875, 1.6875, 2.3125], "texture": "#0"},
				"west": {"uv": [1.25, 1.0625, 1.75, 1.6875], "texture": "#0"},
				"up": {"uv": [1.5, 2.1875, 1.375, 1.6875], "texture": "#0"},
				"down": {"uv": [1.3125, 2.1875, 1.1875, 1.6875], "texture": "#0"}
			}
		},
		{
			"from": [7.45, 2.3, 0.2],
			"to": [8.55, 7.3, 4.2],
			"rotation": {"angle": 45, "axis": "x", "origin": [7.8, 2.2, 4.7]},
			"faces": {
				"north": {"uv": [2, 0, 1.875, 0.625], "texture": "#0"},
				"east": {"uv": [1.25, 2.3125, 1.75, 2.9375], "texture": "#0"},
				"south": {"uv": [2, 0, 1.875, 0.625], "texture": "#0"},
				"west": {"uv": [1.75, 2.3125, 1.25, 2.9375], "texture": "#0"},
				"up": {"uv": [1.875, 1.625, 2, 1.125], "texture": "#0"},
				"down": {"uv": [2, 0.625, 1.875, 1.125], "texture": "#0"}
			}
		},
		{
			"from": [7.55, 10, 10.9],
			"to": [8.45, 13.5, 14.4],
			"rotation": {"angle": -45, "axis": "x", "origin": [8, 10, 11.4]},
			"faces": {
				"north": {"uv": [1.5625, 0.625, 1.6875, 1.0625], "texture": "#0"},
				"east": {"uv": [1.5625, 0.625, 1.125, 1.0625], "texture": "#0"},
				"south": {"uv": [1.5625, 0.625, 1.6875, 1.0625], "texture": "#0"},
				"west": {"uv": [1.125, 0.625, 1.5625, 1.0625], "texture": "#0"},
				"up": {"uv": [1.25, 1.5, 1.125, 1.0625], "texture": "#0"},
				"down": {"uv": [1.25, 1.5, 1.125, 1.0625], "texture": "#0"}
			}
		},
		{
			"from": [7.55, 10, 1.6],
			"to": [8.45, 13.5, 5.1],
			"rotation": {"angle": 45, "axis": "x", "origin": [8, 10, 4.6]},
			"faces": {
				"north": {"uv": [1, 2.625, 0.875, 3.0625], "texture": "#0"},
				"east": {"uv": [2.0625, 0, 2.5, 0.4375], "texture": "#0"},
				"south": {"uv": [1, 2.625, 0.875, 3.0625], "texture": "#0"},
				"west": {"uv": [2.5, 0, 2.0625, 0.4375], "texture": "#0"},
				"up": {"uv": [1.125, 2.625, 1.25, 2.1875], "texture": "#0"},
				"down": {"uv": [1.125, 2.625, 1.25, 2.1875], "texture": "#0"}
			}
		},
		{
			"from": [7.5, 4, 5],
			"to": [8.5, 30, 11],
			"rotation": {"angle": 0, "axis": "y", "origin": [-0.5, 0, 4]},
			"faces": {
				"north": {"uv": [1.75, 0, 1.875, 3.25], "texture": "#0"},
				"east": {"uv": [0.75, 0, 0, 3.25], "texture": "#0"},
				"south": {"uv": [0.75, 0, 0.875, 3.25], "texture": "#0"},
				"west": {"uv": [0, 0, 0.75, 3.25], "texture": "#0"},
				"up": {"uv": [0.875, 0, 1, 0.75], "texture": "#0"},
				"down": {"uv": [0.875, 0, 1, 0.75], "texture": "#0"}
			}
		},
		{
			"from": [7, 14.9, 7],
			"to": [9, 17, 9.1],
			"rotation": {"angle": -45, "axis": "x", "origin": [7.9, 15.9, 8]},
			"faces": {
				"north": {"uv": [2.625, 2.125, 2.375, 1.875], "rotation": 90, "texture": "#0"},
				"east": {"uv": [2.375, 1.875, 2.125, 2.125], "rotation": 180, "texture": "#0"},
				"south": {"uv": [2.625, 2.125, 2.375, 1.875], "rotation": 90, "texture": "#0"},
				"west": {"uv": [2.125, 1.875, 2.375, 2.125], "rotation": 180, "texture": "#0"},
				"up": {"uv": [3.625, 3.375, 3.375, 3.125], "rotation": 90, "texture": "#0"},
				"down": {"uv": [2.625, 2.125, 2.375, 1.875], "rotation": 90, "texture": "#0"}
			}
		},
		{
			"from": [7.05, 4.5, 6.5],
			"to": [8.95, 16, 9.5],
			"rotation": {"angle": 0, "axis": "y", "origin": [8, -4, 8.5]},
			"faces": {
				"north": {"uv": [4.4375, 1.375, 4.6875, 2.8125], "texture": "#0"},
				"east": {"uv": [2.875, 0.4375, 2.5, 1.875], "texture": "#0"},
				"south": {"uv": [2.875, 0.4375, 3.125, 1.875], "texture": "#0"},
				"west": {"uv": [2.5, 0.4375, 2.875, 1.875], "texture": "#0"},
				"up": {"uv": [1.875, 1.875, 2.125, 2.25], "texture": "#0"},
				"down": {"uv": [1.875, 1.875, 2.125, 2.25], "texture": "#0"}
			}
		},
		{
			"from": [7.55, 26.7, 3.5],
			"to": [8.45, 31.7, 8.5],
			"rotation": {"angle": 45, "axis": "x", "origin": [8.1, 27.2, 8]},
			"faces": {
				"north": {"uv": [0.875, 1.375, 1, 2], "texture": "#0"},
				"east": {"uv": [1.75, 0, 1.125, 0.625], "texture": "#0"},
				"south": {"uv": [0.875, 2, 1, 2.625], "texture": "#0"},
				"west": {"uv": [1.125, 0, 1.75, 0.625], "texture": "#0"},
				"up": {"uv": [0.875, 0.75, 1, 1.375], "texture": "#0"},
				"down": {"uv": [0.875, 2, 1, 2.625], "texture": "#0"}
			}
		},
		{
			"from": [7.55, 5, 10.7],
			"to": [8.25, 30, 11.4],
			"rotation": {"angle": -45, "axis": "y", "origin": [8, 17.5, 11.15]},
			"faces": {
				"north": {"uv": [1.0625, 0, 1, 3.125], "texture": "#0"},
				"east": {"uv": [1.0625, 0, 1, 3.125], "texture": "#0"},
				"south": {"uv": [1.0625, 0, 1, 3.125], "texture": "#0"},
				"west": {"uv": [1.0625, 0, 1, 3.125], "texture": "#0"},
				"up": {"uv": [1.0625, 0, 1, 0.0625], "texture": "#0"},
				"down": {"uv": [1.0625, 0, 1, 0.0625], "texture": "#0"}
			}
		},
		{
			"from": [7.55, 5, 4.6],
			"to": [8.25, 30, 5.3],
			"rotation": {"angle": 45, "axis": "y", "origin": [8, 17.5, 4.85]},
			"faces": {
				"north": {"uv": [1.0625, 0, 1.125, 3.125], "texture": "#0"},
				"east": {"uv": [1.0625, 0, 1.125, 3.125], "texture": "#0"},
				"south": {"uv": [1.0625, 0, 1.125, 3.125], "texture": "#0"},
				"west": {"uv": [1.0625, 0, 1.125, 3.125], "texture": "#0"},
				"up": {"uv": [1.0625, 0, 1.125, 3.125], "texture": "#0"},
				"down": {"uv": [1.0625, 0, 1.125, 3.125], "texture": "#0"}
			}
		},
		{
			"from": [6.65, -8.78922, 19],
			"to": [9.35, -6.78922, 21],
			"rotation": {"angle": 45, "axis": "x", "origin": [8, 1.01499, 7.2]},
			"faces": {
				"north": {"uv": [3.75, 1.8125, 4.0625, 2.0625], "texture": "#0"},
				"east": {"uv": [4.0625, 1.0625, 3.8125, 1.3125], "texture": "#0"},
				"south": {"uv": [3.75, 1.3125, 4.0625, 1.5625], "texture": "#0"},
				"west": {"uv": [3.8125, 1.0625, 4.0625, 1.3125], "texture": "#0"},
				"up": {"uv": [4.0625, 3.25, 3.75, 3], "texture": "#0"},
				"down": {"uv": [4.6875, 2.8125, 4.375, 3.0625], "texture": "#0"}
			}
		},
		{
			"from": [6.65, -8.78922, -5],
			"to": [9.35, -6.78922, -3],
			"rotation": {"angle": -45, "axis": "x", "origin": [8, 1.01499, 8.8]},
			"faces": {
				"north": {"uv": [4.0625, 1.3125, 3.75, 1.5625], "texture": "#0"},
				"east": {"uv": [3.8125, 1.0625, 4.0625, 1.3125], "texture": "#0"},
				"south": {"uv": [4.0625, 1.8125, 3.75, 2.0625], "texture": "#0"},
				"west": {"uv": [4.0625, 1.0625, 3.8125, 1.3125], "texture": "#0"},
				"up": {"uv": [4.0625, 3, 3.75, 3.25], "texture": "#0"},
				"down": {"uv": [4.6875, 3.0625, 4.375, 2.8125], "texture": "#0"}
			}
		},
		{
			"from": [7.25, -16, 7.25],
			"to": [8.75, -15, 8.75],
			"rotation": {"angle": 45, "axis": "y", "origin": [8, -15.65, 8]},
			"faces": {
				"north": {"uv": [0, 3.5, 0.1875, 3.625], "texture": "#0"},
				"east": {"uv": [0, 3.5, 0.1875, 3.625], "texture": "#0"},
				"south": {"uv": [0, 3.5, 0.1875, 3.625], "texture": "#0"},
				"west": {"uv": [0, 3.5, 0.1875, 3.625], "texture": "#0"},
				"up": {"uv": [0, 3.5, 0.1875, 3.6875], "texture": "#0"},
				"down": {"uv": [0, 3.5, 0.1875, 3.6875], "texture": "#0"}
			}
		},
		{
			"from": [6.75, -12.58922, -6.30421],
			"to": [9.25, -10.08922, -3.80421],
			"rotation": {"angle": -45, "axis": "x", "origin": [8, 1.71499, 8]},
			"faces": {
				"north": {"uv": [4.0625, 2.375, 3.75, 2.6875], "texture": "#0"},
				"east": {"uv": [3.75, 2.0625, 4.0625, 2.375], "texture": "#0"},
				"south": {"uv": [4.0625, 3, 3.75, 2.6875], "texture": "#0"},
				"west": {"uv": [4.0625, 2.0625, 3.75, 2.375], "texture": "#0"},
				"up": {"uv": [4.0625, 2.6875, 3.75, 3], "texture": "#0"},
				"down": {"uv": [4.0625, 2.375, 3.75, 2.6875], "texture": "#0"}
			}
		},
		{
			"from": [8.1, -11.5, 12],
			"to": [8.1, 7.5, 27],
			"rotation": {"angle": 0, "axis": "y", "origin": [8.1, -0.5, 14.5]},
			"faces": {
				"north": {"uv": [0, 0, 0, 11], "texture": "#missing"},
				"east": {"uv": [4.75, 2.125, 6.625, 0], "texture": "#0"},
				"south": {"uv": [0, 0, 0, 11], "texture": "#missing"},
				"west": {"uv": [6.625, 2.125, 4.75, 0], "texture": "#0"},
				"up": {"uv": [0, 0, 0, 7], "texture": "#missing"},
				"down": {"uv": [0, 7, 0, 0], "texture": "#missing"}
			}
		},
		{
			"from": [8, -4.5, 15],
			"to": [8, 3.5, 22],
			"rotation": {"angle": -22.5, "axis": "y", "origin": [8, 1.5, 15.5]},
			"faces": {
				"north": {"uv": [0, 0, 0, 11], "texture": "#missing"},
				"east": {"uv": [6.6875, 1, 7.5625, 0], "texture": "#0"},
				"south": {"uv": [0, 0, 0, 11], "texture": "#missing"},
				"west": {"uv": [7.5625, 1, 6.6875, 0], "texture": "#0"},
				"up": {"uv": [0, 0, 0, 7], "texture": "#missing"},
				"down": {"uv": [0, 7, 0, 0], "texture": "#missing"}
			}
		},
		{
			"from": [9.5, -6.58922, -10.80421],
			"to": [6.5, -10.08922, -14.30421],
			"rotation": {"angle": -45, "axis": "x", "origin": [10.2, 12.21499, 8]},
			"faces": {
				"north": {"uv": [16, 0, 15.625, 0.4375], "texture": "#0"},
				"east": {"uv": [16, 0, 15.5625, 0.4375], "texture": "#0"},
				"south": {"uv": [16, 0, 15.625, 0.4375], "texture": "#0"},
				"west": {"uv": [16, 0, 15.5625, 0.4375], "texture": "#0"},
				"up": {"uv": [16, 0, 15.625, 0.4375], "texture": "#0"},
				"down": {"uv": [16, 0, 15.625, 0.4375], "texture": "#0"}
			}
		},
		{
			"from": [8.5, 2.67208, 8],
			"to": [4.5, -1.32792, 4],
			"rotation": {"angle": -45, "axis": "x", "origin": [12.5, 2.67208, 8]},
			"faces": {
				"north": {"uv": [16, 0, 15.5, 0.5], "texture": "#0"},
				"east": {"uv": [16, 0, 15.5, 0.5], "texture": "#0"},
				"south": {"uv": [16, 0, 15.5, 0.5], "texture": "#0"},
				"west": {"uv": [16, 0, 15.5, 0.5], "texture": "#0"},
				"up": {"uv": [16, 0, 15.5, 0.5], "texture": "#0"},
				"down": {"uv": [16, 0, 15.5, 0.5], "texture": "#0"}
			}
		},
		{
			"from": [11.5, 2.67208, 8],
			"to": [7.5, -1.32792, 4],
			"rotation": {"angle": -45, "axis": "x", "origin": [3.5, 2.67208, 8]},
			"faces": {
				"north": {"uv": [15.5, 0, 16, 0.5], "texture": "#0"},
				"east": {"uv": [15.5, 0, 16, 0.5], "texture": "#0"},
				"south": {"uv": [15.5, 0, 16, 0.5], "texture": "#0"},
				"west": {"uv": [15.5, 0, 16, 0.5], "texture": "#0"},
				"up": {"uv": [15.5, 0, 16, 0.5], "texture": "#0"},
				"down": {"uv": [15.5, 0, 16, 0.5], "texture": "#0"}
			}
		},
		{
			"from": [8, -4.5, 15],
			"to": [8, 3.5, 22],
			"rotation": {"angle": 22.5, "axis": "y", "origin": [8, 1.5, 15.5]},
			"faces": {
				"north": {"uv": [0, 0, 0, 11], "texture": "#missing"},
				"east": {"uv": [6.6875, 1, 7.5625, 0], "texture": "#0"},
				"south": {"uv": [0, 0, 0, 11], "texture": "#missing"},
				"west": {"uv": [7.5625, 1, 6.6875, 0], "texture": "#0"},
				"up": {"uv": [0, 0, 0, 7], "texture": "#missing"},
				"down": {"uv": [0, 7, 0, 0], "texture": "#missing"}
			}
		},
		{
			"from": [8.2, 16, 8],
			"to": [8.2, 28, 14],
			"rotation": {"angle": 22.5, "axis": "x", "origin": [13.7, 16, 3]},
			"faces": {
				"north": {"uv": [0, 0, 0, 3], "texture": "#missing"},
				"east": {"uv": [0, 0, 6, 12], "texture": "#2"},
				"south": {"uv": [0, 0, 0, 3], "texture": "#missing"},
				"west": {"uv": [6, 0, 0, 12], "texture": "#2"},
				"up": {"uv": [0, 1.5, 0, 0], "texture": "#missing"},
				"down": {"uv": [0, 0, 0, 1.5], "texture": "#missing"}
			}
		},
		{
			"from": [7.2, -0.5, 4],
			"to": [7.2, 11.5, 10],
			"rotation": {"angle": -22.5, "axis": "x", "origin": [1.7, -0.5, -1]},
			"faces": {
				"north": {"uv": [0, 0, 0, 3], "texture": "#missing"},
				"east": {"uv": [0, 0, 6, 12], "texture": "#2"},
				"south": {"uv": [0, 0, 0, 3], "texture": "#missing"},
				"west": {"uv": [6, 0, 0, 12], "texture": "#2"},
				"up": {"uv": [0, 1.5, 0, 0], "texture": "#missing"},
				"down": {"uv": [0, 0, 0, 1.5], "texture": "#missing"}
			}
		},
		{
			"from": [8, -4.5, -6],
			"to": [8, 3.5, 1],
			"rotation": {"angle": -22.5, "axis": "y", "origin": [8, 1.5, 0.5]},
			"faces": {
				"north": {"uv": [0, 0, 0, 11], "texture": "#missing"},
				"east": {"uv": [7.5625, 1, 6.6875, 0], "texture": "#0"},
				"south": {"uv": [0, 0, 0, 11], "texture": "#missing"},
				"west": {"uv": [6.6875, 1, 7.5625, 0], "texture": "#0"},
				"up": {"uv": [0, 7, 0, 0], "texture": "#missing"},
				"down": {"uv": [0, 0, 0, 7], "texture": "#missing"}
			}
		},
		{
			"from": [8, -4.5, -6],
			"to": [8, 3.5, 1],
			"rotation": {"angle": 22.5, "axis": "y", "origin": [8, 1.5, 0.5]},
			"faces": {
				"north": {"uv": [0, 0, 0, 11], "texture": "#missing"},
				"east": {"uv": [7.5625, 1, 6.6875, 0], "texture": "#0"},
				"south": {"uv": [0, 0, 0, 11], "texture": "#missing"},
				"west": {"uv": [6.6875, 1, 7.5625, 0], "texture": "#0"},
				"up": {"uv": [0, 7, 0, 0], "texture": "#missing"},
				"down": {"uv": [0, 0, 0, 7], "texture": "#missing"}
			}
		},
		{
			"from": [8.1, -11.5, -11],
			"to": [8.1, 7.5, 4],
			"rotation": {"angle": 0, "axis": "y", "origin": [8.1, -0.5, 1.5]},
			"faces": {
				"north": {"uv": [0, 0, 0, 11], "texture": "#missing"},
				"east": {"uv": [6.625, 2.125, 4.75, 0], "texture": "#0"},
				"south": {"uv": [0, 0, 0, 11], "texture": "#missing"},
				"west": {"uv": [4.75, 2.125, 6.625, 0], "texture": "#0"},
				"up": {"uv": [0, 7, 0, 0], "texture": "#missing"},
				"down": {"uv": [0, 0, 0, 7], "texture": "#missing"}
			}
		},
		{
			"from": [8.5, -7.5, -9],
			"to": [8.5, 9.5, 6],
			"rotation": {"angle": -22.5, "axis": "y", "origin": [8.5, 2.5, 3.5]},
			"faces": {
				"north": {"uv": [0, 0, 0, 11], "texture": "#missing"},
				"east": {"uv": [6.6875, 0, 4.8125, 2.125], "texture": "#0"},
				"south": {"uv": [0, 0, 0, 11], "texture": "#missing"},
				"west": {"uv": [4.8125, 0, 6.6875, 2.125], "texture": "#0"},
				"up": {"uv": [0, 7, 0, 0], "texture": "#missing"},
				"down": {"uv": [0, 0, 0, 7], "texture": "#missing"}
			}
		},
		{
			"from": [8, 12.5, 3.5],
			"to": [8, 20, 6.5],
			"rotation": {"angle": 0, "axis": "y", "origin": [8, 12.5, 5]},
			"faces": {
				"north": {"uv": [0, 0, 0, 14], "texture": "#missing"},
				"east": {"uv": [6.125, 2.25, 5.75, 3.1875], "texture": "#0"},
				"south": {"uv": [0, 0, 0, 14], "texture": "#missing"},
				"west": {"uv": [6.125, 2.25, 5.75, 3.1875], "texture": "#0"},
				"up": {"uv": [0, 0, 0, 6], "texture": "#missing"},
				"down": {"uv": [0, 0, 0, 6], "texture": "#missing"}
			}
		},
		{
			"from": [8, 12.5, 9.5],
			"to": [8, 20, 12.5],
			"rotation": {"angle": 0, "axis": "y", "origin": [8, 12.5, 11]},
			"faces": {
				"north": {"uv": [0, 0, 0, 14], "texture": "#missing"},
				"east": {"uv": [5.3125, 2.25, 5.6875, 3.1875], "texture": "#0"},
				"south": {"uv": [0, 0, 0, 14], "texture": "#missing"},
				"west": {"uv": [5.6875, 2.25, 5.3125, 3.1875], "texture": "#0"},
				"up": {"uv": [0, 6, 0, 0], "texture": "#missing"},
				"down": {"uv": [0, 6, 0, 0], "texture": "#missing"}
			}
		},
		{
			"from": [8, 7, 3],
			"to": [8, 14, 6],
			"rotation": {"angle": -22.5, "axis": "x", "origin": [8, 7.5, 4.5]},
			"faces": {
				"north": {"uv": [0, 0, 0, 14], "texture": "#missing"},
				"east": {"uv": [5.3125, 2.25, 4.9375, 3.125], "texture": "#0"},
				"south": {"uv": [0, 0, 0, 14], "texture": "#missing"},
				"west": {"uv": [4.9375, 2.25, 5.3125, 3.125], "texture": "#0"},
				"up": {"uv": [0, 0, 0, 6], "texture": "#missing"},
				"down": {"uv": [0, 0, 0, 6], "texture": "#missing"}
			}
		},
		{
			"from": [8, 7, 10],
			"to": [8, 14, 13],
			"rotation": {"angle": 22.5, "axis": "x", "origin": [8, 7.5, 11.5]},
			"faces": {
				"north": {"uv": [0, 0, 0, 14], "texture": "#missing"},
				"east": {"uv": [4.9375, 2.25, 5.3125, 3.125], "texture": "#0"},
				"south": {"uv": [0, 0, 0, 14], "texture": "#missing"},
				"west": {"uv": [5.3125, 2.25, 4.9375, 3.125], "texture": "#0"},
				"up": {"uv": [0, 6, 0, 0], "texture": "#missing"},
				"down": {"uv": [0, 6, 0, 0], "texture": "#missing"}
			}
		},
		{
			"from": [8, 15, -5],
			"to": [8, 23, 3],
			"rotation": {"angle": -22.5, "axis": "y", "origin": [8, 19, -1]},
			"faces": {
				"north": {"uv": [0, 0, 0, 16], "texture": "#1"},
				"east": {"uv": [16, 0, 0, 16], "texture": "#1"},
				"south": {"uv": [0, 0, 0, 16], "texture": "#1"},
				"west": {"uv": [0, 0, 16, 16], "texture": "#1"},
				"up": {"uv": [0, 16, 0, 0], "texture": "#1"},
				"down": {"uv": [0, 0, 0, 16], "texture": "#1"}
			}
		},
		{
			"from": [8, 15, -5],
			"to": [8, 23, 3],
			"rotation": {"angle": 22.5, "axis": "y", "origin": [8, 19, -1]},
			"faces": {
				"north": {"uv": [0, 0, 0, 16], "texture": "#1"},
				"east": {"uv": [16, 0, 0, 16], "texture": "#1"},
				"south": {"uv": [0, 0, 0, 16], "texture": "#1"},
				"west": {"uv": [0, 0, 16, 16], "texture": "#1"},
				"up": {"uv": [0, 16, 0, 0], "texture": "#1"},
				"down": {"uv": [0, 0, 0, 16], "texture": "#1"}
			}
		},
		{
			"from": [8, 5, 14],
			"to": [8, 13, 22],
			"rotation": {"angle": -22.5, "axis": "y", "origin": [8, 9, 18]},
			"faces": {
				"north": {"uv": [0, 0, 0, 16], "texture": "#1"},
				"east": {"uv": [16, 0, 0, 16], "texture": "#1"},
				"south": {"uv": [0, 0, 0, 16], "texture": "#1"},
				"west": {"uv": [0, 0, 16, 16], "texture": "#1"},
				"up": {"uv": [0, 16, 0, 0], "texture": "#1"},
				"down": {"uv": [0, 0, 0, 16], "texture": "#1"}
			}
		},
		{
			"from": [8, 5, 14],
			"to": [8, 13, 22],
			"rotation": {"angle": 22.5, "axis": "y", "origin": [8, 9, 18]},
			"faces": {
				"north": {"uv": [0, 0, 0, 16], "texture": "#1"},
				"east": {"uv": [16, 0, 0, 16], "texture": "#1"},
				"south": {"uv": [0, 0, 0, 16], "texture": "#1"},
				"west": {"uv": [0, 0, 16, 16], "texture": "#1"},
				"up": {"uv": [0, 16, 0, 0], "texture": "#1"},
				"down": {"uv": [0, 0, 0, 16], "texture": "#1"}
			}
		},
		{
			"from": [7.5, -8.5, 15.25],
			"to": [7.5, -1.5, 20.75],
			"rotation": {"angle": 0, "axis": "y", "origin": [7.5, -5, 18]},
			"faces": {
				"north": {"uv": [0, 0, 0, 56], "texture": "#missing"},
				"east": {"uv": [5.5, 4, 0, 11], "texture": "#3"},
				"south": {"uv": [0, 0, 0, 56], "texture": "#missing"},
				"west": {"uv": [0, 4, 5.5, 11], "texture": "#3"},
				"up": {"uv": [0, 44, 0, 0], "texture": "#missing"},
				"down": {"uv": [0, 0, 0, 44], "texture": "#missing"}
			}
		},
		{
			"from": [7.5, -8.5, -4.75],
			"to": [7.5, -1.5, 0.75],
			"rotation": {"angle": 0, "axis": "y", "origin": [7.5, -5, -2]},
			"faces": {
				"north": {"uv": [0, 0, 0, 56], "texture": "#missing"},
				"east": {"uv": [0, 4, 5.5, 11], "texture": "#3"},
				"south": {"uv": [0, 0, 0, 56], "texture": "#missing"},
				"west": {"uv": [5.5, 4, 0, 11], "texture": "#3"},
				"up": {"uv": [0, 0, 0, 44], "texture": "#missing"},
				"down": {"uv": [0, 44, 0, 0], "texture": "#missing"}
			}
		},
		{
			"from": [8.5, -8.5, -4.75],
			"to": [8.5, -1.5, 0.75],
			"rotation": {"angle": 0, "axis": "y", "origin": [8.5, -5, -2]},
			"faces": {
				"north": {"uv": [0, 0, 0, 56], "texture": "#missing"},
				"east": {"uv": [0, 4, 5.5, 11], "texture": "#3"},
				"south": {"uv": [0, 0, 0, 56], "texture": "#missing"},
				"west": {"uv": [5.5, 4, 0, 11], "texture": "#3"},
				"up": {"uv": [0, 0, 0, 44], "texture": "#missing"},
				"down": {"uv": [0, 44, 0, 0], "texture": "#missing"}
			}
		},
		{
			"from": [8.5, -8.5, 15.25],
			"to": [8.5, -1.5, 20.75],
			"rotation": {"angle": 0, "axis": "y", "origin": [8.5, -5, 18]},
			"faces": {
				"north": {"uv": [0, 0, 0, 56], "texture": "#missing"},
				"east": {"uv": [5.5, 4, 0, 11], "texture": "#3"},
				"south": {"uv": [0, 0, 0, 56], "texture": "#missing"},
				"west": {"uv": [0, 4, 5.5, 11], "texture": "#3"},
				"up": {"uv": [0, 44, 0, 0], "texture": "#missing"},
				"down": {"uv": [0, 0, 0, 44], "texture": "#missing"}
			}
		}
	],
	"gui_light": "front",
	"display": {
		"thirdperson_righthand": {
			"translation": [0, 8.75, 1.75],
			"scale": [0.65, 0.65, 0.65]
		},
		"thirdperson_lefthand": {
			"translation": [0, 8.75, 1.75],
			"scale": [0.65, 0.65, 0.65]
		},
		"firstperson_righthand": {
			"rotation": [-10, 7, 2],
			"translation": [5, 6.25, -4.25],
			"scale": [0.49453, 0.49453, 0.49453]
		},
		"firstperson_lefthand": {
			"rotation": [-10, 7, 2],
			"translation": [5, 6.25, -4.25],
			"scale": [0.49453, 0.49453, 0.49453]
		},
		"ground": {
			"rotation": [0, 0, 90],
			"translation": [-5.25, 9, 0],
			"scale": [0.6, 0.6, 0.6]
		},
		"gui": {
			"rotation": [-90, -135, -90],
			"translation": [-0.25, 0.25, -1.5],
			"scale": [0.41211, 0.41211, 0.41211]
		},
		"head": {
			"scale": [0, 0, 0]
		},
		"fixed": {
			"rotation": [-90, -90, -90],
			"translation": [0, 16, -2.75],
			"scale": [1.5, 1.5, 1.5]
		}
	}
}