{
	"format_version": "1.21.6",
	"credit": "Made with Blockbench",
	"texture_size": [128, 128],
	"textures": {
		"0": "skins:item/ice_angel/ice_angel_texture",
		"3": "skins:item/ice_angel/ice_angle_animation3",
		"particle": "skins:item/ice_angel/ice_angel_texture"
	},
	"elements": [
		{
			"from": [13.9, -1, 3],
			"to": [13.9, 18, 18],
			"rotation": {"angle": 45, "axis": "y", "origin": [14.32403, 7.75, 9.75]},
			"faces": {
				"north": {"uv": [0, 0, 0, 11], "texture": "#missing"},
				"east": {"uv": [4.75, 2.125, 6.625, 0], "texture": "#0"},
				"south": {"uv": [0, 0, 0, 11], "texture": "#missing"},
				"west": {"uv": [6.625, 2.125, 4.75, 0], "texture": "#0"},
				"up": {"uv": [0, 0, 0, 7], "texture": "#missing"},
				"down": {"uv": [0, 7, 0, 0], "texture": "#missing"}
			}
		},
		{
			"from": [10.69742, 6, 8.80564],
			"to": [17.69742, 14, 8.80564],
			"rotation": {"angle": -22.5, "axis": "y", "origin": [14.32403, 7.75, 9.75]},
			"faces": {
				"north": {"uv": [6.6875, 1, 7.5625, 0], "texture": "#0"},
				"east": {"uv": [0, 0, 0, 11], "texture": "#missing"},
				"south": {"uv": [7.5625, 1, 6.6875, 0], "texture": "#0"},
				"west": {"uv": [0, 0, 0, 11], "texture": "#missing"},
				"up": {"uv": [0, 7, 0, 0], "rotation": 90, "texture": "#missing"},
				"down": {"uv": [0, 0, 0, 7], "rotation": 270, "texture": "#missing"}
			}
		},
		{
			"from": [14.5, 2, 6.25],
			"to": [14.5, 9, 11.75],
			"rotation": {"angle": 45, "axis": "y", "origin": [14.32403, 7.75, 9.75]},
			"faces": {
				"north": {"uv": [0, 0, 0, 56], "texture": "#missing"},
				"east": {"uv": [5.5, 4, 0, 11], "texture": "#3"},
				"south": {"uv": [0, 0, 0, 56], "texture": "#missing"},
				"west": {"uv": [0, 4, 5.5, 11], "texture": "#3"},
				"up": {"uv": [0, 44, 0, 0], "texture": "#missing"},
				"down": {"uv": [0, 0, 0, 44], "texture": "#missing"}
			}
		},
		{
			"from": [2.1, -1, 3],
			"to": [2.1, 18, 18],
			"rotation": {"angle": -45, "axis": "y", "origin": [1.67597, 7.75, 9.75]},
			"faces": {
				"north": {"uv": [0, 0, 0, 11], "texture": "#missing"},
				"east": {"uv": [4.75, 2.125, 6.625, 0], "texture": "#0"},
				"south": {"uv": [0, 0, 0, 11], "texture": "#missing"},
				"west": {"uv": [6.625, 2.125, 4.75, 0], "texture": "#0"},
				"up": {"uv": [0, 0, 0, 7], "texture": "#missing"},
				"down": {"uv": [0, 7, 0, 0], "texture": "#missing"}
			}
		},
		{
			"from": [-1.69742, 6, 8.80564],
			"to": [5.30258, 14, 8.80564],
			"rotation": {"angle": 22.5, "axis": "y", "origin": [1.67597, 7.75, 9.75]},
			"faces": {
				"north": {"uv": [7.5625, 1, 6.6875, 0], "texture": "#0"},
				"east": {"uv": [0, 0, 0, 11], "texture": "#missing"},
				"south": {"uv": [6.6875, 1, 7.5625, 0], "texture": "#0"},
				"west": {"uv": [0, 0, 0, 11], "texture": "#missing"},
				"up": {"uv": [0, 0, 0, 7], "rotation": 90, "texture": "#missing"},
				"down": {"uv": [0, 7, 0, 0], "rotation": 270, "texture": "#missing"}
			}
		},
		{
			"from": [-9.32403, 7, 12.57403],
			"to": [-3.82403, 14, 12.57403],
			"rotation": {"angle": 22.5, "axis": "y", "origin": [-7.32403, 12.75, 12.75]},
			"faces": {
				"north": {"uv": [5.5, 4, 0, 11], "texture": "#3"},
				"east": {"uv": [0, 0, 0, 56], "texture": "#missing"},
				"south": {"uv": [0, 4, 5.5, 11], "texture": "#3"},
				"west": {"uv": [0, 0, 0, 56], "texture": "#missing"},
				"up": {"uv": [0, 44, 0, 0], "rotation": 90, "texture": "#missing"},
				"down": {"uv": [0, 0, 0, 44], "rotation": 270, "texture": "#missing"}
			}
		},
		{
			"from": [19.82403, 7, 12.57403],
			"to": [25.32403, 14, 12.57403],
			"rotation": {"angle": -22.5, "axis": "y", "origin": [23.32403, 12.75, 12.75]},
			"faces": {
				"north": {"uv": [0, 4, 5.5, 11], "texture": "#3"},
				"east": {"uv": [0, 0, 0, 56], "texture": "#missing"},
				"south": {"uv": [5.5, 4, 0, 11], "texture": "#3"},
				"west": {"uv": [0, 0, 0, 56], "texture": "#missing"},
				"up": {"uv": [0, 0, 0, 44], "rotation": 90, "texture": "#missing"},
				"down": {"uv": [0, 44, 0, 0], "rotation": 270, "texture": "#missing"}
			}
		},
		{
			"from": [1.5, 2, 6.25],
			"to": [1.5, 9, 11.75],
			"rotation": {"angle": -45, "axis": "y", "origin": [1.67597, 7.75, 9.75]},
			"faces": {
				"north": {"uv": [0, 0, 0, 56], "texture": "#missing"},
				"east": {"uv": [5.5, 4, 0, 11], "texture": "#3"},
				"south": {"uv": [0, 0, 0, 56], "texture": "#missing"},
				"west": {"uv": [0, 4, 5.5, 11], "texture": "#3"},
				"up": {"uv": [0, 44, 0, 0], "texture": "#missing"},
				"down": {"uv": [0, 0, 0, 44], "texture": "#missing"}
			}
		},
		{
			"from": [6, 8.5, 5.5],
			"to": [11, 13.5, 7.5],
			"rotation": {"angle": -45, "axis": "z", "origin": [8, 11.5, 6]},
			"faces": {
				"north": {"uv": [2.4375, 2.125, 3.0625, 2.75], "rotation": 90, "texture": "#0"},
				"east": {"uv": [2.4375, 2.875, 3.0625, 3.125], "rotation": 90, "texture": "#0"},
				"south": {"uv": [2.4375, 2.75, 3.0625, 2.125], "rotation": 90, "texture": "#0"},
				"west": {"uv": [6.1875, 9.1875, 5.5625, 9.4375], "rotation": 90, "texture": "#0"},
				"up": {"uv": [5.5625, 9.1875, 6.1875, 9.4375], "rotation": 180, "texture": "#0"},
				"down": {"uv": [2.4375, 2.875, 3.0625, 3.125], "texture": "#0"}
			}
		},
		{
			"from": [6.5, 10.5, 6],
			"to": [8.5, 12.5, 8],
			"rotation": {"angle": -45, "axis": "z", "origin": [8, 11, 6]},
			"faces": {
				"north": {"uv": [3.5, 0.6875, 3.75, 0.9375], "rotation": 90, "texture": "#0"},
				"east": {"uv": [3.4375, 0.9375, 3.6875, 1.5625], "rotation": 90, "texture": "#0"},
				"south": {"uv": [3.5, 0.9375, 3.75, 0.6875], "rotation": 90, "texture": "#0"},
				"west": {"uv": [3.4375, 1.5625, 3.6875, 2.1875], "rotation": 90, "texture": "#0"},
				"up": {"uv": [3.6875, 1.5625, 3.4375, 2.1875], "rotation": 180, "texture": "#0"},
				"down": {"uv": [3.4375, 0.9375, 3.6875, 1.5625], "texture": "#0"}
			}
		},
		{
			"from": [6.5, 10.5, 5],
			"to": [8.5, 12.5, 7],
			"rotation": {"angle": -45, "axis": "z", "origin": [8, 11, 7]},
			"faces": {
				"north": {"uv": [3.5, 0.6875, 3.75, 0.9375], "rotation": 90, "texture": "#0"},
				"east": {"uv": [3.4375, 1.5625, 3.6875, 0.9375], "rotation": 90, "texture": "#0"},
				"south": {"uv": [3.5, 0.9375, 3.75, 0.6875], "rotation": 90, "texture": "#0"},
				"west": {"uv": [3.4375, 2.1875, 3.6875, 1.5625], "rotation": 90, "texture": "#0"},
				"up": {"uv": [3.6875, 2.1875, 3.4375, 1.5625], "rotation": 180, "texture": "#0"},
				"down": {"uv": [3.4375, 1.5625, 3.6875, 0.9375], "texture": "#0"}
			}
		},
		{
			"from": [7, 9.5, 6.75],
			"to": [9.5, 12, 8.25],
			"rotation": {"angle": -45, "axis": "z", "origin": [8, 11, 6]},
			"faces": {
				"north": {"uv": [3.125, 1.8125, 3.4375, 2.125], "rotation": 90, "texture": "#0"},
				"east": {"uv": [3.125, 2.125, 3.4375, 2.3125], "rotation": 90, "texture": "#0"},
				"south": {"uv": [3.125, 2.125, 3.4375, 1.8125], "rotation": 90, "texture": "#0"},
				"west": {"uv": [3.5, 0, 3.8125, 0.1875], "rotation": 90, "texture": "#0"},
				"up": {"uv": [3.8125, 0, 3.5, 0.1875], "rotation": 180, "texture": "#0"},
				"down": {"uv": [3.125, 2.125, 3.4375, 2.3125], "texture": "#0"}
			}
		},
		{
			"from": [7, 9.5, 4.75],
			"to": [9.5, 12, 6.25],
			"rotation": {"angle": -45, "axis": "z", "origin": [8, 11, 7]},
			"faces": {
				"north": {"uv": [3.125, 1.8125, 3.4375, 2.125], "rotation": 90, "texture": "#0"},
				"east": {"uv": [3.125, 2.3125, 3.4375, 2.125], "rotation": 90, "texture": "#0"},
				"south": {"uv": [3.125, 2.125, 3.4375, 1.8125], "rotation": 90, "texture": "#0"},
				"west": {"uv": [3.5, 0.1875, 3.8125, 0], "rotation": 90, "texture": "#0"},
				"up": {"uv": [3.8125, 0.1875, 3.5, 0], "rotation": 180, "texture": "#0"},
				"down": {"uv": [3.125, 2.3125, 3.4375, 2.125], "texture": "#0"}
			}
		},
		{
			"from": [12, 13.67208, 8.5],
			"to": [8, 9.67208, 4.5],
			"rotation": {"angle": -45, "axis": "z", "origin": [8, 13.67208, 0.5]},
			"faces": {
				"north": {"uv": [15.5, 0, 16, 0.5], "texture": "#0"},
				"east": {"uv": [15.5, 0, 16, 0.5], "texture": "#0"},
				"south": {"uv": [15.5, 0, 16, 0.5], "texture": "#0"},
				"west": {"uv": [15.5, 0, 16, 0.5], "texture": "#0"},
				"up": {"uv": [15.5, 0, 16, 0.5], "rotation": 90, "texture": "#0"},
				"down": {"uv": [15.5, 0, 16, 0.5], "rotation": 270, "texture": "#0"}
			}
		},
		{
			"from": [-12, 8, 9.6],
			"to": [5.5, 25, 9.6],
			"rotation": {"angle": 22.5, "axis": "y", "origin": [-3.25, 16.5, 9.6]},
			"faces": {
				"north": {"uv": [16, 10.375, 13.8125, 12.5], "texture": "#0"},
				"east": {"uv": [0, 0, 0, 11], "texture": "#missing"},
				"south": {"uv": [13.8125, 10.375, 16, 12.5], "texture": "#0"},
				"west": {"uv": [0, 0, 0, 11], "texture": "#missing"},
				"up": {"uv": [0, 0, 0, 7], "rotation": 90, "texture": "#missing"},
				"down": {"uv": [0, 7, 0, 0], "rotation": 270, "texture": "#missing"}
			}
		},
		{
			"from": [10.5, 8, 9.6],
			"to": [28, 25, 9.6],
			"rotation": {"angle": -22.5, "axis": "y", "origin": [19.25, 16.5, 9.6]},
			"faces": {
				"north": {"uv": [13.8125, 10.375, 16, 12.5], "texture": "#0"},
				"east": {"uv": [0, 0, 0, 11], "texture": "#missing"},
				"south": {"uv": [16, 10.375, 13.8125, 12.5], "texture": "#0"},
				"west": {"uv": [0, 0, 0, 11], "texture": "#missing"},
				"up": {"uv": [0, 7, 0, 0], "rotation": 90, "texture": "#missing"},
				"down": {"uv": [0, 0, 0, 7], "rotation": 270, "texture": "#missing"}
			}
		}
	],
	"gui_light": "front",
	"display": {
		"thirdperson_righthand": {
			"rotation": [75, 45, 0],
			"translation": [0, 0.25, -0.75],
			"scale": [0.28906, 0.28906, 0.28906]
		},
		"thirdperson_lefthand": {
			"rotation": [68, 0, 0],
			"translation": [-6, -7.25, 5]
		},
		"firstperson_righthand": {
			"translation": [4, 1, 0],
			"scale": [0.46328, 0.46328, 0.46328]
		},
		"firstperson_lefthand": {
			"scale": [0, 0, 0]
		},
		"ground": {
			"translation": [0, 9, 0],
			"scale": [0.6, 0.6, 0.6]
		},
		"gui": {
			"rotation": [14, 166, 0],
			"translation": [-0.5, -2.5, -1.5],
			"scale": [0.41602, 0.41602, 0.41602]
		},
		"head": {
			"translation": [0, -56, 8],
			"scale": [1.8, 1.8, 1.8]
		},
		"fixed": {
			"rotation": [0, -180, 0],
			"translation": [0, -7, -6.75],
			"scale": [2.4, 2.4, 2.4]
		}
	}
}