{
	"format_version": "1.21.6",
	"credit": "Made with Blockbench",
	"texture_size": [128, 128],
	"textures": {
		"0": "skins:item/amethyst/nether_star_texture",
		"2": "skins:item/amethyst/nether_star_animation1",
		"4": "skins:item/amethyst/nether_star_animation3",
		"particle": "skins:item/amethyst/nether_star_texture"
	},
	"elements": [
		{
			"from": [7, 3.5, 7],
			"to": [9, 12, 9],
			"rotation": {"angle": -45, "axis": "y", "origin": [8, 7, 8]},
			"faces": {
				"north": {"uv": [3.5625, 3.25, 3.8125, 4.3125], "texture": "#0"},
				"east": {"uv": [3.3125, 3.25, 3.5625, 4.3125], "texture": "#0"},
				"south": {"uv": [3.5625, 3.25, 3.3125, 4.3125], "texture": "#0"},
				"west": {"uv": [3.8125, 3.25, 3.5625, 4.3125], "texture": "#0"},
				"up": {"uv": [3.5625, 4.9375, 3.8125, 4.6875], "texture": "#0"},
				"down": {"uv": [3.5625, 4.9375, 3.8125, 4.6875], "texture": "#0"}
			}
		},
		{
			"from": [7.75, -8.5, 14],
			"to": [8.25, 8, 14.5],
			"rotation": {"angle": 0, "axis": "y", "origin": [8, -8.25, 14.25]},
			"faces": {
				"north": {"uv": [7.125, 6.5625, 7.1875, 4.5], "texture": "#0"},
				"east": {"uv": [7.125, 6.5625, 7.1875, 4.5], "texture": "#0"},
				"south": {"uv": [7.125, 6.5625, 7.1875, 4.5], "texture": "#0"},
				"west": {"uv": [7.125, 6.5625, 7.1875, 4.5], "texture": "#0"},
				"up": {"uv": [7.125, 6.5625, 7.1875, 4.5], "texture": "#0"},
				"down": {"uv": [7.125, 6.5625, 7.1875, 4.5], "texture": "#0"}
			}
		},
		{
			"from": [7.75, 8, 14],
			"to": [8.25, 24.5, 14.5],
			"rotation": {"angle": 0, "axis": "y", "origin": [8, 24.25, 14.25]},
			"faces": {
				"north": {"uv": [7.125, 4.5, 7.1875, 6.5625], "texture": "#0"},
				"east": {"uv": [7.125, 4.5, 7.1875, 6.5625], "texture": "#0"},
				"south": {"uv": [7.125, 4.5, 7.1875, 6.5625], "texture": "#0"},
				"west": {"uv": [7.125, 4.5, 7.1875, 6.5625], "texture": "#0"},
				"up": {"uv": [7.125, 4.5, 7.1875, 6.5625], "texture": "#0"},
				"down": {"uv": [7.125, 4.5, 7.1875, 6.5625], "texture": "#0"}
			}
		},
		{
			"from": [6.2, 12.03417, 7.76583],
			"to": [9.8, 21.03417, 11.26583],
			"rotation": {"angle": 22.5, "axis": "x", "origin": [8.4, 21.06168, 11.28682]},
			"faces": {
				"north": {"uv": [3.3125, 8.625, 2.1875, 9.0625], "rotation": 90, "texture": "#0"},
				"east": {"uv": [3.3125, 8.625, 2.1875, 8.1875], "rotation": 90, "texture": "#0"},
				"south": {"uv": [3.3125, 9.0625, 2.1875, 9.5], "rotation": 90, "texture": "#0"},
				"west": {"uv": [3.3125, 8.1875, 2.1875, 8.625], "rotation": 90, "texture": "#0"},
				"up": {"uv": [2.1875, 9.5, 2.625, 9.9375], "rotation": 90, "texture": "#0"},
				"down": {"uv": [3.0625, 9.5, 2.625, 9.9375], "rotation": 90, "texture": "#0"}
			}
		},
		{
			"from": [7, 14, 7.2],
			"to": [9, 22, 9.2],
			"rotation": {"angle": 45, "axis": "x", "origin": [0, 16, 16.5]},
			"faces": {
				"north": {"uv": [3.5625, 9.1875, 3.8125, 8.1875], "texture": "#0"},
				"east": {"uv": [3.5625, 9.1875, 3.3125, 8.1875], "texture": "#0"},
				"south": {"uv": [3.8125, 9.1875, 4.0625, 8.1875], "texture": "#0"},
				"west": {"uv": [3.3125, 9.1875, 3.5625, 8.1875], "texture": "#0"},
				"up": {"uv": [3.8125, 8.4375, 4.0625, 8.1875], "texture": "#0"},
				"down": {"uv": [3.8125, 8.4375, 4.0625, 8.1875], "texture": "#0"}
			}
		},
		{
			"from": [6.5, 12, 6.5],
			"to": [9.5, 14, 9.5],
			"rotation": {"angle": -45, "axis": "y", "origin": [8, 12.75, 8]},
			"faces": {
				"north": {"uv": [5.1875, 8.0625, 4.9375, 7.6875], "rotation": 270, "texture": "#0"},
				"east": {"uv": [4.9375, 8.0625, 4.6875, 7.6875], "rotation": 270, "texture": "#0"},
				"south": {"uv": [4.9375, 7.6875, 4.6875, 8.0625], "rotation": 270, "texture": "#0"},
				"west": {"uv": [5.1875, 7.6875, 4.9375, 8.0625], "rotation": 270, "texture": "#0"},
				"up": {"uv": [2.5625, 10, 2.1875, 10.375], "rotation": 270, "texture": "#0"},
				"down": {"uv": [2.1875, 10, 1.8125, 10.375], "rotation": 270, "texture": "#0"}
			}
		},
		{
			"from": [6.5, 2, 6.5],
			"to": [9.5, 4, 9.5],
			"rotation": {"angle": -45, "axis": "y", "origin": [8, 3.25, 8]},
			"faces": {
				"north": {"uv": [4.9375, 7.6875, 5.1875, 8.0625], "rotation": 270, "texture": "#0"},
				"east": {"uv": [4.6875, 8.0625, 4.9375, 7.6875], "rotation": 270, "texture": "#0"},
				"south": {"uv": [4.6875, 7.6875, 4.9375, 8.0625], "rotation": 270, "texture": "#0"},
				"west": {"uv": [4.9375, 7.6875, 5.1875, 8.0625], "rotation": 270, "texture": "#0"},
				"up": {"uv": [1.8125, 10, 2.1875, 10.375], "rotation": 270, "texture": "#0"},
				"down": {"uv": [2.1875, 10, 2.5625, 10.375], "rotation": 270, "texture": "#0"}
			}
		},
		{
			"from": [6.5, 24.2, 18.5],
			"to": [9.5, 28.7, 21],
			"rotation": {"angle": -22.5, "axis": "x", "origin": [0, 13.9, 16.5]},
			"faces": {
				"north": {"uv": [4.625, 8.875, 4.0625, 9.25], "rotation": 270, "texture": "#0"},
				"east": {"uv": [4.625, 8.5, 4.0625, 8.1875], "rotation": 270, "texture": "#0"},
				"south": {"uv": [4.625, 8.5, 4.0625, 8.875], "rotation": 270, "texture": "#0"},
				"west": {"uv": [4.625, 8.1875, 4.0625, 8.5], "rotation": 270, "texture": "#0"},
				"up": {"uv": [1.8125, 9.1875, 1.5, 9.5625], "rotation": 270, "texture": "#0"},
				"down": {"uv": [1.8125, 9.1875, 1.5, 9.5625], "rotation": 270, "texture": "#0"}
			}
		},
		{
			"from": [6.51, 27.91714, 12.93889],
			"to": [9.49, 29.71714, 14.73889],
			"rotation": {"angle": 22.5, "axis": "x", "origin": [8, 28.81714, 13.83889]},
			"faces": {
				"north": {"uv": [1.75, 9.8125, 1.5, 10.1875], "rotation": 270, "texture": "#0"},
				"east": {"uv": [1.75, 9.8125, 1.5, 9.5625], "rotation": 270, "texture": "#0"},
				"south": {"uv": [3.3125, 9.5, 3.0625, 9.875], "rotation": 270, "texture": "#0"},
				"west": {"uv": [1.75, 9.5625, 1.5, 9.8125], "rotation": 270, "texture": "#0"},
				"up": {"uv": [0.25, 10.125, 0, 10.5], "rotation": 270, "texture": "#0"},
				"down": {"uv": [3.3125, 9.5, 3.0625, 9.875], "rotation": 270, "texture": "#0"}
			}
		},
		{
			"from": [6.5, -13.71714, 12.93889],
			"to": [9.5, -11.91714, 14.73889],
			"rotation": {"angle": -22.5, "axis": "x", "origin": [8, -12.81714, 13.83889]},
			"faces": {
				"north": {"uv": [1.5, 9.8125, 1.75, 10.1875], "rotation": 270, "texture": "#0"},
				"east": {"uv": [1.5, 9.5625, 1.75, 9.8125], "rotation": 270, "texture": "#0"},
				"south": {"uv": [3.0625, 9.5, 3.3125, 9.875], "rotation": 270, "texture": "#0"},
				"west": {"uv": [1.5, 9.5625, 1.75, 9.8125], "rotation": 270, "texture": "#0"},
				"up": {"uv": [3.0625, 9.5, 3.3125, 9.875], "rotation": 270, "texture": "#0"},
				"down": {"uv": [1.5, 9.8125, 1.75, 10.1875], "rotation": 270, "texture": "#0"}
			}
		},
		{
			"from": [6.5, -12.7, 18.5],
			"to": [9.5, -8.2, 21],
			"rotation": {"angle": 22.5, "axis": "x", "origin": [0, 2.1, 16.5]},
			"faces": {
				"north": {"uv": [4.0625, 8.875, 4.625, 9.25], "rotation": 270, "texture": "#0"},
				"east": {"uv": [4.0625, 8.1875, 4.625, 8.5], "rotation": 270, "texture": "#0"},
				"south": {"uv": [4.0625, 8.5, 4.625, 8.875], "rotation": 270, "texture": "#0"},
				"west": {"uv": [4.0625, 8.1875, 4.625, 8.5], "rotation": 270, "texture": "#0"},
				"up": {"uv": [1.5, 9.1875, 1.8125, 9.5625], "rotation": 270, "texture": "#0"},
				"down": {"uv": [1.5, 9.1875, 1.8125, 9.5625], "rotation": 270, "texture": "#0"}
			}
		},
		{
			"from": [7, -6, 7.2],
			"to": [9, 2, 9.2],
			"rotation": {"angle": -45, "axis": "x", "origin": [0, 0, 16.5]},
			"faces": {
				"north": {"uv": [3.5625, 8.1875, 3.8125, 9.1875], "texture": "#0"},
				"east": {"uv": [3.3125, 8.1875, 3.5625, 9.1875], "texture": "#0"},
				"south": {"uv": [3.8125, 8.1875, 4.0625, 9.1875], "texture": "#0"},
				"west": {"uv": [3.3125, 8.1875, 3.5625, 9.1875], "texture": "#0"},
				"up": {"uv": [3.8125, 8.1875, 4.0625, 8.4375], "texture": "#0"},
				"down": {"uv": [3.8125, 8.1875, 4.0625, 8.4375], "texture": "#0"}
			}
		},
		{
			"from": [6.15, -5.03417, 7.76583],
			"to": [9.65, 3.96583, 11.26583],
			"rotation": {"angle": -22.5, "axis": "x", "origin": [8.4, -5.06168, 11.28682]},
			"faces": {
				"north": {"uv": [2.1875, 8.625, 3.3125, 9.0625], "rotation": 90, "texture": "#0"},
				"east": {"uv": [2.1875, 8.1875, 3.3125, 8.625], "rotation": 90, "texture": "#0"},
				"south": {"uv": [2.1875, 9.0625, 3.3125, 9.5], "rotation": 90, "texture": "#0"},
				"west": {"uv": [2.1875, 8.1875, 3.3125, 8.625], "rotation": 90, "texture": "#0"},
				"up": {"uv": [2.625, 9.5, 3.0625, 9.9375], "rotation": 90, "texture": "#0"},
				"down": {"uv": [2.1875, 9.5, 2.625, 9.9375], "rotation": 90, "texture": "#0"}
			}
		},
		{
			"from": [6.99, 18.40856, 7.17224],
			"to": [9.01, 20.60856, 9.27224],
			"rotation": {"angle": -45, "axis": "x", "origin": [8, 19.23926, 4.57869]},
			"faces": {
				"north": {"uv": [3.4375, 2, 3.6875, 2.25], "rotation": 180, "texture": "#0"},
				"east": {"uv": [3.4375, 1.75, 3.6875, 2], "rotation": 180, "texture": "#0"},
				"south": {"uv": [3.4375, 2, 3.6875, 2.25], "rotation": 180, "texture": "#0"},
				"west": {"uv": [3.6875, 1.75, 3.4375, 2], "rotation": 180, "texture": "#0"},
				"up": {"uv": [2.0625, 2.0625, 2.3125, 2.3125], "rotation": 90, "texture": "#0"},
				"down": {"uv": [2.0625, 2.0625, 2.3125, 2.3125], "rotation": 90, "texture": "#0"}
			}
		},
		{
			"from": [7, 16.5, 5.5],
			"to": [9, 22, 8.5],
			"rotation": {"angle": 0, "axis": "y", "origin": [8, 19.23926, 4.57869]},
			"faces": {
				"north": {"uv": [3.875, 0.6875, 3.625, 1.375], "texture": "#0"},
				"east": {"uv": [4, 0, 3.625, 0.6875], "texture": "#0"},
				"south": {"uv": [3.875, 0.6875, 3.625, 1.375], "texture": "#0"},
				"west": {"uv": [4, 0, 3.625, 0.6875], "texture": "#0"},
				"up": {"uv": [3.6875, 1.375, 3.4375, 1.75], "texture": "#0"},
				"down": {"uv": [3.6875, 1.375, 3.4375, 1.75], "texture": "#0"}
			}
		},
		{
			"from": [6.76, 19.28293, 2.92742],
			"to": [9.24, 21.38293, 5.02742],
			"rotation": {"angle": 0, "axis": "y", "origin": [8, 19.23926, 4.57869]},
			"faces": {
				"north": {"uv": [2.4375, 2.3125, 2.75, 2.5625], "rotation": 180, "texture": "#0"},
				"east": {"uv": [3.4375, 1.125, 3.1875, 1.375], "rotation": 180, "texture": "#0"},
				"south": {"uv": [2.4375, 2.3125, 2.75, 2.5625], "rotation": 180, "texture": "#0"},
				"west": {"uv": [3.1875, 1.125, 3.4375, 1.375], "rotation": 180, "texture": "#0"},
				"up": {"uv": [2.75, 2.3125, 3.0625, 2.5625], "rotation": 180, "texture": "#0"},
				"down": {"uv": [2.75, 2.3125, 3.0625, 2.5625], "rotation": 180, "texture": "#0"}
			}
		},
		{
			"from": [6.26, 17.69835, 0.70454],
			"to": [9.74, 19.79835, 2.80454],
			"rotation": {"angle": -22.5, "axis": "x", "origin": [8, 19.23926, 4.57869]},
			"faces": {
				"north": {"uv": [3.0625, 0.875, 3.5, 1.125], "rotation": 180, "texture": "#0"},
				"east": {"uv": [3.0625, 0.875, 2.8125, 1.125], "rotation": 180, "texture": "#0"},
				"south": {"uv": [3.0625, 0.875, 3.5, 1.125], "rotation": 180, "texture": "#0"},
				"west": {"uv": [2.8125, 0.875, 3.0625, 1.125], "rotation": 180, "texture": "#0"},
				"up": {"uv": [2.4375, 1.25, 2.875, 1.5], "rotation": 180, "texture": "#0"},
				"down": {"uv": [2.4375, 1.25, 2.875, 1.5], "rotation": 180, "texture": "#0"}
			}
		},
		{
			"from": [6.75, 15.96705, 3.42688],
			"to": [9.25, 20.46705, 6.42688],
			"rotation": {"angle": -45, "axis": "x", "origin": [8, 19.23926, 4.57869]},
			"faces": {
				"north": {"uv": [2.8125, 1.5, 3.125, 2.0625], "texture": "#0"},
				"east": {"uv": [2.4375, 1.5, 2.8125, 2.0625], "texture": "#0"},
				"south": {"uv": [3.125, 1.5, 3.4375, 2.0625], "texture": "#0"},
				"west": {"uv": [2.8125, 1.5, 2.4375, 2.0625], "texture": "#0"},
				"up": {"uv": [2.875, 1.125, 3.1875, 1.5], "texture": "#0"},
				"down": {"uv": [2.875, 1.125, 3.1875, 1.5], "texture": "#0"}
			}
		},
		{
			"from": [6.25, 15.39517, 2.89955],
			"to": [9.75, 18.39517, 9.39955],
			"rotation": {"angle": 22.5, "axis": "x", "origin": [8, 19.23926, 4.57869]},
			"faces": {
				"north": {"uv": [2.4375, 0.8125, 2.8125, 1.25], "rotation": 270, "texture": "#0"},
				"east": {"uv": [2.4375, 0.8125, 2.8125, 0], "rotation": 270, "texture": "#0"},
				"south": {"uv": [2.4375, 0.8125, 2.8125, 1.25], "rotation": 270, "texture": "#0"},
				"west": {"uv": [2.4375, 0, 2.8125, 0.8125], "rotation": 270, "texture": "#0"},
				"up": {"uv": [2.8125, 0, 3.625, 0.4375], "rotation": 270, "texture": "#0"},
				"down": {"uv": [2.8125, 0.4375, 3.625, 0.875], "rotation": 270, "texture": "#0"}
			}
		},
		{
			"from": [6.99, -4.60856, 7.17224],
			"to": [9.01, -2.40856, 9.27224],
			"rotation": {"angle": 45, "axis": "x", "origin": [8, -3.23926, 4.57869]},
			"faces": {
				"north": {"uv": [3.4375, 2.25, 3.6875, 2], "rotation": 180, "texture": "#0"},
				"east": {"uv": [3.4375, 2, 3.6875, 1.75], "rotation": 180, "texture": "#0"},
				"south": {"uv": [3.4375, 2.25, 3.6875, 2], "rotation": 180, "texture": "#0"},
				"west": {"uv": [3.6875, 2, 3.4375, 1.75], "rotation": 180, "texture": "#0"},
				"up": {"uv": [2.3125, 2.0625, 2.0625, 2.3125], "rotation": 90, "texture": "#0"},
				"down": {"uv": [2.3125, 2.0625, 2.0625, 2.3125], "rotation": 90, "texture": "#0"}
			}
		},
		{
			"from": [7, -6, 5.5],
			"to": [9, -0.5, 8.5],
			"rotation": {"angle": 0, "axis": "y", "origin": [8, -3.23926, 4.57869]},
			"faces": {
				"north": {"uv": [3.875, 1.375, 3.625, 0.6875], "texture": "#0"},
				"east": {"uv": [4, 0.6875, 3.625, 0], "texture": "#0"},
				"south": {"uv": [3.875, 1.375, 3.625, 0.6875], "texture": "#0"},
				"west": {"uv": [4, 0.6875, 3.625, 0], "texture": "#0"},
				"up": {"uv": [3.6875, 1.75, 3.4375, 1.375], "texture": "#0"},
				"down": {"uv": [3.6875, 1.75, 3.4375, 1.375], "texture": "#0"}
			}
		},
		{
			"from": [6.76, -5.38293, 2.92742],
			"to": [9.24, -3.28293, 5.02742],
			"rotation": {"angle": 0, "axis": "y", "origin": [8, -3.23926, 4.57869]},
			"faces": {
				"north": {"uv": [2.4375, 2.5625, 2.75, 2.3125], "rotation": 180, "texture": "#0"},
				"east": {"uv": [3.4375, 1.375, 3.1875, 1.125], "rotation": 180, "texture": "#0"},
				"south": {"uv": [2.4375, 2.5625, 2.75, 2.3125], "rotation": 180, "texture": "#0"},
				"west": {"uv": [3.1875, 1.375, 3.4375, 1.125], "rotation": 180, "texture": "#0"},
				"up": {"uv": [2.75, 2.5625, 3.0625, 2.3125], "rotation": 180, "texture": "#0"},
				"down": {"uv": [2.75, 2.5625, 3.0625, 2.3125], "rotation": 180, "texture": "#0"}
			}
		},
		{
			"from": [6.75, -4.46705, 3.42688],
			"to": [9.25, 0.03295, 6.42688],
			"rotation": {"angle": 45, "axis": "x", "origin": [8, -3.23926, 4.57869]},
			"faces": {
				"north": {"uv": [2.8125, 2.0625, 3.125, 1.5], "texture": "#0"},
				"east": {"uv": [2.4375, 2.0625, 2.8125, 1.5], "texture": "#0"},
				"south": {"uv": [3.125, 2.0625, 3.4375, 1.5], "texture": "#0"},
				"west": {"uv": [2.8125, 2.0625, 2.4375, 1.5], "texture": "#0"},
				"up": {"uv": [2.875, 1.5, 3.1875, 1.125], "texture": "#0"},
				"down": {"uv": [2.875, 1.5, 3.1875, 1.125], "texture": "#0"}
			}
		},
		{
			"from": [6.25, -2.39517, 2.89955],
			"to": [9.75, 0.60483, 9.39955],
			"rotation": {"angle": -22.5, "axis": "x", "origin": [8, -3.23926, 4.57869]},
			"faces": {
				"north": {"uv": [2.8125, 0.8125, 2.4375, 1.25], "rotation": 270, "texture": "#0"},
				"east": {"uv": [2.8125, 0.8125, 2.4375, 0], "rotation": 270, "texture": "#0"},
				"south": {"uv": [2.8125, 0.8125, 2.4375, 1.25], "rotation": 270, "texture": "#0"},
				"west": {"uv": [2.8125, 0, 2.4375, 0.8125], "rotation": 270, "texture": "#0"},
				"up": {"uv": [3.625, 0.4375, 2.8125, 0.875], "rotation": 270, "texture": "#0"},
				"down": {"uv": [3.625, 0, 2.8125, 0.4375], "rotation": 270, "texture": "#0"}
			}
		},
		{
			"from": [6.26, -3.79835, 0.70454],
			"to": [9.74, -1.69835, 2.80454],
			"rotation": {"angle": 22.5, "axis": "x", "origin": [8, -3.23926, 4.57869]},
			"faces": {
				"north": {"uv": [3.0625, 1.125, 3.5, 0.875], "rotation": 180, "texture": "#0"},
				"east": {"uv": [3.0625, 1.125, 2.8125, 0.875], "rotation": 180, "texture": "#0"},
				"south": {"uv": [3.0625, 1.125, 3.5, 0.875], "rotation": 180, "texture": "#0"},
				"west": {"uv": [2.8125, 1.125, 3.0625, 0.875], "rotation": 180, "texture": "#0"},
				"up": {"uv": [2.4375, 1.5, 2.875, 1.25], "rotation": 180, "texture": "#0"},
				"down": {"uv": [2.4375, 1.5, 2.875, 1.25], "rotation": 180, "texture": "#0"}
			}
		},
		{
			"from": [8, 8, -9],
			"to": [8, 32, 13],
			"rotation": {"angle": 0, "axis": "y", "origin": [6, 14, -6]},
			"faces": {
				"north": {"uv": [0, 0, 0, 12], "texture": "#4"},
				"east": {"uv": [11, 0, 0, 12], "texture": "#4"},
				"south": {"uv": [0, 0, 0, 12], "texture": "#4"},
				"west": {"uv": [0, 0, 11, 12], "texture": "#4"},
				"up": {"uv": [0, 11, 0, 0], "texture": "#4"},
				"down": {"uv": [0, 0, 0, 11], "texture": "#4"}
			}
		},
		{
			"from": [8, -16, 8],
			"to": [8, 8, 30],
			"rotation": {"angle": 0, "axis": "y", "origin": [6, -10, 11]},
			"faces": {
				"north": {"uv": [0, 0, 0, 12], "texture": "#4"},
				"east": {"uv": [11, 0, 0, 12], "texture": "#4"},
				"south": {"uv": [0, 0, 0, 12], "texture": "#4"},
				"west": {"uv": [0, 0, 11, 12], "texture": "#4"},
				"up": {"uv": [0, 11, 0, 0], "texture": "#4"},
				"down": {"uv": [0, 0, 0, 11], "texture": "#4"}
			}
		},
		{
			"from": [1.1, -0.5, 1.9],
			"to": [17.1, 16.5, 1.9],
			"rotation": {"angle": 0, "axis": "y", "origin": [9.1, 7.95, 1.9]},
			"faces": {
				"north": {"uv": [0, 0, 16, 16], "texture": "#2"},
				"east": {"uv": [0, 0, 0, 16], "texture": "#2"},
				"south": {"uv": [16, 0, 0, 16], "texture": "#2"},
				"west": {"uv": [0, 0, 0, 16], "texture": "#2"},
				"up": {"uv": [0, 8, 0, 0], "rotation": 90, "texture": "#2"},
				"down": {"uv": [0, 0, 0, 8], "rotation": 270, "texture": "#2"}
			}
		},
		{
			"from": [1.1, -0.5, 2],
			"to": [17.1, 16.5, 2],
			"rotation": {"angle": 0, "axis": "y", "origin": [9.1, 7.95, 2]},
			"faces": {
				"north": {"uv": [0, 0, 16, 16], "texture": "#2"},
				"east": {"uv": [0, 0, 0, 16], "texture": "#2"},
				"south": {"uv": [16, 0, 0, 16], "texture": "#2"},
				"west": {"uv": [0, 0, 0, 16], "texture": "#2"},
				"up": {"uv": [0, 8, 0, 0], "rotation": 90, "texture": "#2"},
				"down": {"uv": [0, 0, 0, 8], "rotation": 270, "texture": "#2"}
			}
		},
		{
			"from": [8, 3, -16],
			"to": [8, 13, 14.5],
			"rotation": {"angle": -22.5, "axis": "z", "origin": [8, 8, -0.75]},
			"faces": {
				"north": {"uv": [0, 6.25, 0.0625, 8.4375], "rotation": 90, "texture": "#missing"},
				"east": {"uv": [12.8125, 0, 14.0625, 3.8125], "rotation": 270, "texture": "#0"},
				"south": {"uv": [0, 6.25, 0.0625, 8.4375], "rotation": 270, "texture": "#missing"},
				"west": {"uv": [12.8125, 3.8125, 14.0625, 0], "rotation": 270, "texture": "#0"},
				"up": {"uv": [0, 6.25, 0.0625, 8.4375], "rotation": 270, "texture": "#missing"},
				"down": {"uv": [0, 6.25, 0.0625, 8.4375], "rotation": 270, "texture": "#missing"}
			}
		},
		{
			"from": [8, 3, -16],
			"to": [8, 13, 14.5],
			"rotation": {"angle": 22.5, "axis": "z", "origin": [8, 8, -0.75]},
			"faces": {
				"north": {"uv": [0, 6.25, 0.0625, 8.4375], "rotation": 90, "texture": "#missing"},
				"east": {"uv": [12.8125, 0, 14.0625, 3.8125], "rotation": 270, "texture": "#0"},
				"south": {"uv": [0, 6.25, 0.0625, 8.4375], "rotation": 270, "texture": "#missing"},
				"west": {"uv": [12.8125, 3.8125, 14.0625, 0], "rotation": 270, "texture": "#0"},
				"up": {"uv": [0, 6.25, 0.0625, 8.4375], "rotation": 270, "texture": "#missing"},
				"down": {"uv": [0, 6.25, 0.0625, 8.4375], "rotation": 270, "texture": "#missing"}
			}
		},
		{
			"from": [12.05, 13, 2.85],
			"to": [17.55, 18.5, 2.85],
			"rotation": {"angle": -22.5, "axis": "y", "origin": [14.8, 15.75, 3]},
			"faces": {
				"north": {"uv": [5.25, 0, 6.0625, 0.8125], "texture": "#0"},
				"east": {"uv": [0, 0, 0, 36], "texture": "#missing"},
				"south": {"uv": [5.25, 0, 6.0625, 0.8125], "texture": "#0"},
				"west": {"uv": [0, 0, 0, 36], "texture": "#missing"},
				"up": {"uv": [0, 0, 0, 36], "rotation": 270, "texture": "#missing"},
				"down": {"uv": [0, 0, 0, 36], "rotation": 90, "texture": "#missing"}
			}
		},
		{
			"from": [-0.55, -3, 2.85],
			"to": [4.95, 2.5, 2.85],
			"rotation": {"angle": 22.5, "axis": "y", "origin": [2.2, -0.25, 3]},
			"faces": {
				"north": {"uv": [6.0625, 0, 5.25, 0.8125], "texture": "#0"},
				"east": {"uv": [0, 0, 0, 36], "texture": "#missing"},
				"south": {"uv": [6.0625, 0, 5.25, 0.8125], "texture": "#0"},
				"west": {"uv": [0, 0, 0, 36], "texture": "#missing"},
				"up": {"uv": [0, 0, 0, 36], "rotation": 90, "texture": "#missing"},
				"down": {"uv": [0, 0, 0, 36], "rotation": 270, "texture": "#missing"}
			}
		}
	],
	"gui_light": "front",
	"display": {
		"thirdperson_righthand": {
			"rotation": [0, -3, 0],
			"translation": [0, -2, 1],
			"scale": [0.6, 0.6, 0.6]
		},
		"thirdperson_lefthand": {
			"rotation": [0, -3, 0],
			"translation": [0, -2, 1],
			"scale": [0.6, 0.6, 0.6]
		},
		"firstperson_righthand": {
			"rotation": [16, -9.23, -9],
			"translation": [9, 8.5, -5.75],
			"scale": [0.52, 0.52, 0.52]
		},
		"firstperson_lefthand": {
			"rotation": [16, -9.23, -9],
			"translation": [9, 8.5, -5.75],
			"scale": [0.52, 0.52, 0.52]
		},
		"ground": {
			"rotation": [0, 0, 90],
			"translation": [0.25, 9, -2.5],
			"scale": [0.6, 0.6, 0.6]
		},
		"gui": {
			"rotation": [-57, 135, 71],
			"translation": [-1.5, 1.25, -1.5],
			"scale": [0.4375, 0.4375, 0.4375]
		},
		"head": {
			"scale": [0, 0, 0]
		},
		"fixed": {
			"rotation": [-90, -90, -90],
			"translation": [4.25, 0, -3],
			"scale": [1.4, 1.4, 1.4]
		}
	}
}