{
	"format_version": "1.21.6",
	"credit": "Made with Blockbench",
	"texture_size": [128, 128],
	"textures": {
		"0": "skins:item/amethyst/nether_star_texture",
		"3": "skins:item/amethyst/nether_star_animation2",
		"4": "skins:item/amethyst/nether_star_animation3",
		"particle": "skins:item/amethyst/nether_star_texture"
	},
	"elements": [
		{
			"from": [-13.61926, -3, -0.66141],
			"to": [8.38074, 21, -0.66141],
			"rotation": {"angle": 45, "axis": "y", "origin": [9, -4.77678, 0.66815]},
			"faces": {
				"north": {"uv": [11, 0, 0, 12], "texture": "#4"},
				"east": {"uv": [0, 0, 0, 12], "texture": "#4"},
				"south": {"uv": [0, 0, 11, 12], "texture": "#4"},
				"west": {"uv": [0, 0, 0, 12], "texture": "#4"},
				"up": {"uv": [0, 0, 0, 11], "rotation": 90, "texture": "#4"},
				"down": {"uv": [0, 11, 0, 0], "rotation": 270, "texture": "#4"}
			}
		},
		{
			"from": [-12.32877, 0, -1.53821],
			"to": [4.67123, 18, -1.53821],
			"rotation": {"angle": 45, "axis": "y", "origin": [9, -4.77678, 0.66815]},
			"faces": {
				"north": {"uv": [8.8125, 0, 11.3125, 2.75], "texture": "#0"},
				"east": {"uv": [0, 0, 0, 2.625], "texture": "#missing"},
				"south": {"uv": [11.3125, 0, 8.8125, 2.75], "texture": "#0"},
				"west": {"uv": [0, 0, 0, 2.625], "texture": "#missing"},
				"up": {"uv": [0, 0, 2.25, 0], "texture": "#missing"},
				"down": {"uv": [0, 0, 2.25, 0], "texture": "#missing"}
			}
		},
		{
			"from": [11.32877, 0, -1.53821],
			"to": [28.32877, 18, -1.53821],
			"rotation": {"angle": -45, "axis": "y", "origin": [7, -4.77678, 0.66815]},
			"faces": {
				"north": {"uv": [11.3125, 0, 8.8125, 2.75], "texture": "#0"},
				"east": {"uv": [0, 0, 0, 2.625], "texture": "#missing"},
				"south": {"uv": [8.8125, 0, 11.3125, 2.75], "texture": "#0"},
				"west": {"uv": [0, 0, 0, 2.625], "texture": "#missing"},
				"up": {"uv": [2.25, 0, 0, 0], "texture": "#missing"},
				"down": {"uv": [2.25, 0, 0, 0], "texture": "#missing"}
			}
		},
		{
			"from": [7.61926, -3, -0.66141],
			"to": [29.61926, 21, -0.66141],
			"rotation": {"angle": -45, "axis": "y", "origin": [7, -4.77678, 0.66815]},
			"faces": {
				"north": {"uv": [0, 0, 11, 12], "texture": "#4"},
				"east": {"uv": [0, 0, 0, 12], "texture": "#4"},
				"south": {"uv": [11, 0, 0, 12], "texture": "#4"},
				"west": {"uv": [0, 0, 0, 12], "texture": "#4"},
				"up": {"uv": [0, 11, 0, 0], "rotation": 90, "texture": "#4"},
				"down": {"uv": [0, 0, 0, 11], "rotation": 270, "texture": "#4"}
			}
		},
		{
			"from": [21.54226, -14.81904, 2.25],
			"to": [21.54226, -14.81904, 4.75],
			"rotation": {"angle": -45, "axis": "z", "origin": [8, -4.77678, 4.66815]},
			"color": 6,
			"faces": {
				"north": {"uv": [32.5, 16.5, 30, 19], "texture": "#missing"},
				"east": {"uv": [32.5, 19, 30, 21.5], "texture": "#missing"},
				"south": {"uv": [30, 16.5, 32.5, 19], "texture": "#missing"},
				"west": {"uv": [32.5, 24, 30, 21.5], "texture": "#missing"},
				"up": {"uv": [32.5, 21.5, 30, 24], "rotation": 90, "texture": "#missing"},
				"down": {"uv": [32.5, 19, 30, 21.5], "rotation": 270, "texture": "#missing"}
			}
		},
		{
			"from": [4.75, 3.5, 1.49],
			"to": [11.25, 10, 1.49],
			"rotation": {"angle": 0, "axis": "y", "origin": [8, -4.77678, 4.66815]},
			"faces": {
				"north": {"uv": [5.25, 0, 6.0625, 0.8125], "texture": "#0"},
				"east": {"uv": [0, 0, 0, 13], "texture": "#3"},
				"south": {"uv": [6.0625, 0, 5.25, 0.8125], "texture": "#0"},
				"west": {"uv": [0, 0, 0, 13], "texture": "#3"},
				"up": {"uv": [0, 13, 0, 0], "rotation": 90, "texture": "#3"},
				"down": {"uv": [0, 0, 0, 13], "rotation": 270, "texture": "#3"}
			}
		},
		{
			"from": [13.40066, 0.62389, 1.45],
			"to": [18.90066, 6.12389, 1.45],
			"rotation": {"angle": 45, "axis": "z", "origin": [8, -4.77678, 4.66815]},
			"faces": {
				"north": {"uv": [5.3125, 0.9375, 6, 1.625], "texture": "#0"},
				"east": {"uv": [0, 0, 0, 36], "texture": "#missing"},
				"south": {"uv": [5.25, 0, 6.0625, 0.8125], "texture": "#0"},
				"west": {"uv": [0, 0, 0, 36], "texture": "#missing"},
				"up": {"uv": [0, 0, 0, 36], "rotation": 90, "texture": "#missing"},
				"down": {"uv": [0, 0, 0, 36], "rotation": 270, "texture": "#missing"}
			}
		},
		{
			"from": [13.40066, 0.62389, 1.5],
			"to": [18.90066, 6.12389, 5.5],
			"rotation": {"angle": 45, "axis": "z", "origin": [8, -4.77678, 4.66815]},
			"faces": {
				"north": {"uv": [4.5, 0, 5.1875, 0.6875], "texture": "#0"},
				"east": {"uv": [4.5, 0.6875, 5, 1.375], "texture": "#0"},
				"south": {"uv": [5.1875, 0, 4.5, 0.6875], "texture": "#0"},
				"west": {"uv": [4.5, 1.375, 5, 2.0625], "texture": "#0"},
				"up": {"uv": [4.5, 0.6875, 5, 1.375], "rotation": 90, "texture": "#0"},
				"down": {"uv": [4.5, 2.0625, 5, 1.375], "rotation": 270, "texture": "#0"}
			}
		},
		{
			"from": [13.40066, 0.62389, 1.5],
			"to": [18.90066, 6.12389, 5.5],
			"rotation": {"angle": 45, "axis": "z", "origin": [8, -4.77678, 4.66815]},
			"faces": {
				"north": {"uv": [4.5, 0, 5.1875, 0.6875], "texture": "#0"},
				"east": {"uv": [5, 0.6875, 4.5, 1.375], "texture": "#0"},
				"south": {"uv": [5.1875, 0, 4.5, 0.6875], "texture": "#0"},
				"west": {"uv": [5, 1.375, 4.5, 2.0625], "texture": "#0"},
				"up": {"uv": [5, 0.6875, 4.5, 1.375], "rotation": 90, "texture": "#0"},
				"down": {"uv": [5, 2.0625, 4.5, 1.375], "rotation": 270, "texture": "#0"}
			}
		},
		{
			"from": [17.86513, 5.15942, 1.45],
			"to": [14.36513, 1.65942, 0.45],
			"rotation": {"angle": 45, "axis": "z", "origin": [8, -4.77678, -0.33185]},
			"faces": {
				"north": {"uv": [16, 0, 15.5625, 0.4375], "texture": "#0"},
				"east": {"uv": [15.6875, 0, 15.5625, 0.4375], "texture": "#0"},
				"south": {"uv": [16, 0, 15.5625, 0.4375], "texture": "#0"},
				"west": {"uv": [15.6875, 0, 15.5625, 0.4375], "texture": "#0"},
				"up": {"uv": [15.6875, 0, 15.5625, 0.4375], "rotation": 90, "texture": "#0"},
				"down": {"uv": [15.6875, 0, 15.5625, 0.4375], "rotation": 270, "texture": "#0"}
			}
		},
		{
			"from": [2.67031, 7.48062, 2.51],
			"to": [3.67031, 11.48062, 4.49],
			"rotation": {"angle": -22.5, "axis": "z", "origin": [8, -4.77678, 4.66815]},
			"faces": {
				"north": {"uv": [3.6875, 2.1875, 4.1875, 2.3125], "rotation": 270, "texture": "#0"},
				"east": {"uv": [3.6875, 2.3125, 4.1875, 2.56], "rotation": 270, "texture": "#0"},
				"south": {"uv": [3.6875, 2.3125, 4.1875, 2.1875], "rotation": 270, "texture": "#0"},
				"west": {"uv": [3.6875, 2.3125, 4.1875, 2.56], "rotation": 270, "texture": "#0"},
				"up": {"uv": [4, 1.125, 3.875, 0.875], "texture": "#0"},
				"down": {"uv": [4, 1.125, 3.875, 0.875], "rotation": 180, "texture": "#0"}
			}
		},
		{
			"from": [12.51447, 7.40408, 2.51],
			"to": [13.51447, 11.40408, 4.49],
			"rotation": {"angle": 22.5, "axis": "z", "origin": [8, -4.77678, 4.66815]},
			"faces": {
				"north": {"uv": [3.6875, 1.9375, 4.1875, 1.8125], "rotation": 270, "texture": "#0"},
				"east": {"uv": [3.6875, 2.1875, 4.1875, 1.9375], "rotation": 270, "texture": "#0"},
				"south": {"uv": [3.6875, 1.8125, 4.1875, 1.9375], "rotation": 270, "texture": "#0"},
				"west": {"uv": [3.6875, 2.1875, 4.1875, 1.9375], "rotation": 270, "texture": "#0"},
				"up": {"uv": [3.875, 1.375, 4, 1.125], "texture": "#0"},
				"down": {"uv": [3.875, 1.375, 4, 1.125], "rotation": 180, "texture": "#0"}
			}
		},
		{
			"from": [18.36298, 5.44478, 2.5],
			"to": [21.36298, 8.44478, 4.5],
			"rotation": {"angle": 45, "axis": "z", "origin": [8, -4.77678, 4.66815]},
			"faces": {
				"north": {"uv": [4.375, 1.4375, 4, 1.0625], "texture": "#0"},
				"east": {"uv": [4.5, 2.0625, 4.25, 1.6875], "texture": "#0"},
				"south": {"uv": [4, 1.4375, 4.375, 1.0625], "texture": "#0"},
				"west": {"uv": [2.8125, 3.5, 2.5625, 3.125], "texture": "#0"},
				"up": {"uv": [4.25, 1.8125, 4, 1.4375], "rotation": 90, "texture": "#0"},
				"down": {"uv": [2.8125, 3.5, 2.5625, 3.125], "rotation": 270, "texture": "#0"}
			}
		},
		{
			"from": [7.11651, 8.53437, 2.59],
			"to": [9.31651, 10.63437, 4.61],
			"rotation": {"angle": -22.5, "axis": "z", "origin": [7, -4.77678, 4.66815]},
			"faces": {
				"north": {"uv": [3.6875, 1.75, 3.4375, 2], "rotation": 90, "texture": "#0"},
				"east": {"uv": [2.0625, 2.0625, 2.3125, 2.3125], "rotation": 270, "texture": "#0"},
				"south": {"uv": [3.4375, 1.75, 3.6875, 2], "rotation": 270, "texture": "#0"},
				"west": {"uv": [2.0625, 2.0625, 2.3125, 2.3125], "rotation": 90, "texture": "#0"},
				"up": {"uv": [3.4375, 2, 3.6875, 2.25], "rotation": 270, "texture": "#0"},
				"down": {"uv": [3.4375, 2, 3.6875, 2.25], "rotation": 270, "texture": "#0"}
			}
		},
		{
			"from": [12.509, 3.05324, 2.6],
			"to": [18.009, 6.05324, 4.6],
			"rotation": {"angle": 22.5, "axis": "z", "origin": [7, -4.77678, 4.66815]},
			"faces": {
				"north": {"uv": [4, 0, 3.625, 0.6875], "rotation": 270, "texture": "#0"},
				"east": {"uv": [3.6875, 1.375, 3.4375, 1.75], "rotation": 180, "texture": "#0"},
				"south": {"uv": [4, 0, 3.625, 0.6875], "rotation": 90, "texture": "#0"},
				"west": {"uv": [3.6875, 1.375, 3.4375, 1.75], "texture": "#0"},
				"up": {"uv": [3.875, 0.6875, 3.625, 1.375], "rotation": 90, "texture": "#0"},
				"down": {"uv": [3.875, 0.6875, 3.625, 1.375], "rotation": 90, "texture": "#0"}
			}
		},
		{
			"from": [6.68349, 8.53437, 2.59],
			"to": [8.88349, 10.63437, 4.61],
			"rotation": {"angle": 22.5, "axis": "z", "origin": [9, -4.77678, 4.66815]},
			"faces": {
				"north": {"uv": [3.6875, 2, 3.4375, 1.75], "rotation": 90, "texture": "#0"},
				"east": {"uv": [2.0625, 2.3125, 2.3125, 2.0625], "rotation": 90, "texture": "#0"},
				"south": {"uv": [3.4375, 2, 3.6875, 1.75], "rotation": 270, "texture": "#0"},
				"west": {"uv": [2.0625, 2.3125, 2.3125, 2.0625], "rotation": 270, "texture": "#0"},
				"up": {"uv": [3.4375, 2.25, 3.6875, 2], "rotation": 270, "texture": "#0"},
				"down": {"uv": [3.4375, 2.25, 3.6875, 2], "rotation": 270, "texture": "#0"}
			}
		},
		{
			"from": [-2.009, 3.05324, 2.6],
			"to": [3.491, 6.05324, 4.6],
			"rotation": {"angle": -22.5, "axis": "z", "origin": [9, -4.77678, 4.66815]},
			"faces": {
				"north": {"uv": [4, 0.6875, 3.625, 0], "rotation": 270, "texture": "#0"},
				"east": {"uv": [3.4375, 1.375, 3.6875, 1.75], "texture": "#0"},
				"south": {"uv": [4, 0.6875, 3.625, 0], "rotation": 90, "texture": "#0"},
				"west": {"uv": [3.4375, 1.375, 3.6875, 1.75], "rotation": 180, "texture": "#0"},
				"up": {"uv": [3.875, 1.375, 3.625, 0.6875], "rotation": 90, "texture": "#0"},
				"down": {"uv": [3.875, 1.375, 3.625, 0.6875], "rotation": 90, "texture": "#0"}
			}
		},
		{
			"from": [-5.53344, 1.15081, 1.75],
			"to": [0.96656, 4.15081, 5.25],
			"rotation": {"angle": -45, "axis": "z", "origin": [8, -5.27678, 4.66815]},
			"faces": {
				"north": {"uv": [2.4375, 0.8125, 2.8125, 0], "rotation": 270, "texture": "#0"},
				"east": {"uv": [2.4375, 1.25, 2.8125, 0.8125], "rotation": 270, "texture": "#0"},
				"south": {"uv": [2.4375, 0, 2.8125, 0.8125], "rotation": 270, "texture": "#0"},
				"west": {"uv": [2.4375, 1.25, 2.8125, 0.8125], "rotation": 270, "texture": "#0"},
				"up": {"uv": [3.625, 0, 2.8125, 0.4375], "texture": "#0"},
				"down": {"uv": [3.625, 0.4375, 2.8125, 0.875], "rotation": 180, "texture": "#0"}
			}
		},
		{
			"from": [3.00677, 8.82774, 1.76],
			"to": [5.10677, 10.92774, 5.24],
			"rotation": {"angle": 0, "axis": "y", "origin": [8, -5.27678, 4.66815]},
			"faces": {
				"north": {"uv": [2.8125, 1.125, 3.0625, 0.875], "texture": "#0"},
				"east": {"uv": [3.0625, 1.125, 3.5, 0.875], "texture": "#0"},
				"south": {"uv": [3.0625, 1.125, 2.8125, 0.875], "texture": "#0"},
				"west": {"uv": [3.0625, 1.125, 3.5, 0.875], "texture": "#0"},
				"up": {"uv": [2.875, 1.25, 2.4375, 1.5], "rotation": 90, "texture": "#0"},
				"down": {"uv": [2.875, 1.25, 2.4375, 1.5], "rotation": 270, "texture": "#0"}
			}
		},
		{
			"from": [10.89323, 8.82774, 1.76],
			"to": [12.99323, 10.92774, 5.24],
			"rotation": {"angle": 0, "axis": "y", "origin": [8, -5.27678, 4.66815]},
			"faces": {
				"north": {"uv": [3.0625, 1.125, 2.8125, 0.875], "texture": "#0"},
				"east": {"uv": [3.5, 1.125, 3.0625, 0.875], "texture": "#0"},
				"south": {"uv": [2.8125, 1.125, 3.0625, 0.875], "texture": "#0"},
				"west": {"uv": [3.5, 1.125, 3.0625, 0.875], "texture": "#0"},
				"up": {"uv": [2.875, 1.5, 2.4375, 1.25], "rotation": 90, "texture": "#0"},
				"down": {"uv": [2.875, 1.5, 2.4375, 1.25], "rotation": 270, "texture": "#0"}
			}
		},
		{
			"from": [15.03344, 1.15081, 1.75],
			"to": [21.53344, 4.15081, 5.25],
			"rotation": {"angle": 45, "axis": "z", "origin": [8, -5.27678, 4.66815]},
			"faces": {
				"north": {"uv": [2.4375, 0, 2.8125, 0.8125], "rotation": 270, "texture": "#0"},
				"east": {"uv": [2.4375, 0.8125, 2.8125, 1.25], "rotation": 270, "texture": "#0"},
				"south": {"uv": [2.4375, 0.8125, 2.8125, 0], "rotation": 270, "texture": "#0"},
				"west": {"uv": [2.4375, 0.8125, 2.8125, 1.25], "rotation": 270, "texture": "#0"},
				"up": {"uv": [2.8125, 0, 3.625, 0.4375], "texture": "#0"},
				"down": {"uv": [2.8125, 0.4375, 3.625, 0.875], "rotation": 180, "texture": "#0"}
			}
		},
		{
			"from": [3.5, 6, 3],
			"to": [12.5, 9.5, 12],
			"rotation": {"angle": 0, "axis": "y", "origin": [10.5, -3, 12]},
			"faces": {
				"north": {"uv": [7.375, 14.4375, 8.5, 14.875], "texture": "#0"},
				"east": {"uv": [8.5, 14, 7.375, 14.4375], "texture": "#0"},
				"south": {"uv": [7.375, 14.4375, 8.5, 14.875], "texture": "#0"},
				"west": {"uv": [7.375, 14, 8.5, 14.4375], "texture": "#0"},
				"up": {"uv": [7.375, 14.875, 8.5, 16], "texture": "#0"},
				"down": {"uv": [3.8125, 13.875, 4.9375, 12.75], "texture": "#0"}
			}
		},
		{
			"from": [4, 8.5, 4],
			"to": [12, 12, 11],
			"rotation": {"angle": 22.5, "axis": "x", "origin": [8.5, 9.5, 5]},
			"faces": {
				"north": {"uv": [8.375, 13.125, 7.375, 13.5625], "texture": "#0"},
				"east": {"uv": [7.375, 13.5625, 8.25, 14], "texture": "#0"},
				"south": {"uv": [8.375, 13.125, 7.375, 13.5625], "texture": "#0"},
				"west": {"uv": [8.25, 13.5625, 7.375, 14], "texture": "#0"},
				"up": {"uv": [7.375, 12.5, 6.375, 13.375], "texture": "#0"},
				"down": {"uv": [7.375, 12.5, 6.375, 13.375], "texture": "#0"}
			}
		}
	],
	"gui_light": "front",
	"display": {
		"thirdperson_righthand": {
			"rotation": [75, 45, 0],
			"translation": [0, 2, 0],
			"scale": [0.29883, 0.29883, 0.29883]
		},
		"thirdperson_lefthand": {
			"rotation": [75, 45, 0],
			"translation": [0, 2, 0],
			"scale": [0.29883, 0.29883, 0.29883]
		},
		"firstperson_righthand": {
			"rotation": [0, 135, 0],
			"translation": [3, 3, 0],
			"scale": [0.4, 0.4, 0.4]
		},
		"firstperson_lefthand": {
			"rotation": [0, 135, 0],
			"translation": [3, 3, 0],
			"scale": [0.4, 0.4, 0.4]
		},
		"ground": {
			"translation": [0, 9, 1],
			"scale": [0.75, 0.75, 0.75]
		},
		"gui": {
			"rotation": [14, 166, 0],
			"translation": [-0.75, -2, -1.5],
			"scale": [0.53126, 0.53126, 0.53126]
		},
		"head": {
			"translation": [0, 4.5, 1.25],
			"scale": [1.5, 1.5, 1.5]
		},
		"fixed": {
			"rotation": [-90, 0, 0],
			"translation": [0, 4.25, -10.75],
			"scale": [2.1, 2.1, 2.1]
		}
	}
}