{
	"format_version": "1.21.6",
	"credit": "Made with Blockbench",
	"texture_size": [128, 128],
	"textures": {
		"0": "skins:item/amethyst/nether_star_texture",
		"3": "skins:item/amethyst/nether_star_animation2",
		"particle": "skins:item/amethyst/nether_star_texture"
	},
	"elements": [
		{
			"from": [7, -15, 7],
			"to": [9, 4.5, 9],
			"rotation": {"angle": 45, "axis": "y", "origin": [8, -9.5, 8]},
			"faces": {
				"north": {"uv": [3.8125, 2.5625, 4.0625, 5], "texture": "#0"},
				"east": {"uv": [3.8125, 2.5625, 4.0625, 5], "texture": "#0"},
				"south": {"uv": [4.0625, 2.5625, 4.3125, 5], "texture": "#0"},
				"west": {"uv": [4.0625, 2.5625, 4.3125, 5], "texture": "#0"},
				"up": {"uv": [3.8125, 2.5625, 4.0625, 5], "texture": "#0"},
				"down": {"uv": [3.8125, 2.5625, 4.0625, 5], "texture": "#0"}
			}
		},
		{
			"from": [6.75, 4.5, 6.75],
			"to": [9.25, 6.5, 9.25],
			"rotation": {"angle": 45, "axis": "y", "origin": [8, 1.5, 8]},
			"faces": {
				"north": {"uv": [3.375, 2.5625, 3.0625, 2.3125], "texture": "#0"},
				"east": {"uv": [3.375, 2.5625, 3.0625, 2.3125], "texture": "#0"},
				"south": {"uv": [3.375, 2.5625, 3.6875, 2.3125], "texture": "#0"},
				"west": {"uv": [3.6875, 2.5625, 3.375, 2.3125], "texture": "#0"},
				"up": {"uv": [4, 1.6875, 3.6875, 1.375], "texture": "#0"},
				"down": {"uv": [4, 1.6875, 3.6875, 1.375], "texture": "#0"}
			}
		},
		{
			"from": [6.75, 0.5, 6.75],
			"to": [9.25, 2.5, 9.25],
			"rotation": {"angle": 45, "axis": "y", "origin": [8, -2.5, 8]},
			"faces": {
				"north": {"uv": [4.5, 2.3125, 4.1875, 2.0625], "texture": "#0"},
				"east": {"uv": [4.5, 2.3125, 4.1875, 2.0625], "texture": "#0"},
				"south": {"uv": [4.5, 2.5625, 4.1875, 2.3125], "texture": "#0"},
				"west": {"uv": [4.5, 2.5625, 4.1875, 2.3125], "texture": "#0"},
				"up": {"uv": [4.8125, 2.375, 4.5, 2.0625], "texture": "#0"},
				"down": {"uv": [4.8125, 2.375, 4.5, 2.0625], "texture": "#0"}
			}
		},
		{
			"from": [6.75, 6.2, 5],
			"to": [9.25, 12.7, 8],
			"rotation": {"angle": -45, "axis": "x", "origin": [7.7, 9.81036, 6.5]},
			"faces": {
				"north": {"uv": [2.8125, 1.5, 3.125, 2.3125], "texture": "#0"},
				"east": {"uv": [2.4375, 1.5, 2.8125, 2.3125], "texture": "#0"},
				"south": {"uv": [3.125, 1.5, 3.4375, 2.3125], "texture": "#0"},
				"west": {"uv": [2.8125, 1.5, 2.4375, 2.3125], "texture": "#0"},
				"up": {"uv": [2.875, 1.125, 3.1875, 1.5], "texture": "#0"},
				"down": {"uv": [2.875, 1.125, 3.1875, 1.5], "texture": "#0"}
			}
		},
		{
			"from": [6.75, -10.08922, -7.30421],
			"to": [9.25, -10.08922, -7.30421],
			"rotation": {"angle": -45, "axis": "x", "origin": [8, 1.71499, 8]},
			"color": 6,
			"faces": {
				"north": {"uv": [32.5, 19, 30, 21.5], "texture": "#missing"},
				"east": {"uv": [30, 16.5, 32.5, 19], "texture": "#missing"},
				"south": {"uv": [32.5, 24, 30, 21.5], "texture": "#missing"},
				"west": {"uv": [32.5, 16.5, 30, 19], "texture": "#missing"},
				"up": {"uv": [32.5, 21.5, 30, 24], "texture": "#missing"},
				"down": {"uv": [32.5, 19, 30, 21.5], "texture": "#missing"}
			}
		},
		{
			"from": [6.76, 10.78293, 3.42742],
			"to": [9.24, 12.88293, 5.52742],
			"rotation": {"angle": 0, "axis": "y", "origin": [7.7, 9.81036, 6.5]},
			"faces": {
				"north": {"uv": [2.4375, 2.3125, 2.75, 2.5625], "rotation": 180, "texture": "#0"},
				"east": {"uv": [3.4375, 1.125, 3.1875, 1.375], "rotation": 180, "texture": "#0"},
				"south": {"uv": [2.4375, 2.3125, 2.75, 2.5625], "rotation": 180, "texture": "#0"},
				"west": {"uv": [3.1875, 1.125, 3.4375, 1.375], "rotation": 180, "texture": "#0"},
				"up": {"uv": [2.75, 2.3125, 3.0625, 2.5625], "rotation": 180, "texture": "#0"},
				"down": {"uv": [2.75, 2.3125, 3.0625, 2.5625], "rotation": 180, "texture": "#0"}
			}
		},
		{
			"from": [6.76, 10.78293, 10.47258],
			"to": [9.24, 12.88293, 12.57258],
			"rotation": {"angle": 0, "axis": "y", "origin": [7.7, 9.81036, 9.5]},
			"faces": {
				"north": {"uv": [2.75, 2.3125, 2.4375, 2.5625], "rotation": 180, "texture": "#0"},
				"east": {"uv": [3.1875, 1.125, 3.4375, 1.375], "rotation": 180, "texture": "#0"},
				"south": {"uv": [2.75, 2.3125, 2.4375, 2.5625], "rotation": 180, "texture": "#0"},
				"west": {"uv": [3.4375, 1.125, 3.1875, 1.375], "rotation": 180, "texture": "#0"},
				"up": {"uv": [2.75, 2.5625, 3.0625, 2.3125], "rotation": 180, "texture": "#0"},
				"down": {"uv": [2.75, 2.5625, 3.0625, 2.3125], "rotation": 180, "texture": "#0"}
			}
		},
		{
			"from": [6.75, 6.2, 8],
			"to": [9.25, 12.7, 11],
			"rotation": {"angle": 45, "axis": "x", "origin": [7.7, 9.81036, 9.5]},
			"faces": {
				"north": {"uv": [3.4375, 1.5, 3.125, 2.3125], "texture": "#0"},
				"east": {"uv": [2.8125, 1.5, 2.4375, 2.3125], "texture": "#0"},
				"south": {"uv": [3.125, 1.5, 2.8125, 2.3125], "texture": "#0"},
				"west": {"uv": [2.4375, 1.5, 2.8125, 2.3125], "texture": "#0"},
				"up": {"uv": [2.875, 1.5, 3.1875, 1.125], "texture": "#0"},
				"down": {"uv": [2.875, 1.5, 3.1875, 1.125], "texture": "#0"}
			}
		},
		{
			"from": [6.25, 7.11036, 1.91036],
			"to": [9.75, 10.11036, 8.41036],
			"rotation": {"angle": 0, "axis": "y", "origin": [8.2, 8.61036, 4.8]},
			"faces": {
				"north": {"uv": [2.4375, 0.8125, 2.8125, 1.25], "rotation": 270, "texture": "#0"},
				"east": {"uv": [2.4375, 0.8125, 2.8125, 0], "rotation": 270, "texture": "#0"},
				"south": {"uv": [2.4375, 0.8125, 2.8125, 1.25], "rotation": 270, "texture": "#0"},
				"west": {"uv": [2.4375, 0, 2.8125, 0.8125], "rotation": 270, "texture": "#0"},
				"up": {"uv": [2.8125, 0, 3.625, 0.4375], "rotation": 270, "texture": "#0"},
				"down": {"uv": [2.8125, 0.4375, 3.625, 0.875], "rotation": 270, "texture": "#0"}
			}
		},
		{
			"from": [6.26, 5.53778, 1.72743],
			"to": [9.74, 7.63778, 3.82743],
			"rotation": {"angle": 45, "axis": "x", "origin": [8.2, 8.61036, 4.8]},
			"faces": {
				"north": {"uv": [2.4375, 1.25, 2.875, 1.5], "texture": "#0"},
				"east": {"uv": [3.0625, 0.875, 2.8125, 1.125], "rotation": 270, "texture": "#0"},
				"south": {"uv": [2.4375, 1.25, 2.875, 1.5], "rotation": 180, "texture": "#0"},
				"west": {"uv": [2.8125, 0.875, 3.0625, 1.125], "rotation": 90, "texture": "#0"},
				"up": {"uv": [3.0625, 0.875, 3.5, 1.125], "rotation": 180, "texture": "#0"},
				"down": {"uv": [3.0625, 0.875, 3.5, 1.125], "texture": "#0"}
			}
		},
		{
			"from": [6.25, 7.11036, 7.58964],
			"to": [9.75, 10.11036, 14.08964],
			"rotation": {"angle": 0, "axis": "y", "origin": [8.2, 8.61036, 11.2]},
			"faces": {
				"north": {"uv": [2.4375, 1.25, 2.8125, 0.8125], "rotation": 270, "texture": "#0"},
				"east": {"uv": [2.4375, 0, 2.8125, 0.8125], "rotation": 270, "texture": "#0"},
				"south": {"uv": [2.4375, 1.25, 2.8125, 0.8125], "rotation": 270, "texture": "#0"},
				"west": {"uv": [2.4375, 0.8125, 2.8125, 0], "rotation": 270, "texture": "#0"},
				"up": {"uv": [3.625, 0, 2.8125, 0.4375], "rotation": 270, "texture": "#0"},
				"down": {"uv": [3.625, 0.4375, 2.8125, 0.875], "rotation": 270, "texture": "#0"}
			}
		},
		{
			"from": [6.26, 9.58293, 12.17258],
			"to": [9.74, 11.68293, 14.27258],
			"rotation": {"angle": 45, "axis": "x", "origin": [8.2, 8.61036, 11.2]},
			"faces": {
				"north": {"uv": [3.5, 0.875, 3.0625, 1.125], "rotation": 180, "texture": "#0"},
				"east": {"uv": [2.8125, 0.875, 3.0625, 1.125], "rotation": 180, "texture": "#0"},
				"south": {"uv": [3.5, 0.875, 3.0625, 1.125], "rotation": 180, "texture": "#0"},
				"west": {"uv": [3.0625, 0.875, 2.8125, 1.125], "rotation": 180, "texture": "#0"},
				"up": {"uv": [2.4375, 1.5, 2.875, 1.25], "rotation": 180, "texture": "#0"},
				"down": {"uv": [2.4375, 1.5, 2.875, 1.25], "rotation": 180, "texture": "#0"}
			}
		},
		{
			"from": [7, -11.48922, -6.80421],
			"to": [9, -8.48922, -3.80421],
			"rotation": {"angle": -45, "axis": "x", "origin": [8.2, 3.31499, 8]},
			"faces": {
				"north": {"uv": [4.5, 1.6875, 4.25, 2.0625], "texture": "#0"},
				"east": {"uv": [4, 1.0625, 4.375, 1.4375], "texture": "#0"},
				"south": {"uv": [2.8125, 3.125, 2.5625, 3.5], "texture": "#0"},
				"west": {"uv": [4.375, 1.0625, 4, 1.4375], "texture": "#0"},
				"up": {"uv": [2.8125, 3.125, 2.5625, 3.5], "texture": "#0"},
				"down": {"uv": [4.25, 1.4375, 4, 1.8125], "texture": "#0"}
			}
		},
		{
			"from": [10.95, 10.5, 9.80025],
			"to": [9.95, 7, 6.30025],
			"rotation": {"angle": 45, "axis": "x", "origin": [10.45, 8.75, 8.05025]},
			"faces": {
				"north": {"uv": [15.6875, 0, 15.5625, 0.4375], "texture": "#0"},
				"east": {"uv": [16, 0, 15.5625, 0.4375], "texture": "#0"},
				"south": {"uv": [15.6875, 0, 15.5625, 0.4375], "texture": "#0"},
				"west": {"uv": [16, 0, 15.5625, 0.4375], "texture": "#0"},
				"up": {"uv": [15.6875, 0, 15.5625, 0.4375], "texture": "#0"},
				"down": {"uv": [15.6875, 0, 15.5625, 0.4375], "texture": "#0"}
			}
		},
		{
			"from": [6.05, 10.5, 9.80025],
			"to": [5.05, 7, 6.30025],
			"rotation": {"angle": 45, "axis": "x", "origin": [5.55, 8.75, 8.05025]},
			"faces": {
				"north": {"uv": [15.5625, 0, 15.6875, 0.4375], "texture": "#0"},
				"east": {"uv": [15.5625, 0, 16, 0.4375], "texture": "#0"},
				"south": {"uv": [15.5625, 0, 15.6875, 0.4375], "texture": "#0"},
				"west": {"uv": [15.5625, 0, 16, 0.4375], "texture": "#0"},
				"up": {"uv": [15.5625, 0, 15.6875, 0.4375], "texture": "#0"},
				"down": {"uv": [15.5625, 0, 15.6875, 0.4375], "texture": "#0"}
			}
		},
		{
			"from": [7.01, -15.5, 9.12132],
			"to": [8.99, -11.5, 10.12132],
			"rotation": {"angle": -22.5, "axis": "x", "origin": [8, -15.5, 10.12132]},
			"faces": {
				"north": {"uv": [4.1875, 2.1875, 3.6875, 1.9375], "rotation": 270, "texture": "#0"},
				"east": {"uv": [4.1875, 1.8125, 3.6875, 1.9375], "rotation": 270, "texture": "#0"},
				"south": {"uv": [4.1875, 2.1875, 3.6875, 1.9375], "rotation": 270, "texture": "#0"},
				"west": {"uv": [4.1875, 1.9375, 3.6875, 1.8125], "rotation": 270, "texture": "#0"},
				"up": {"uv": [4, 1.375, 3.875, 1.125], "rotation": 270, "texture": "#0"},
				"down": {"uv": [4, 1.375, 3.875, 1.125], "rotation": 270, "texture": "#0"}
			}
		},
		{
			"from": [7.01, -15.5, 5.87868],
			"to": [8.99, -11.5, 6.87868],
			"rotation": {"angle": 22.5, "axis": "x", "origin": [8, -15.5, 5.87868]},
			"faces": {
				"north": {"uv": [4.1875, 2.3125, 3.6875, 2.56], "rotation": 270, "texture": "#0"},
				"east": {"uv": [4.1875, 2.3125, 3.6875, 2.1875], "rotation": 270, "texture": "#0"},
				"south": {"uv": [4.1875, 2.3125, 3.6875, 2.56], "rotation": 270, "texture": "#0"},
				"west": {"uv": [4.1875, 2.1875, 3.6875, 2.3125], "rotation": 270, "texture": "#0"},
				"up": {"uv": [3.875, 1.125, 4, 0.875], "rotation": 270, "texture": "#0"},
				"down": {"uv": [3.875, 1.125, 4, 0.875], "rotation": 270, "texture": "#0"}
			}
		},
		{
			"from": [5.99, 5.5, 4.75],
			"to": [5.99, 12, 11.25],
			"rotation": {"angle": 0, "axis": "y", "origin": [3.9, 6.5, 6.6]},
			"faces": {
				"north": {"uv": [0, 0, 0, 13], "texture": "#3"},
				"east": {"uv": [6.0625, 0, 5.25, 0.8125], "texture": "#0"},
				"south": {"uv": [0, 0, 0, 13], "texture": "#3"},
				"west": {"uv": [5.25, 0, 6.0625, 0.8125], "texture": "#0"},
				"up": {"uv": [0, 13, 0, 0], "texture": "#3"},
				"down": {"uv": [0, 0, 0, 13], "texture": "#3"}
			}
		},
		{
			"from": [5.98, 5.5, 4.75],
			"to": [5.98, 12, 11.25],
			"rotation": {"angle": 0, "axis": "y", "origin": [0.9, 6.5, 6.6]},
			"faces": {
				"north": {"uv": [0, 0, 0, 13], "texture": "#3"},
				"east": {"uv": [13, 0, 0, 13], "texture": "#3"},
				"south": {"uv": [0, 0, 0, 13], "texture": "#3"},
				"west": {"uv": [0, 0, 13, 13], "texture": "#3"},
				"up": {"uv": [0, 13, 0, 0], "texture": "#3"},
				"down": {"uv": [0, 0, 0, 13], "texture": "#3"}
			}
		},
		{
			"from": [5.95, 6, 5.25],
			"to": [5.95, 11.5, 10.75],
			"rotation": {"angle": 45, "axis": "x", "origin": [5.8, 8.75, 8]},
			"faces": {
				"north": {"uv": [0, 0, 0, 36], "texture": "#missing"},
				"east": {"uv": [5.25, 0, 6.0625, 0.8125], "texture": "#0"},
				"south": {"uv": [0, 0, 0, 36], "texture": "#missing"},
				"west": {"uv": [5.3125, 0.9375, 6, 1.625], "texture": "#0"},
				"up": {"uv": [0, 0, 0, 36], "texture": "#missing"},
				"down": {"uv": [0, 0, 0, 36], "texture": "#missing"}
			}
		},
		{
			"from": [6, 6, 5.25],
			"to": [10, 11.5, 10.75],
			"rotation": {"angle": 45, "axis": "x", "origin": [5.8, 8.75, 8]},
			"faces": {
				"north": {"uv": [4.5, 0.6875, 5, 1.375], "texture": "#0"},
				"east": {"uv": [5.1875, 0, 4.5, 0.6875], "texture": "#0"},
				"south": {"uv": [4.5, 1.375, 5, 2.0625], "texture": "#0"},
				"west": {"uv": [4.5, 0, 5.1875, 0.6875], "texture": "#0"},
				"up": {"uv": [4.5, 0.6875, 5, 1.375], "texture": "#0"},
				"down": {"uv": [4.5, 2.0625, 5, 1.375], "texture": "#0"}
			}
		},
		{
			"from": [10.01, 5.5, 4.75],
			"to": [10.01, 12, 11.25],
			"rotation": {"angle": 0, "axis": "y", "origin": [12.1, 6.5, 6.6]},
			"faces": {
				"north": {"uv": [0, 0, 0, 13], "texture": "#3"},
				"east": {"uv": [6.0625, 0, 5.25, 0.8125], "texture": "#0"},
				"south": {"uv": [0, 0, 0, 13], "texture": "#3"},
				"west": {"uv": [5.25, 0, 6.0625, 0.8125], "texture": "#0"},
				"up": {"uv": [0, 13, 0, 0], "texture": "#3"},
				"down": {"uv": [0, 0, 0, 13], "texture": "#3"}
			}
		},
		{
			"from": [10.05, 6, 5.25],
			"to": [10.05, 11.5, 10.75],
			"rotation": {"angle": 45, "axis": "x", "origin": [10.2, 8.75, 8]},
			"faces": {
				"north": {"uv": [0, 0, 0, 36], "texture": "#missing"},
				"east": {"uv": [6, 0.9375, 5.3125, 1.625], "texture": "#0"},
				"south": {"uv": [0, 0, 0, 36], "texture": "#missing"},
				"west": {"uv": [6.0625, 0, 5.25, 0.8125], "texture": "#0"},
				"up": {"uv": [0, 0, 0, 36], "texture": "#missing"},
				"down": {"uv": [0, 0, 0, 36], "texture": "#missing"}
			}
		},
		{
			"from": [10.02, 5.5, 4.75],
			"to": [10.02, 12, 11.25],
			"rotation": {"angle": 0, "axis": "y", "origin": [15.1, 6.5, 6.6]},
			"faces": {
				"north": {"uv": [0, 0, 0, 13], "texture": "#3"},
				"east": {"uv": [13, 0, 0, 13], "texture": "#3"},
				"south": {"uv": [0, 0, 0, 13], "texture": "#3"},
				"west": {"uv": [0, 0, 13, 13], "texture": "#3"},
				"up": {"uv": [0, 13, 0, 0], "texture": "#3"},
				"down": {"uv": [0, 0, 0, 13], "texture": "#3"}
			}
		},
		{
			"from": [6, 6, 5.25],
			"to": [10, 11.5, 10.75],
			"rotation": {"angle": 45, "axis": "x", "origin": [10.2, 8.75, 8]},
			"faces": {
				"north": {"uv": [5, 0.6875, 4.5, 1.375], "texture": "#0"},
				"east": {"uv": [5.1875, 0, 4.5, 0.6875], "texture": "#0"},
				"south": {"uv": [5, 1.375, 4.5, 2.0625], "texture": "#0"},
				"west": {"uv": [4.5, 0, 5.1875, 0.6875], "texture": "#0"},
				"up": {"uv": [5, 0.6875, 4.5, 1.375], "texture": "#0"},
				"down": {"uv": [5, 2.0625, 4.5, 1.375], "texture": "#0"}
			}
		},
		{
			"from": [7.25, 11, 5.5],
			"to": [8.75, 13.5, 10.5],
			"rotation": {"angle": 0, "axis": "y", "origin": [0, 0.5, 0]},
			"faces": {
				"north": {"uv": [5.375, 3.875, 5.5625, 4.1875], "texture": "#0"},
				"east": {"uv": [4.9375, 4.5, 5.5625, 4.8125], "texture": "#0"},
				"south": {"uv": [5.375, 3.875, 5.5625, 4.1875], "texture": "#0"},
				"west": {"uv": [4.9375, 4.1875, 5.5625, 4.5], "texture": "#0"},
				"up": {"uv": [3.8125, 7.8125, 4, 8.4375], "texture": "#0"},
				"down": {"uv": [3.8125, 7.8125, 4, 8.4375], "texture": "#0"}
			}
		},
		{
			"from": [7.2, 13.5, 3.5],
			"to": [8.7, 15.5, 12.5],
			"rotation": {"angle": 0, "axis": "y", "origin": [0, 1.5, 0]},
			"faces": {
				"north": {"uv": [2.75, 4.9375, 2.5625, 5.1875], "texture": "#0"},
				"east": {"uv": [1.4375, 4.9375, 2.5625, 5.1875], "texture": "#0"},
				"south": {"uv": [2.5625, 4.9375, 2.75, 5.1875], "texture": "#0"},
				"west": {"uv": [1.4375, 5.1875, 2.5625, 5.4375], "texture": "#0"},
				"up": {"uv": [5.375, 2.5625, 5.5625, 3.6875], "texture": "#0"},
				"down": {"uv": [5.5625, 2.5625, 5.75, 3.6875], "texture": "#0"}
			}
		},
		{
			"from": [7.25, 14.85, 7.25],
			"to": [8.65, 20.35, 8.75],
			"rotation": {"angle": 22.5, "axis": "z", "origin": [7.1, 15.3, 7.9]},
			"faces": {
				"north": {"uv": [3.4375, 4.625, 3.25, 5.3125], "texture": "#0"},
				"east": {"uv": [3.4375, 4.5625, 3.625, 5.25], "texture": "#0"},
				"south": {"uv": [3.25, 4.625, 3.4375, 5.3125], "texture": "#0"},
				"west": {"uv": [3.625, 4.5625, 3.8125, 5.25], "texture": "#0"},
				"up": {"uv": [3.8125, 5, 4, 5.1875], "texture": "#0"},
				"down": {"uv": [3.8125, 5, 4, 5.1875], "texture": "#0"}
			}
		},
		{
			"from": [9.15, 19.1, 7.26],
			"to": [10.15, 22.6, 8.74],
			"rotation": {"angle": 45, "axis": "z", "origin": [7, 15.3, 8.2]},
			"faces": {
				"north": {"uv": [2.75, 4.8125, 2.875, 5.25], "texture": "#0"},
				"east": {"uv": [3.0625, 4.8125, 3.25, 5.25], "texture": "#0"},
				"south": {"uv": [2.875, 4.8125, 2.75, 5.25], "texture": "#0"},
				"west": {"uv": [2.875, 4.8125, 3.0625, 5.25], "texture": "#0"},
				"up": {"uv": [3.125, 4.625, 3.25, 4.8125], "texture": "#0"},
				"down": {"uv": [3.125, 4.625, 3.25, 4.8125], "texture": "#0"}
			}
		},
		{
			"from": [9.15, 19.1, 10.96],
			"to": [10.15, 22.6, 12.44],
			"rotation": {"angle": 45, "axis": "z", "origin": [7, 15.3, 11.9]},
			"faces": {
				"north": {"uv": [2.75, 4.8125, 2.875, 5.25], "texture": "#0"},
				"east": {"uv": [3.0625, 4.8125, 3.25, 5.25], "texture": "#0"},
				"south": {"uv": [2.875, 4.8125, 2.75, 5.25], "texture": "#0"},
				"west": {"uv": [2.875, 4.8125, 3.0625, 5.25], "texture": "#0"},
				"up": {"uv": [3.125, 4.625, 3.25, 4.8125], "texture": "#0"},
				"down": {"uv": [3.125, 4.625, 3.25, 4.8125], "texture": "#0"}
			}
		},
		{
			"from": [7.25, 14.85, 10.95],
			"to": [8.65, 20.35, 12.45],
			"rotation": {"angle": 22.5, "axis": "z", "origin": [7.1, 15.3, 11.6]},
			"faces": {
				"north": {"uv": [3.4375, 4.625, 3.25, 5.3125], "texture": "#0"},
				"east": {"uv": [3.4375, 4.5625, 3.625, 5.25], "texture": "#0"},
				"south": {"uv": [3.25, 4.625, 3.4375, 5.3125], "texture": "#0"},
				"west": {"uv": [3.625, 4.5625, 3.8125, 5.25], "texture": "#0"},
				"up": {"uv": [3.8125, 5, 4, 5.1875], "texture": "#0"},
				"down": {"uv": [3.8125, 5, 4, 5.1875], "texture": "#0"}
			}
		},
		{
			"from": [9.15, 19.1, 3.56],
			"to": [10.15, 22.6, 5.04],
			"rotation": {"angle": 45, "axis": "z", "origin": [7, 15.3, 4.1]},
			"faces": {
				"north": {"uv": [2.75, 4.8125, 2.875, 5.25], "texture": "#0"},
				"east": {"uv": [3.25, 4.8125, 3.0625, 5.25], "texture": "#0"},
				"south": {"uv": [2.875, 4.8125, 2.75, 5.25], "texture": "#0"},
				"west": {"uv": [3.0625, 4.8125, 2.875, 5.25], "texture": "#0"},
				"up": {"uv": [3.125, 4.8125, 3.25, 4.625], "texture": "#0"},
				"down": {"uv": [3.125, 4.8125, 3.25, 4.625], "texture": "#0"}
			}
		},
		{
			"from": [7.25, 14.85, 3.55],
			"to": [8.65, 20.35, 5.05],
			"rotation": {"angle": 22.5, "axis": "z", "origin": [7.1, 15.3, 4.4]},
			"faces": {
				"north": {"uv": [3.4375, 4.625, 3.25, 5.3125], "texture": "#0"},
				"east": {"uv": [3.625, 4.5625, 3.4375, 5.25], "texture": "#0"},
				"south": {"uv": [3.25, 4.625, 3.4375, 5.3125], "texture": "#0"},
				"west": {"uv": [3.8125, 4.5625, 3.625, 5.25], "texture": "#0"},
				"up": {"uv": [3.8125, 5.1875, 4, 5], "texture": "#0"},
				"down": {"uv": [3.8125, 5.1875, 4, 5], "texture": "#0"}
			}
		}
	],
	"gui_light": "front",
	"display": {
		"thirdperson_righthand": {
			"translation": [0, 9, 1.75],
			"scale": [0.7, 0.7, 0.7]
		},
		"thirdperson_lefthand": {
			"rotation": [0, -180, 0],
			"translation": [0, 9, 1.75],
			"scale": [0.7, 0.7, 0.7]
		},
		"firstperson_righthand": {
			"rotation": [-10, 7, 2],
			"translation": [5, 6.75, -4.25],
			"scale": [0.5043, 0.5043, 0.5043]
		},
		"firstperson_lefthand": {
			"rotation": [-10, 173, 2],
			"translation": [5, 6.75, -4.25],
			"scale": [0.5043, 0.5043, 0.5043]
		},
		"ground": {
			"rotation": [0, 0, 90],
			"translation": [-4.5, 9, 0],
			"scale": [0.6, 0.6, 0.6]
		},
		"gui": {
			"rotation": [-90, -135, -90],
			"translation": [-1, 1, -1.5],
			"scale": [0.48437, 0.48437, 0.48437]
		},
		"head": {
			"scale": [0, 0, 0]
		},
		"fixed": {
			"rotation": [-90, -90, -90],
			"translation": [0, 14.75, -2.75],
			"scale": [1.5, 1.5, 1.5]
		}
	}
}