{
	"format_version": "1.21.6",
	"credit": "Made with Blockbench",
	"texture_size": [128, 128],
	"textures": {
		"0": "skins:item/amethyst/nether_star_texture",
		"2": "skins:item/amethyst/nether_star_animation1",
		"3": "skins:item/amethyst/nether_star_animation2",
		"4": "skins:item/amethyst/nether_star_animation3",
		"particle": "skins:item/amethyst/nether_star_texture"
	},
	"elements": [
		{
			"from": [7, -15, 7],
			"to": [9, -4.5, 9],
			"rotation": {"angle": 45, "axis": "y", "origin": [8, -9.5, 8]},
			"faces": {
				"north": {"uv": [3.3125, 3.25, 3.5625, 4.5625], "texture": "#0"},
				"east": {"uv": [3.5625, 3.25, 3.3125, 4.5625], "texture": "#0"},
				"south": {"uv": [3.8125, 3.25, 3.5625, 4.5625], "texture": "#0"},
				"west": {"uv": [3.5625, 3.25, 3.8125, 4.5625], "texture": "#0"},
				"up": {"uv": [3.5625, 4.6875, 3.8125, 4.9375], "texture": "#0"},
				"down": {"uv": [3.5625, 4.6875, 3.8125, 4.9375], "texture": "#0"}
			}
		},
		{
			"from": [6.75, -4.5, 6.75],
			"to": [9.25, -2.5, 9.25],
			"rotation": {"angle": 45, "axis": "y", "origin": [8, -7.5, 8]},
			"faces": {
				"north": {"uv": [3.375, 2.5625, 3.0625, 2.3125], "texture": "#0"},
				"east": {"uv": [3.375, 2.5625, 3.0625, 2.3125], "texture": "#0"},
				"south": {"uv": [3.375, 2.5625, 3.6875, 2.3125], "texture": "#0"},
				"west": {"uv": [3.6875, 2.5625, 3.375, 2.3125], "texture": "#0"},
				"up": {"uv": [4, 1.6875, 3.6875, 1.375], "texture": "#0"},
				"down": {"uv": [4, 1.6875, 3.6875, 1.375], "texture": "#0"}
			}
		},
		{
			"from": [7, -1.5, 6.5],
			"to": [9, 4, 9.5],
			"rotation": {"angle": 0, "axis": "y", "origin": [8, -16, 8.5]},
			"faces": {
				"north": {"uv": [3.875, 0.6875, 3.625, 1.375], "texture": "#0"},
				"east": {"uv": [4, 0, 3.625, 0.6875], "texture": "#0"},
				"south": {"uv": [3.875, 0.6875, 3.625, 1.375], "texture": "#0"},
				"west": {"uv": [4, 0, 3.625, 0.6875], "texture": "#0"},
				"up": {"uv": [3.6875, 1.375, 3.4375, 1.75], "texture": "#0"},
				"down": {"uv": [3.6875, 1.375, 3.4375, 1.75], "texture": "#0"}
			}
		},
		{
			"from": [6.99, 2.9, 7],
			"to": [9.01, 5.1, 9.1],
			"rotation": {"angle": -45, "axis": "x", "origin": [7.9, 3.9, 8]},
			"faces": {
				"north": {"uv": [3.4375, 2, 3.6875, 2.25], "rotation": 180, "texture": "#0"},
				"east": {"uv": [3.4375, 1.75, 3.6875, 2], "rotation": 180, "texture": "#0"},
				"south": {"uv": [3.4375, 2, 3.6875, 2.25], "rotation": 180, "texture": "#0"},
				"west": {"uv": [3.6875, 1.75, 3.4375, 2], "rotation": 180, "texture": "#0"},
				"up": {"uv": [2.0625, 2.0625, 2.3125, 2.3125], "rotation": 90, "texture": "#0"},
				"down": {"uv": [2.0625, 2.0625, 2.3125, 2.3125], "rotation": 90, "texture": "#0"}
			}
		},
		{
			"from": [6.75, -2.8, 5],
			"to": [9.25, 3.7, 8],
			"rotation": {"angle": -45, "axis": "x", "origin": [7.7, 0.81036, 6.5]},
			"faces": {
				"north": {"uv": [2.8125, 1.5, 3.125, 2.3125], "texture": "#0"},
				"east": {"uv": [2.4375, 1.5, 2.8125, 2.3125], "texture": "#0"},
				"south": {"uv": [3.125, 1.5, 3.4375, 2.3125], "texture": "#0"},
				"west": {"uv": [2.8125, 1.5, 2.4375, 2.3125], "texture": "#0"},
				"up": {"uv": [2.875, 1.125, 3.1875, 1.5], "texture": "#0"},
				"down": {"uv": [2.875, 1.125, 3.1875, 1.5], "texture": "#0"}
			}
		},
		{
			"from": [6.75, -10.08922, -7.30421],
			"to": [9.25, -10.08922, -7.30421],
			"rotation": {"angle": -45, "axis": "x", "origin": [8, 1.71499, 8]},
			"color": 6,
			"faces": {
				"north": {"uv": [32.5, 19, 30, 21.5], "texture": "#missing"},
				"east": {"uv": [30, 16.5, 32.5, 19], "texture": "#missing"},
				"south": {"uv": [32.5, 24, 30, 21.5], "texture": "#missing"},
				"west": {"uv": [32.5, 16.5, 30, 19], "texture": "#missing"},
				"up": {"uv": [32.5, 21.5, 30, 24], "texture": "#missing"},
				"down": {"uv": [32.5, 19, 30, 21.5], "texture": "#missing"}
			}
		},
		{
			"from": [6.76, 1.78293, 3.42742],
			"to": [9.24, 3.88293, 5.52742],
			"rotation": {"angle": 0, "axis": "y", "origin": [7.7, 0.81036, 6.5]},
			"faces": {
				"north": {"uv": [2.4375, 2.3125, 2.75, 2.5625], "rotation": 180, "texture": "#0"},
				"east": {"uv": [3.4375, 1.125, 3.1875, 1.375], "rotation": 180, "texture": "#0"},
				"south": {"uv": [2.4375, 2.3125, 2.75, 2.5625], "rotation": 180, "texture": "#0"},
				"west": {"uv": [3.1875, 1.125, 3.4375, 1.375], "rotation": 180, "texture": "#0"},
				"up": {"uv": [2.75, 2.3125, 3.0625, 2.5625], "rotation": 180, "texture": "#0"},
				"down": {"uv": [2.75, 2.3125, 3.0625, 2.5625], "rotation": 180, "texture": "#0"}
			}
		},
		{
			"from": [6.76, 1.78293, 10.47258],
			"to": [9.24, 3.88293, 12.57258],
			"rotation": {"angle": 0, "axis": "y", "origin": [7.7, 0.81036, 9.5]},
			"faces": {
				"north": {"uv": [2.75, 2.3125, 2.4375, 2.5625], "rotation": 180, "texture": "#0"},
				"east": {"uv": [3.1875, 1.125, 3.4375, 1.375], "rotation": 180, "texture": "#0"},
				"south": {"uv": [2.75, 2.3125, 2.4375, 2.5625], "rotation": 180, "texture": "#0"},
				"west": {"uv": [3.4375, 1.125, 3.1875, 1.375], "rotation": 180, "texture": "#0"},
				"up": {"uv": [2.75, 2.5625, 3.0625, 2.3125], "rotation": 180, "texture": "#0"},
				"down": {"uv": [2.75, 2.5625, 3.0625, 2.3125], "rotation": 180, "texture": "#0"}
			}
		},
		{
			"from": [6.75, -2.8, 8],
			"to": [9.25, 3.7, 11],
			"rotation": {"angle": 45, "axis": "x", "origin": [7.7, 0.81036, 9.5]},
			"faces": {
				"north": {"uv": [3.4375, 1.5, 3.125, 2.3125], "texture": "#0"},
				"east": {"uv": [2.8125, 1.5, 2.4375, 2.3125], "texture": "#0"},
				"south": {"uv": [3.125, 1.5, 2.8125, 2.3125], "texture": "#0"},
				"west": {"uv": [2.4375, 1.5, 2.8125, 2.3125], "texture": "#0"},
				"up": {"uv": [2.875, 1.5, 3.1875, 1.125], "texture": "#0"},
				"down": {"uv": [2.875, 1.5, 3.1875, 1.125], "texture": "#0"}
			}
		},
		{
			"from": [6.25, -2.38964, 2.91036],
			"to": [9.75, 0.61036, 9.41036],
			"rotation": {"angle": 22.5, "axis": "x", "origin": [8.2, -0.88964, 5.8]},
			"faces": {
				"north": {"uv": [2.4375, 0.8125, 2.8125, 1.25], "rotation": 270, "texture": "#0"},
				"east": {"uv": [2.4375, 0.8125, 2.8125, 0], "rotation": 270, "texture": "#0"},
				"south": {"uv": [2.4375, 0.8125, 2.8125, 1.25], "rotation": 270, "texture": "#0"},
				"west": {"uv": [2.4375, 0, 2.8125, 0.8125], "rotation": 270, "texture": "#0"},
				"up": {"uv": [2.8125, 0, 3.625, 0.4375], "rotation": 270, "texture": "#0"},
				"down": {"uv": [2.8125, 0.4375, 3.625, 0.875], "rotation": 270, "texture": "#0"}
			}
		},
		{
			"from": [6.26, 0.08293, 2.72742],
			"to": [9.74, 2.18293, 4.82742],
			"rotation": {"angle": -22.5, "axis": "x", "origin": [8.2, -0.88964, 5.8]},
			"faces": {
				"north": {"uv": [3.0625, 0.875, 3.5, 1.125], "rotation": 180, "texture": "#0"},
				"east": {"uv": [3.0625, 0.875, 2.8125, 1.125], "rotation": 180, "texture": "#0"},
				"south": {"uv": [3.0625, 0.875, 3.5, 1.125], "rotation": 180, "texture": "#0"},
				"west": {"uv": [2.8125, 0.875, 3.0625, 1.125], "rotation": 180, "texture": "#0"},
				"up": {"uv": [2.4375, 1.25, 2.875, 1.5], "rotation": 180, "texture": "#0"},
				"down": {"uv": [2.4375, 1.25, 2.875, 1.5], "rotation": 180, "texture": "#0"}
			}
		},
		{
			"from": [6.25, -2.38964, 6.58964],
			"to": [9.75, 0.61036, 13.08964],
			"rotation": {"angle": -22.5, "axis": "x", "origin": [8.2, -0.88964, 10.2]},
			"faces": {
				"north": {"uv": [2.4375, 1.25, 2.8125, 0.8125], "rotation": 270, "texture": "#0"},
				"east": {"uv": [2.4375, 0, 2.8125, 0.8125], "rotation": 270, "texture": "#0"},
				"south": {"uv": [2.4375, 1.25, 2.8125, 0.8125], "rotation": 270, "texture": "#0"},
				"west": {"uv": [2.4375, 0.8125, 2.8125, 0], "rotation": 270, "texture": "#0"},
				"up": {"uv": [3.625, 0, 2.8125, 0.4375], "rotation": 270, "texture": "#0"},
				"down": {"uv": [3.625, 0.4375, 2.8125, 0.875], "rotation": 270, "texture": "#0"}
			}
		},
		{
			"from": [6.26, 0.08293, 11.17258],
			"to": [9.74, 2.18293, 13.27258],
			"rotation": {"angle": 22.5, "axis": "x", "origin": [8.2, -0.88964, 10.2]},
			"faces": {
				"north": {"uv": [3.5, 0.875, 3.0625, 1.125], "rotation": 180, "texture": "#0"},
				"east": {"uv": [2.8125, 0.875, 3.0625, 1.125], "rotation": 180, "texture": "#0"},
				"south": {"uv": [3.5, 0.875, 3.0625, 1.125], "rotation": 180, "texture": "#0"},
				"west": {"uv": [3.0625, 0.875, 2.8125, 1.125], "rotation": 180, "texture": "#0"},
				"up": {"uv": [2.4375, 1.5, 2.875, 1.25], "rotation": 180, "texture": "#0"},
				"down": {"uv": [2.4375, 1.5, 2.875, 1.25], "rotation": 180, "texture": "#0"}
			}
		},
		{
			"from": [7, -11.58922, -6.80421],
			"to": [9, -8.58922, -3.80421],
			"rotation": {"angle": -45, "axis": "x", "origin": [8.2, 3.21499, 8]},
			"faces": {
				"north": {"uv": [4.5, 1.6875, 4.25, 2.0625], "texture": "#0"},
				"east": {"uv": [4, 1.0625, 4.375, 1.4375], "texture": "#0"},
				"south": {"uv": [2.8125, 3.125, 2.5625, 3.5], "texture": "#0"},
				"west": {"uv": [4.375, 1.0625, 4, 1.4375], "texture": "#0"},
				"up": {"uv": [2.8125, 3.125, 2.5625, 3.5], "texture": "#0"},
				"down": {"uv": [4.25, 1.4375, 4, 1.8125], "texture": "#0"}
			}
		},
		{
			"from": [7.01, -15.6, 9.12132],
			"to": [8.99, -11.6, 10.12132],
			"rotation": {"angle": -22.5, "axis": "x", "origin": [8, -15.6, 10.12132]},
			"faces": {
				"north": {"uv": [4.1875, 2.1875, 3.6875, 1.9375], "rotation": 270, "texture": "#0"},
				"east": {"uv": [4.1875, 1.8125, 3.6875, 1.9375], "rotation": 270, "texture": "#0"},
				"south": {"uv": [4.1875, 2.1875, 3.6875, 1.9375], "rotation": 270, "texture": "#0"},
				"west": {"uv": [4.1875, 1.9375, 3.6875, 1.8125], "rotation": 270, "texture": "#0"},
				"up": {"uv": [4, 1.375, 3.875, 1.125], "rotation": 270, "texture": "#0"},
				"down": {"uv": [4, 1.375, 3.875, 1.125], "rotation": 270, "texture": "#0"}
			}
		},
		{
			"from": [7.01, -15.6, 5.87868],
			"to": [8.99, -11.6, 6.87868],
			"rotation": {"angle": 22.5, "axis": "x", "origin": [8, -15.6, 5.87868]},
			"faces": {
				"north": {"uv": [4.1875, 2.3125, 3.6875, 2.56], "rotation": 270, "texture": "#0"},
				"east": {"uv": [4.1875, 2.3125, 3.6875, 2.1875], "rotation": 270, "texture": "#0"},
				"south": {"uv": [4.1875, 2.3125, 3.6875, 2.56], "rotation": 270, "texture": "#0"},
				"west": {"uv": [4.1875, 2.1875, 3.6875, 2.3125], "rotation": 270, "texture": "#0"},
				"up": {"uv": [3.875, 1.125, 4, 0.875], "rotation": 270, "texture": "#0"},
				"down": {"uv": [3.875, 1.125, 4, 0.875], "rotation": 270, "texture": "#0"}
			}
		},
		{
			"from": [5.99, -3.5, 4.75],
			"to": [5.99, 3, 11.25],
			"rotation": {"angle": 0, "axis": "y", "origin": [3.9, -2.5, 6.6]},
			"faces": {
				"north": {"uv": [0, 0, 0, 13], "texture": "#3"},
				"east": {"uv": [6.0625, 0, 5.25, 0.8125], "texture": "#0"},
				"south": {"uv": [0, 0, 0, 13], "texture": "#3"},
				"west": {"uv": [5.25, 0, 6.0625, 0.8125], "texture": "#0"},
				"up": {"uv": [0, 13, 0, 0], "texture": "#3"},
				"down": {"uv": [0, 0, 0, 13], "texture": "#3"}
			}
		},
		{
			"from": [5.98, -3.5, 4.75],
			"to": [5.98, 3, 11.25],
			"rotation": {"angle": 0, "axis": "y", "origin": [0.9, -2.5, 6.6]},
			"faces": {
				"north": {"uv": [0, 0, 0, 13], "texture": "#3"},
				"east": {"uv": [13, 0, 0, 13], "texture": "#3"},
				"south": {"uv": [0, 0, 0, 13], "texture": "#3"},
				"west": {"uv": [0, 0, 13, 13], "texture": "#3"},
				"up": {"uv": [0, 13, 0, 0], "texture": "#3"},
				"down": {"uv": [0, 0, 0, 13], "texture": "#3"}
			}
		},
		{
			"from": [5.95, -3, 5.25],
			"to": [5.95, 2.5, 10.75],
			"rotation": {"angle": 45, "axis": "x", "origin": [5.8, -0.25, 8]},
			"faces": {
				"north": {"uv": [0, 0, 0, 36], "texture": "#missing"},
				"east": {"uv": [5.25, 0, 6.0625, 0.8125], "texture": "#0"},
				"south": {"uv": [0, 0, 0, 36], "texture": "#missing"},
				"west": {"uv": [5.3125, 0.9375, 6, 1.625], "texture": "#0"},
				"up": {"uv": [0, 0, 0, 36], "texture": "#missing"},
				"down": {"uv": [0, 0, 0, 36], "texture": "#missing"}
			}
		},
		{
			"from": [6.05, 1.5, 9.80025],
			"to": [5.05, -2, 6.30025],
			"rotation": {"angle": 45, "axis": "x", "origin": [5.55, -0.25, 8.05025]},
			"faces": {
				"north": {"uv": [15.5625, 0, 15.6875, 0.4375], "texture": "#0"},
				"east": {"uv": [15.5625, 0, 16, 0.4375], "texture": "#0"},
				"south": {"uv": [15.5625, 0, 15.6875, 0.4375], "texture": "#0"},
				"west": {"uv": [15.5625, 0, 16, 0.4375], "texture": "#0"},
				"up": {"uv": [15.5625, 0, 15.6875, 0.4375], "texture": "#0"},
				"down": {"uv": [15.5625, 0, 15.6875, 0.4375], "texture": "#0"}
			}
		},
		{
			"from": [10.95, 1.5, 9.80025],
			"to": [9.95, -2, 6.30025],
			"rotation": {"angle": 45, "axis": "x", "origin": [10.45, -0.25, 8.05025]},
			"faces": {
				"north": {"uv": [15.6875, 0, 15.5625, 0.4375], "texture": "#0"},
				"east": {"uv": [16, 0, 15.5625, 0.4375], "texture": "#0"},
				"south": {"uv": [15.6875, 0, 15.5625, 0.4375], "texture": "#0"},
				"west": {"uv": [16, 0, 15.5625, 0.4375], "texture": "#0"},
				"up": {"uv": [15.6875, 0, 15.5625, 0.4375], "texture": "#0"},
				"down": {"uv": [15.6875, 0, 15.5625, 0.4375], "texture": "#0"}
			}
		},
		{
			"from": [6, -3, 5.25],
			"to": [10, 2.5, 10.75],
			"rotation": {"angle": 45, "axis": "x", "origin": [5.8, -0.25, 8]},
			"faces": {
				"north": {"uv": [4.5, 0.6875, 5, 1.375], "texture": "#0"},
				"east": {"uv": [5.1875, 0, 4.5, 0.6875], "texture": "#0"},
				"south": {"uv": [4.5, 1.375, 5, 2.0625], "texture": "#0"},
				"west": {"uv": [4.5, 0, 5.1875, 0.6875], "texture": "#0"},
				"up": {"uv": [4.5, 0.6875, 5, 1.375], "texture": "#0"},
				"down": {"uv": [4.5, 2.0625, 5, 1.375], "texture": "#0"}
			}
		},
		{
			"from": [10.01, -3.5, 4.75],
			"to": [10.01, 3, 11.25],
			"rotation": {"angle": 0, "axis": "y", "origin": [12.1, -2.5, 6.6]},
			"faces": {
				"north": {"uv": [0, 0, 0, 13], "texture": "#3"},
				"east": {"uv": [6.0625, 0, 5.25, 0.8125], "texture": "#0"},
				"south": {"uv": [0, 0, 0, 13], "texture": "#3"},
				"west": {"uv": [5.25, 0, 6.0625, 0.8125], "texture": "#0"},
				"up": {"uv": [0, 13, 0, 0], "texture": "#3"},
				"down": {"uv": [0, 0, 0, 13], "texture": "#3"}
			}
		},
		{
			"from": [10.05, -3, 5.25],
			"to": [10.05, 2.5, 10.75],
			"rotation": {"angle": 45, "axis": "x", "origin": [10.2, -0.25, 8]},
			"faces": {
				"north": {"uv": [0, 0, 0, 36], "texture": "#missing"},
				"east": {"uv": [6, 0.9375, 5.3125, 1.625], "texture": "#0"},
				"south": {"uv": [0, 0, 0, 36], "texture": "#missing"},
				"west": {"uv": [6.0625, 0, 5.25, 0.8125], "texture": "#0"},
				"up": {"uv": [0, 0, 0, 36], "texture": "#missing"},
				"down": {"uv": [0, 0, 0, 36], "texture": "#missing"}
			}
		},
		{
			"from": [10.02, -3.5, 4.75],
			"to": [10.02, 3, 11.25],
			"rotation": {"angle": 0, "axis": "y", "origin": [15.1, -2.5, 6.6]},
			"faces": {
				"north": {"uv": [0, 0, 0, 13], "texture": "#3"},
				"east": {"uv": [13, 0, 0, 13], "texture": "#3"},
				"south": {"uv": [0, 0, 0, 13], "texture": "#3"},
				"west": {"uv": [0, 0, 13, 13], "texture": "#3"},
				"up": {"uv": [0, 13, 0, 0], "texture": "#3"},
				"down": {"uv": [0, 0, 0, 13], "texture": "#3"}
			}
		},
		{
			"from": [6, -3, 5.25],
			"to": [10, 2.5, 10.75],
			"rotation": {"angle": 45, "axis": "x", "origin": [10.2, -0.25, 8]},
			"faces": {
				"north": {"uv": [5, 0.6875, 4.5, 1.375], "texture": "#0"},
				"east": {"uv": [5.1875, 0, 4.5, 0.6875], "texture": "#0"},
				"south": {"uv": [5, 1.375, 4.5, 2.0625], "texture": "#0"},
				"west": {"uv": [4.5, 0, 5.1875, 0.6875], "texture": "#0"},
				"up": {"uv": [5, 0.6875, 4.5, 1.375], "texture": "#0"},
				"down": {"uv": [5, 2.0625, 4.5, 1.375], "texture": "#0"}
			}
		},
		{
			"from": [7.26, 16.7, 6.5],
			"to": [8.74, 22.2, 12],
			"rotation": {"angle": -45, "axis": "x", "origin": [8, 18.2, 8]},
			"faces": {
				"north": {"uv": [2.81, 2.5625, 2.625, 3.25], "texture": "#0"},
				"east": {"uv": [1.375, 2.5625, 2.0625, 3.25], "texture": "#0"},
				"south": {"uv": [2.25, 3.25, 2.435, 2.5625], "texture": "#0"},
				"west": {"uv": [2.0625, 2.5625, 1.375, 3.25], "texture": "#0"},
				"up": {"uv": [2.0625, 3.25, 2.2475, 2.5625], "texture": "#0"},
				"down": {"uv": [2.4375, 3.25, 2.6225, 2.5625], "texture": "#0"}
			}
		},
		{
			"from": [7.25, 1, 5],
			"to": [8.75, 20, 11],
			"rotation": {"angle": 0, "axis": "y", "origin": [0, -3, 4]},
			"faces": {
				"north": {"uv": [1.125, 2.5625, 0.9375, 4.9375], "texture": "#0"},
				"east": {"uv": [0, 2.5625, 0.75, 4.9375], "texture": "#0"},
				"south": {"uv": [0.9375, 2.5625, 0.75, 4.9375], "texture": "#0"},
				"west": {"uv": [0.75, 2.5625, 0, 4.9375], "texture": "#0"},
				"up": {"uv": [5.1875, 0.6875, 5, 1.4375], "texture": "#0"},
				"down": {"uv": [5.1875, 0.6875, 5, 1.4375], "texture": "#0"}
			}
		},
		{
			"from": [7.5, 1, 4.5],
			"to": [8.5, 20, 5.5],
			"rotation": {"angle": 45, "axis": "y", "origin": [8, 11.5, 5]},
			"faces": {
				"north": {"uv": [1.125, 2.5625, 1.25, 4.9375], "texture": "#0"},
				"east": {"uv": [1.25, 2.5625, 1.125, 4.9375], "texture": "#0"},
				"south": {"uv": [1.125, 2.5625, 1.25, 4.9375], "texture": "#0"},
				"west": {"uv": [1.125, 2.5625, 1.25, 4.9375], "texture": "#0"},
				"up": {"uv": [1.125, 2.5625, 1.25, 2.6875], "texture": "#0"},
				"down": {"uv": [1.125, 2.5625, 1.25, 2.6875], "texture": "#0"}
			}
		},
		{
			"from": [7.5, 1, 10.5],
			"to": [8.5, 20, 11.5],
			"rotation": {"angle": -45, "axis": "y", "origin": [8, 11.5, 11]},
			"faces": {
				"north": {"uv": [1.375, 2.5625, 1.25, 4.9375], "texture": "#0"},
				"east": {"uv": [1.25, 2.5625, 1.375, 4.9375], "texture": "#0"},
				"south": {"uv": [1.375, 2.5625, 1.25, 4.9375], "texture": "#0"},
				"west": {"uv": [1.375, 2.5625, 1.25, 4.9375], "texture": "#0"},
				"up": {"uv": [1.375, 2.5625, 1.25, 2.6875], "texture": "#0"},
				"down": {"uv": [1.375, 2.5625, 1.25, 2.6875], "texture": "#0"}
			}
		},
		{
			"from": [10.4, -8.75, 0],
			"to": [10.4, 8.25, 16],
			"rotation": {"angle": 0, "axis": "y", "origin": [10.4, -0.25, 8]},
			"faces": {
				"north": {"uv": [0, 0, 0, 16], "texture": "#2"},
				"east": {"uv": [16, 0, 0, 16], "texture": "#2"},
				"south": {"uv": [0, 0, 0, 16], "texture": "#2"},
				"west": {"uv": [0, 0, 16, 16], "texture": "#2"},
				"up": {"uv": [0, 8, 0, 0], "texture": "#2"},
				"down": {"uv": [0, 0, 0, 8], "texture": "#2"}
			}
		},
		{
			"from": [10.5, -8.75, 0],
			"to": [10.5, 8.25, 16],
			"rotation": {"angle": 0, "axis": "y", "origin": [10.5, -0.25, 8]},
			"faces": {
				"north": {"uv": [0, 0, 0, 16], "texture": "#2"},
				"east": {"uv": [16, 0, 0, 16], "texture": "#2"},
				"south": {"uv": [0, 0, 0, 16], "texture": "#2"},
				"west": {"uv": [0, 0, 16, 16], "texture": "#2"},
				"up": {"uv": [0, 8, 0, 0], "texture": "#2"},
				"down": {"uv": [0, 0, 0, 8], "texture": "#2"}
			}
		},
		{
			"from": [5.6, -8.75, 0],
			"to": [5.6, 8.25, 16],
			"rotation": {"angle": 0, "axis": "y", "origin": [5.6, -0.25, 8]},
			"faces": {
				"north": {"uv": [0, 0, 0, 16], "texture": "#2"},
				"east": {"uv": [16, 0, 0, 16], "texture": "#2"},
				"south": {"uv": [0, 0, 0, 16], "texture": "#2"},
				"west": {"uv": [0, 0, 16, 16], "texture": "#2"},
				"up": {"uv": [0, 8, 0, 0], "texture": "#2"},
				"down": {"uv": [0, 0, 0, 8], "texture": "#2"}
			}
		},
		{
			"from": [5.5, -8.75, 0],
			"to": [5.5, 8.25, 16],
			"rotation": {"angle": 0, "axis": "y", "origin": [5.5, -0.25, 8]},
			"faces": {
				"north": {"uv": [0, 0, 0, 16], "texture": "#2"},
				"east": {"uv": [16, 0, 0, 16], "texture": "#2"},
				"south": {"uv": [0, 0, 0, 16], "texture": "#2"},
				"west": {"uv": [0, 0, 16, 16], "texture": "#2"},
				"up": {"uv": [0, 8, 0, 0], "texture": "#2"},
				"down": {"uv": [0, 0, 0, 8], "texture": "#2"}
			}
		},
		{
			"from": [7, 8, -3],
			"to": [7, 32, 19],
			"rotation": {"angle": 0, "axis": "y", "origin": [5, 14, 0]},
			"faces": {
				"north": {"uv": [0, 0, 0, 12], "texture": "#4"},
				"east": {"uv": [11, 0, 0, 12], "texture": "#4"},
				"south": {"uv": [0, 0, 0, 12], "texture": "#4"},
				"west": {"uv": [0, 0, 11, 12], "texture": "#4"},
				"up": {"uv": [0, 11, 0, 0], "texture": "#4"},
				"down": {"uv": [0, 0, 0, 11], "texture": "#4"}
			}
		}
	],
	"gui_light": "front",
	"display": {
		"thirdperson_righthand": {
			"translation": [0, 9, 1.75],
			"scale": [0.7, 0.7, 0.7]
		},
		"thirdperson_lefthand": {
			"translation": [0, 9, 1.75],
			"scale": [0.7, 0.7, 0.7]
		},
		"firstperson_righthand": {
			"rotation": [-10, 7, 2],
			"translation": [5, 6.75, -4.25],
			"scale": [0.51211, 0.51211, 0.51211]
		},
		"firstperson_lefthand": {
			"rotation": [-10, 7, 2],
			"translation": [5, 6.75, -4.25],
			"scale": [0.51211, 0.51211, 0.51211]
		},
		"ground": {
			"rotation": [0, 0, 90],
			"translation": [-4.5, 9, 0],
			"scale": [0.6, 0.6, 0.6]
		},
		"gui": {
			"rotation": [-90, -135, -90],
			"translation": [-1.75, 1.75, -1.5],
			"scale": [0.51562, 0.51562, 0.51562]
		},
		"head": {
			"scale": [0, 0, 0]
		},
		"fixed": {
			"rotation": [-90, -90, -90],
			"translation": [0, 14.75, -2.75],
			"scale": [1.5, 1.5, 1.5]
		}
	}
}