{
	"format_version": "1.21.6",
	"credit": "Made with Blockbench",
	"texture_size": [128, 128],
	"textures": {
		"0": "skins:item/amethyst/nether_star_texture",
		"2": "skins:item/amethyst/nether_star_animation1",
		"3": "skins:item/amethyst/nether_star_animation2",
		"4": "skins:item/amethyst/nether_star_animation3",
		"particle": "skins:item/amethyst/nether_star_texture"
	},
	"elements": [
		{
			"from": [9.4, 0, 15.6],
			"to": [31.4, 24, 15.6],
			"rotation": {"angle": -22.5, "axis": "y", "origin": [28.4, 6, 13.6]},
			"faces": {
				"north": {"uv": [0, 0, 11, 12], "texture": "#4"},
				"east": {"uv": [0, 0, 0, 12], "texture": "#4"},
				"south": {"uv": [11, 0, 0, 12], "texture": "#4"},
				"west": {"uv": [0, 0, 0, 12], "texture": "#4"},
				"up": {"uv": [0, 11, 0, 0], "rotation": 90, "texture": "#4"},
				"down": {"uv": [0, 0, 0, 11], "rotation": 270, "texture": "#4"}
			}
		},
		{
			"from": [8.78964, 8.64571, 7.1],
			"to": [14.28964, 11.64571, 9.1],
			"rotation": {"angle": 22.5, "axis": "z", "origin": [12.15693, 11.38235, 8.05]},
			"faces": {
				"north": {"uv": [4, 0, 3.625, 0.6875], "rotation": 270, "texture": "#0"},
				"east": {"uv": [3.6875, 1.375, 3.4375, 1.75], "rotation": 180, "texture": "#0"},
				"south": {"uv": [4, 0, 3.625, 0.6875], "rotation": 90, "texture": "#0"},
				"west": {"uv": [3.6875, 1.375, 3.4375, 1.75], "texture": "#0"},
				"up": {"uv": [3.875, 0.6875, 3.625, 1.375], "rotation": 90, "texture": "#0"},
				"down": {"uv": [3.875, 0.6875, 3.625, 1.375], "rotation": 90, "texture": "#0"}
			}
		},
		{
			"from": [13.46871, 10.94526, 7.09],
			"to": [15.66871, 13.04526, 9.11],
			"rotation": {"angle": -22.5, "axis": "z", "origin": [12.15693, 11.38235, 8.05]},
			"faces": {
				"north": {"uv": [3.6875, 1.75, 3.4375, 2], "rotation": 90, "texture": "#0"},
				"east": {"uv": [2.0625, 2.0625, 2.3125, 2.3125], "rotation": 270, "texture": "#0"},
				"south": {"uv": [3.4375, 1.75, 3.6875, 2], "rotation": 270, "texture": "#0"},
				"west": {"uv": [2.0625, 2.0625, 2.3125, 2.3125], "rotation": 90, "texture": "#0"},
				"up": {"uv": [3.4375, 2, 3.6875, 2.25], "rotation": 270, "texture": "#0"},
				"down": {"uv": [3.4375, 2, 3.6875, 2.25], "rotation": 270, "texture": "#0"}
			}
		},
		{
			"from": [1.71036, 8.64571, 7.1],
			"to": [7.21036, 11.64571, 9.1],
			"rotation": {"angle": -22.5, "axis": "z", "origin": [3.84307, 11.38235, 8.05]},
			"faces": {
				"north": {"uv": [4, 0.6875, 3.625, 0], "rotation": 270, "texture": "#0"},
				"east": {"uv": [3.4375, 1.375, 3.6875, 1.75], "texture": "#0"},
				"south": {"uv": [4, 0.6875, 3.625, 0], "rotation": 90, "texture": "#0"},
				"west": {"uv": [3.4375, 1.375, 3.6875, 1.75], "rotation": 180, "texture": "#0"},
				"up": {"uv": [3.875, 1.375, 3.625, 0.6875], "rotation": 90, "texture": "#0"},
				"down": {"uv": [3.875, 1.375, 3.625, 0.6875], "rotation": 90, "texture": "#0"}
			}
		},
		{
			"from": [0.33129, 10.94526, 7.09],
			"to": [2.53129, 13.04526, 9.11],
			"rotation": {"angle": 22.5, "axis": "z", "origin": [3.84307, 11.38235, 8.05]},
			"faces": {
				"north": {"uv": [3.6875, 2, 3.4375, 1.75], "rotation": 90, "texture": "#0"},
				"east": {"uv": [2.0625, 2.3125, 2.3125, 2.0625], "rotation": 90, "texture": "#0"},
				"south": {"uv": [3.4375, 2, 3.6875, 1.75], "rotation": 270, "texture": "#0"},
				"west": {"uv": [2.0625, 2.3125, 2.3125, 2.0625], "rotation": 270, "texture": "#0"},
				"up": {"uv": [3.4375, 2.25, 3.6875, 2], "rotation": 270, "texture": "#0"},
				"down": {"uv": [3.4375, 2.25, 3.6875, 2], "rotation": 270, "texture": "#0"}
			}
		},
		{
			"from": [-15.4, 0, 15.6],
			"to": [6.6, 24, 15.6],
			"rotation": {"angle": 22.5, "axis": "y", "origin": [-12.4, 6, 13.6]},
			"faces": {
				"north": {"uv": [11, 0, 0, 12], "texture": "#4"},
				"east": {"uv": [0, 0, 0, 12], "texture": "#4"},
				"south": {"uv": [0, 0, 11, 12], "texture": "#4"},
				"west": {"uv": [0, 0, 0, 12], "texture": "#4"},
				"up": {"uv": [0, 0, 0, 11], "rotation": 90, "texture": "#4"},
				"down": {"uv": [0, 11, 0, 0], "rotation": 270, "texture": "#4"}
			}
		},
		{
			"from": [0, 14.25, 10.5],
			"to": [16, 31.25, 10.5],
			"rotation": {"angle": 0, "axis": "y", "origin": [8, 22.75, 10.5]},
			"faces": {
				"north": {"uv": [0, 0, 16, 16], "texture": "#2"},
				"east": {"uv": [0, 0, 0, 16], "texture": "#2"},
				"south": {"uv": [16, 0, 0, 16], "texture": "#2"},
				"west": {"uv": [0, 0, 0, 16], "texture": "#2"},
				"up": {"uv": [0, 8, 0, 0], "rotation": 90, "texture": "#2"},
				"down": {"uv": [0, 0, 0, 8], "rotation": 270, "texture": "#2"}
			}
		},
		{
			"from": [0, 14.25, 10.4],
			"to": [16, 31.25, 10.4],
			"rotation": {"angle": 0, "axis": "y", "origin": [8, 22.75, 10.4]},
			"faces": {
				"north": {"uv": [0, 0, 16, 16], "texture": "#2"},
				"east": {"uv": [0, 0, 0, 16], "texture": "#2"},
				"south": {"uv": [16, 0, 0, 16], "texture": "#2"},
				"west": {"uv": [0, 0, 0, 16], "texture": "#2"},
				"up": {"uv": [0, 8, 0, 0], "rotation": 90, "texture": "#2"},
				"down": {"uv": [0, 0, 0, 8], "rotation": 270, "texture": "#2"}
			}
		},
		{
			"from": [19.90421, 7.88922, 7],
			"to": [22.90421, 10.88922, 9],
			"rotation": {"angle": 45, "axis": "z", "origin": [8.1, -3.91499, 8.2]},
			"faces": {
				"north": {"uv": [4.375, 1.4375, 4, 1.0625], "texture": "#0"},
				"east": {"uv": [4.5, 2.0625, 4.25, 1.6875], "texture": "#0"},
				"south": {"uv": [4, 1.4375, 4.375, 1.0625], "texture": "#0"},
				"west": {"uv": [2.8125, 3.5, 2.5625, 3.125], "texture": "#0"},
				"up": {"uv": [4.25, 1.8125, 4, 1.4375], "rotation": 90, "texture": "#0"},
				"down": {"uv": [2.8125, 3.5, 2.5625, 3.125], "rotation": 270, "texture": "#0"}
			}
		},
		{
			"from": [5.97868, 10.9, 7.01],
			"to": [6.97868, 14.9, 8.99],
			"rotation": {"angle": 22.5, "axis": "z", "origin": [5.97868, 14.9, 8]},
			"faces": {
				"north": {"uv": [3.6875, 1.9375, 4.1875, 1.8125], "rotation": 270, "texture": "#0"},
				"east": {"uv": [3.6875, 2.1875, 4.1875, 1.9375], "rotation": 270, "texture": "#0"},
				"south": {"uv": [3.6875, 1.8125, 4.1875, 1.9375], "rotation": 270, "texture": "#0"},
				"west": {"uv": [3.6875, 2.1875, 4.1875, 1.9375], "rotation": 270, "texture": "#0"},
				"up": {"uv": [3.875, 1.375, 4, 1.125], "texture": "#0"},
				"down": {"uv": [3.875, 1.375, 4, 1.125], "rotation": 180, "texture": "#0"}
			}
		},
		{
			"from": [9.22132, 10.9, 7.01],
			"to": [10.22132, 14.9, 8.99],
			"rotation": {"angle": -22.5, "axis": "z", "origin": [10.22132, 14.9, 8]},
			"faces": {
				"north": {"uv": [3.6875, 2.1875, 4.1875, 2.3125], "rotation": 270, "texture": "#0"},
				"east": {"uv": [3.6875, 2.3125, 4.1875, 2.56], "rotation": 270, "texture": "#0"},
				"south": {"uv": [3.6875, 2.3125, 4.1875, 2.1875], "rotation": 270, "texture": "#0"},
				"west": {"uv": [3.6875, 2.3125, 4.1875, 2.56], "rotation": 270, "texture": "#0"},
				"up": {"uv": [4, 1.125, 3.875, 0.875], "texture": "#0"},
				"down": {"uv": [4, 1.125, 3.875, 0.875], "rotation": 180, "texture": "#0"}
			}
		},
		{
			"from": [9.69975, 11.5, 10.95],
			"to": [6.19975, 8, 9.95],
			"rotation": {"angle": 45, "axis": "z", "origin": [7.94975, 9.75, 10.45]},
			"faces": {
				"north": {"uv": [16, 0, 15.5625, 0.4375], "texture": "#0"},
				"east": {"uv": [15.6875, 0, 15.5625, 0.4375], "texture": "#0"},
				"south": {"uv": [16, 0, 15.5625, 0.4375], "texture": "#0"},
				"west": {"uv": [15.6875, 0, 15.5625, 0.4375], "texture": "#0"},
				"up": {"uv": [15.6875, 0, 15.5625, 0.4375], "rotation": 90, "texture": "#0"},
				"down": {"uv": [15.6875, 0, 15.5625, 0.4375], "rotation": 270, "texture": "#0"}
			}
		},
		{
			"from": [4.75, 6.5, 10.02],
			"to": [11.25, 13, 10.02],
			"rotation": {"angle": 0, "axis": "y", "origin": [9.4, 7.5, 15.1]},
			"faces": {
				"north": {"uv": [0, 0, 13, 13], "texture": "#3"},
				"east": {"uv": [0, 0, 0, 13], "texture": "#3"},
				"south": {"uv": [13, 0, 0, 13], "texture": "#3"},
				"west": {"uv": [0, 0, 0, 13], "texture": "#3"},
				"up": {"uv": [0, 13, 0, 0], "rotation": 90, "texture": "#3"},
				"down": {"uv": [0, 0, 0, 13], "rotation": 270, "texture": "#3"}
			}
		},
		{
			"from": [4.75, 6.5, 10.01],
			"to": [11.25, 13, 10.01],
			"rotation": {"angle": 0, "axis": "y", "origin": [9.4, 7.5, 12.1]},
			"faces": {
				"north": {"uv": [5.25, 0, 6.0625, 0.8125], "texture": "#0"},
				"east": {"uv": [0, 0, 0, 13], "texture": "#3"},
				"south": {"uv": [6.0625, 0, 5.25, 0.8125], "texture": "#0"},
				"west": {"uv": [0, 0, 0, 13], "texture": "#3"},
				"up": {"uv": [0, 13, 0, 0], "rotation": 90, "texture": "#3"},
				"down": {"uv": [0, 0, 0, 13], "rotation": 270, "texture": "#3"}
			}
		},
		{
			"from": [5.25, 7, 10.05],
			"to": [10.75, 12.5, 10.05],
			"rotation": {"angle": 45, "axis": "z", "origin": [8, 9.75, 10.2]},
			"faces": {
				"north": {"uv": [6.0625, 0, 5.25, 0.8125], "texture": "#0"},
				"east": {"uv": [0, 0, 0, 36], "texture": "#missing"},
				"south": {"uv": [6, 0.9375, 5.3125, 1.625], "texture": "#0"},
				"west": {"uv": [0, 0, 0, 36], "texture": "#missing"},
				"up": {"uv": [0, 0, 0, 36], "rotation": 90, "texture": "#missing"},
				"down": {"uv": [0, 0, 0, 36], "rotation": 270, "texture": "#missing"}
			}
		},
		{
			"from": [5.25, 7, 6],
			"to": [10.75, 12.5, 10],
			"rotation": {"angle": 45, "axis": "z", "origin": [8, 9.75, 10.2]},
			"faces": {
				"north": {"uv": [4.5, 0, 5.1875, 0.6875], "texture": "#0"},
				"east": {"uv": [5, 0.6875, 4.5, 1.375], "texture": "#0"},
				"south": {"uv": [5.1875, 0, 4.5, 0.6875], "texture": "#0"},
				"west": {"uv": [5, 1.375, 4.5, 2.0625], "texture": "#0"},
				"up": {"uv": [5, 0.6875, 4.5, 1.375], "rotation": 90, "texture": "#0"},
				"down": {"uv": [5, 2.0625, 4.5, 1.375], "rotation": 270, "texture": "#0"}
			}
		},
		{
			"from": [5.25, 7, 6],
			"to": [10.75, 12.5, 10],
			"rotation": {"angle": 45, "axis": "z", "origin": [8, 9.75, 5.8]},
			"faces": {
				"north": {"uv": [4.5, 0, 5.1875, 0.6875], "texture": "#0"},
				"east": {"uv": [4.5, 0.6875, 5, 1.375], "texture": "#0"},
				"south": {"uv": [5.1875, 0, 4.5, 0.6875], "texture": "#0"},
				"west": {"uv": [4.5, 1.375, 5, 2.0625], "texture": "#0"},
				"up": {"uv": [4.5, 0.6875, 5, 1.375], "rotation": 90, "texture": "#0"},
				"down": {"uv": [4.5, 2.0625, 5, 1.375], "rotation": 270, "texture": "#0"}
			}
		},
		{
			"from": [5.25, 7, 5.95],
			"to": [10.75, 12.5, 5.95],
			"rotation": {"angle": 45, "axis": "z", "origin": [8, 9.75, 5.8]},
			"faces": {
				"north": {"uv": [5.3125, 0.9375, 6, 1.625], "texture": "#0"},
				"east": {"uv": [0, 0, 0, 36], "texture": "#missing"},
				"south": {"uv": [5.25, 0, 6.0625, 0.8125], "texture": "#0"},
				"west": {"uv": [0, 0, 0, 36], "texture": "#missing"},
				"up": {"uv": [0, 0, 0, 36], "rotation": 90, "texture": "#missing"},
				"down": {"uv": [0, 0, 0, 36], "rotation": 270, "texture": "#missing"}
			}
		},
		{
			"from": [4.75, 6.5, 5.99],
			"to": [11.25, 13, 5.99],
			"rotation": {"angle": 0, "axis": "y", "origin": [9.4, 7.5, 3.9]},
			"faces": {
				"north": {"uv": [5.25, 0, 6.0625, 0.8125], "texture": "#0"},
				"east": {"uv": [0, 0, 0, 13], "texture": "#3"},
				"south": {"uv": [6.0625, 0, 5.25, 0.8125], "texture": "#0"},
				"west": {"uv": [0, 0, 0, 13], "texture": "#3"},
				"up": {"uv": [0, 13, 0, 0], "rotation": 90, "texture": "#3"},
				"down": {"uv": [0, 0, 0, 13], "rotation": 270, "texture": "#3"}
			}
		},
		{
			"from": [11.21406, 5.80183, 6.76],
			"to": [13.31406, 7.90183, 9.24],
			"rotation": {"angle": 22.5, "axis": "z", "origin": [10.65277, 6.72164, 8]},
			"faces": {
				"north": {"uv": [3.1875, 1.125, 3.4375, 1.375], "rotation": 90, "texture": "#0"},
				"east": {"uv": [2.75, 2.3125, 3.0625, 2.5625], "texture": "#0"},
				"south": {"uv": [3.4375, 1.125, 3.1875, 1.375], "rotation": 270, "texture": "#0"},
				"west": {"uv": [2.75, 2.3125, 3.0625, 2.5625], "rotation": 180, "texture": "#0"},
				"up": {"uv": [2.4375, 2.3125, 2.75, 2.5625], "rotation": 270, "texture": "#0"},
				"down": {"uv": [2.4375, 2.3125, 2.75, 2.5625], "rotation": 270, "texture": "#0"}
			}
		},
		{
			"from": [5.22935, 6.45306, 6.75],
			"to": [11.72935, 9.45306, 9.25],
			"rotation": {"angle": -22.5, "axis": "z", "origin": [10.65277, 6.72164, 8]},
			"faces": {
				"north": {"uv": [2.4375, 2.3125, 2.8125, 1.5], "rotation": 90, "texture": "#0"},
				"east": {"uv": [3.1875, 1.5, 2.875, 1.125], "texture": "#0"},
				"south": {"uv": [2.8125, 2.3125, 2.4375, 1.5], "rotation": 270, "texture": "#0"},
				"west": {"uv": [3.1875, 1.5, 2.875, 1.125], "rotation": 180, "texture": "#0"},
				"up": {"uv": [3.4375, 2.3125, 3.125, 1.5], "rotation": 270, "texture": "#0"},
				"down": {"uv": [3.125, 2.3125, 2.8125, 1.5], "rotation": 270, "texture": "#0"}
			}
		},
		{
			"from": [10.89323, 12.32774, 6.26],
			"to": [12.99323, 14.42774, 9.74],
			"rotation": {"angle": 0, "axis": "y", "origin": [11.65693, 11.88235, 8.05]},
			"faces": {
				"north": {"uv": [3.0625, 1.125, 2.8125, 0.875], "texture": "#0"},
				"east": {"uv": [3.5, 1.125, 3.0625, 0.875], "texture": "#0"},
				"south": {"uv": [2.8125, 1.125, 3.0625, 0.875], "texture": "#0"},
				"west": {"uv": [3.5, 1.125, 3.0625, 0.875], "texture": "#0"},
				"up": {"uv": [2.875, 1.5, 2.4375, 1.25], "rotation": 90, "texture": "#0"},
				"down": {"uv": [2.875, 1.5, 2.4375, 1.25], "rotation": 270, "texture": "#0"}
			}
		},
		{
			"from": [6.44606, 11.23731, 6.25],
			"to": [12.94606, 14.23731, 9.75],
			"rotation": {"angle": 45, "axis": "z", "origin": [11.65693, 11.88235, 8.05]},
			"faces": {
				"north": {"uv": [2.4375, 0, 2.8125, 0.8125], "rotation": 270, "texture": "#0"},
				"east": {"uv": [2.4375, 0.8125, 2.8125, 1.25], "rotation": 270, "texture": "#0"},
				"south": {"uv": [2.4375, 0.8125, 2.8125, 0], "rotation": 270, "texture": "#0"},
				"west": {"uv": [2.4375, 0.8125, 2.8125, 1.25], "rotation": 270, "texture": "#0"},
				"up": {"uv": [2.8125, 0, 3.625, 0.4375], "texture": "#0"},
				"down": {"uv": [2.8125, 0.4375, 3.625, 0.875], "rotation": 180, "texture": "#0"}
			}
		},
		{
			"from": [3.00677, 12.32774, 6.26],
			"to": [5.10677, 14.42774, 9.74],
			"rotation": {"angle": 0, "axis": "y", "origin": [4.34307, 11.88235, 8.05]},
			"faces": {
				"north": {"uv": [2.8125, 1.125, 3.0625, 0.875], "texture": "#0"},
				"east": {"uv": [3.0625, 1.125, 3.5, 0.875], "texture": "#0"},
				"south": {"uv": [3.0625, 1.125, 2.8125, 0.875], "texture": "#0"},
				"west": {"uv": [3.0625, 1.125, 3.5, 0.875], "texture": "#0"},
				"up": {"uv": [2.875, 1.25, 2.4375, 1.5], "rotation": 90, "texture": "#0"},
				"down": {"uv": [2.875, 1.25, 2.4375, 1.5], "rotation": 270, "texture": "#0"}
			}
		},
		{
			"from": [3.05394, 11.23731, 6.25],
			"to": [9.55394, 14.23731, 9.75],
			"rotation": {"angle": -45, "axis": "z", "origin": [4.34307, 11.88235, 8.05]},
			"faces": {
				"north": {"uv": [2.4375, 0.8125, 2.8125, 0], "rotation": 270, "texture": "#0"},
				"east": {"uv": [2.4375, 1.25, 2.8125, 0.8125], "rotation": 270, "texture": "#0"},
				"south": {"uv": [2.4375, 0, 2.8125, 0.8125], "rotation": 270, "texture": "#0"},
				"west": {"uv": [2.4375, 1.25, 2.8125, 0.8125], "rotation": 270, "texture": "#0"},
				"up": {"uv": [3.625, 0, 2.8125, 0.4375], "texture": "#0"},
				"down": {"uv": [3.625, 0.4375, 2.8125, 0.875], "rotation": 180, "texture": "#0"}
			}
		},
		{
			"from": [2.68594, 5.80183, 6.76],
			"to": [4.78594, 7.90183, 9.24],
			"rotation": {"angle": -22.5, "axis": "z", "origin": [5.34723, 6.72164, 8]},
			"faces": {
				"north": {"uv": [3.1875, 1.375, 3.4375, 1.125], "rotation": 90, "texture": "#0"},
				"east": {"uv": [3.0625, 2.3125, 2.75, 2.5625], "rotation": 180, "texture": "#0"},
				"south": {"uv": [3.4375, 1.375, 3.1875, 1.125], "rotation": 270, "texture": "#0"},
				"west": {"uv": [3.0625, 2.3125, 2.75, 2.5625], "texture": "#0"},
				"up": {"uv": [2.4375, 2.5625, 2.75, 2.3125], "rotation": 270, "texture": "#0"},
				"down": {"uv": [2.4375, 2.5625, 2.75, 2.3125], "rotation": 270, "texture": "#0"}
			}
		},
		{
			"from": [4.27065, 6.45306, 6.75],
			"to": [10.77065, 9.45306, 9.25],
			"rotation": {"angle": 22.5, "axis": "z", "origin": [5.34723, 6.72164, 8]},
			"faces": {
				"north": {"uv": [2.4375, 1.5, 2.8125, 2.3125], "rotation": 90, "texture": "#0"},
				"east": {"uv": [2.875, 1.5, 3.1875, 1.125], "rotation": 180, "texture": "#0"},
				"south": {"uv": [2.8125, 1.5, 2.4375, 2.3125], "rotation": 270, "texture": "#0"},
				"west": {"uv": [2.875, 1.5, 3.1875, 1.125], "texture": "#0"},
				"up": {"uv": [3.4375, 1.5, 3.125, 2.3125], "rotation": 270, "texture": "#0"},
				"down": {"uv": [3.125, 1.5, 2.8125, 2.3125], "rotation": 270, "texture": "#0"}
			}
		},
		{
			"from": [23.30421, -11.08922, 6.75],
			"to": [23.30421, -11.08922, 9.25],
			"rotation": {"angle": -45, "axis": "z", "origin": [8, 0.71499, 8]},
			"color": 6,
			"faces": {
				"north": {"uv": [32.5, 16.5, 30, 19], "texture": "#missing"},
				"east": {"uv": [32.5, 19, 30, 21.5], "texture": "#missing"},
				"south": {"uv": [30, 16.5, 32.5, 19], "texture": "#missing"},
				"west": {"uv": [32.5, 24, 30, 21.5], "texture": "#missing"},
				"up": {"uv": [32.5, 21.5, 30, 24], "rotation": 90, "texture": "#missing"},
				"down": {"uv": [32.5, 19, 30, 21.5], "rotation": 270, "texture": "#missing"}
			}
		},
		{
			"from": [-16, 1, 12],
			"to": [4, 23, 12],
			"rotation": {"angle": 22.5, "axis": "y", "origin": [-6, 7, 10]},
			"faces": {
				"north": {"uv": [8.8125, 0, 11.3125, 2.75], "texture": "#0"},
				"east": {"uv": [0, 0, 0, 2.625], "texture": "#missing"},
				"south": {"uv": [11.3125, 0, 8.8125, 2.75], "texture": "#0"},
				"west": {"uv": [0, 0, 0, 2.625], "texture": "#missing"},
				"up": {"uv": [0, 0, 2.25, 0], "texture": "#missing"},
				"down": {"uv": [0, 0, 2.25, 0], "texture": "#missing"}
			}
		},
		{
			"from": [12, 1, 12],
			"to": [32, 23, 12],
			"rotation": {"angle": -22.5, "axis": "y", "origin": [22, 7, 10]},
			"faces": {
				"north": {"uv": [11.3125, 0, 8.8125, 2.75], "texture": "#0"},
				"east": {"uv": [0, 0, 0, 2.625], "texture": "#missing"},
				"south": {"uv": [8.8125, 0, 11.3125, 2.75], "texture": "#0"},
				"west": {"uv": [0, 0, 0, 2.625], "texture": "#missing"},
				"up": {"uv": [2.25, 0, 0, 0], "texture": "#missing"},
				"down": {"uv": [2.25, 0, 0, 0], "texture": "#missing"}
			}
		}
	],
	"gui_light": "front",
	"display": {
		"thirdperson_righthand": {
			"rotation": [75, 45, 0],
			"translation": [0, 0.75, -0.75],
			"scale": [0.28906, 0.28906, 0.28906]
		},
		"thirdperson_lefthand": {
			"rotation": [68, 0, 0],
			"translation": [-6, -7.25, 5]
		},
		"firstperson_righthand": {
			"translation": [4, 1, 0],
			"scale": [0.46328, 0.46328, 0.46328]
		},
		"firstperson_lefthand": {
			"scale": [0, 0, 0]
		},
		"ground": {
			"translation": [0, 9, 0],
			"scale": [0.6, 0.6, 0.6]
		},
		"gui": {
			"rotation": [14, 166, 0],
			"translation": [-0.75, -2.5, -1.5],
			"scale": [0.37501, 0.37501, 0.37501]
		},
		"head": {
			"translation": [0, -56, 8],
			"scale": [1.8, 1.8, 1.8]
		},
		"fixed": {
			"rotation": [0, -180, 0],
			"translation": [0, -7, -4.75],
			"scale": [2.4, 2.4, 2.4]
		}
	}
}