{
	"format_version": "1.21.6",
	"credit": "Model by NNNNN ( PLAYBOX Studios )",
	"texture_size": [64, 64],
	"textures": {
		"0": "npc_outfits:item/arcadehero_shield",
		"1": "npc_outfits:item/arcadehero_shield_effect",
		"particle": "npc_outfits:item/arcadehero_shield"
	},
	"elements": [
		{
			"from": [1, 1, 7],
			"to": [15, 15, 9],
			"rotation": {"angle": 0, "axis": "y", "origin": [8, 1, 8]},
			"faces": {
				"north": {"uv": [0.5, 0.5, 4, 4], "rotation": 180, "texture": "#0", "tintindex": 0},
				"east": {"uv": [0, 0.5, 0.5, 4], "texture": "#0", "tintindex": 0},
				"south": {"uv": [4.5, 0.5, 8, 4], "texture": "#0"},
				"west": {"uv": [4, 0.5, 4.5, 4], "texture": "#0", "tintindex": 0},
				"up": {"uv": [0.5, 0, 4, 0.5], "rotation": 180, "texture": "#0", "tintindex": 0},
				"down": {"uv": [0.5, 4.5, 4, 4], "texture": "#0", "tintindex": 0}
			}
		},
		{
			"from": [-2, -2, 9],
			"to": [18, 18, 9],
			"rotation": {"angle": 0, "axis": "y", "origin": [8, 1, 8]},
			"faces": {
				"north": {"uv": [0, 0, 16, 16], "rotation": 180, "texture": "#1"}
			}
		},
		{
			"from": [2, 2, 6],
			"to": [14, 14, 7],
			"rotation": {"angle": 0, "axis": "y", "origin": [8, 1, 8]},
			"faces": {
				"north": {"uv": [0.75, 5, 3.75, 8], "rotation": 180, "texture": "#0"},
				"east": {"uv": [0.5, 5, 0.75, 8], "rotation": 180, "texture": "#0"},
				"west": {"uv": [3.75, 5, 4, 8], "texture": "#0"},
				"up": {"uv": [0.75, 4.75, 3.75, 5], "rotation": 180, "texture": "#0"},
				"down": {"uv": [0.75, 8, 3.75, 8.25], "texture": "#0"}
			}
		},
		{
			"from": [4.5, 8.5, 5.75],
			"to": [11.5, 15.5, 5.75],
			"rotation": {"angle": 0, "axis": "y", "origin": [8, 1, 8]},
			"faces": {
				"north": {"uv": [5.5, 4, 7.25, 5.75], "texture": "#0"}
			}
		},
		{
			"from": [8.5, 4.5, 5.75],
			"to": [15.5, 11.5, 5.75],
			"rotation": {"angle": 0, "axis": "y", "origin": [8, 1, 8]},
			"faces": {
				"north": {"uv": [4, 5.5, 5.75, 7.25], "texture": "#0"}
			}
		},
		{
			"from": [4.5, 0.5, 5.75],
			"to": [11.5, 7.5, 5.75],
			"rotation": {"angle": 0, "axis": "y", "origin": [8, 1, 8]},
			"faces": {
				"north": {"uv": [5.5, 7, 7.25, 8.75], "texture": "#0"}
			}
		},
		{
			"from": [0.5, 4.5, 5.75],
			"to": [7.5, 11.5, 5.75],
			"rotation": {"angle": 0, "axis": "y", "origin": [8, 1, 8]},
			"faces": {
				"north": {"uv": [7, 5.5, 8.75, 7.25], "texture": "#0"}
			}
		},
		{
			"from": [5.5, 9.5, 3.75],
			"to": [10.5, 14.5, 3.75],
			"rotation": {"angle": 0, "axis": "y", "origin": [8, 1, 8]},
			"faces": {
				"north": {"uv": [12.25, 14.75, 13.5, 16], "texture": "#0"}
			}
		},
		{
			"from": [9.5, 5.5, 3.75],
			"to": [14.5, 10.5, 3.75],
			"rotation": {"angle": 0, "axis": "y", "origin": [8, 1, 8]},
			"faces": {
				"north": {"uv": [11, 14.75, 12.25, 16], "texture": "#0"}
			}
		},
		{
			"from": [5.5, 1.5, 3.75],
			"to": [10.5, 6.5, 3.75],
			"rotation": {"angle": 0, "axis": "y", "origin": [8, 1, 8]},
			"faces": {
				"north": {"uv": [13.5, 14.75, 14.75, 16], "texture": "#0"}
			}
		},
		{
			"from": [1.5, 5.5, 3.75],
			"to": [6.5, 10.5, 3.75],
			"rotation": {"angle": 0, "axis": "y", "origin": [8, 1, 8]},
			"faces": {
				"north": {"uv": [14.75, 14.75, 16, 16], "texture": "#0"}
			}
		},
		{
			"from": [5.5, 9.5, 1.75],
			"to": [10.5, 14.5, 1.75],
			"rotation": {"angle": 0, "axis": "y", "origin": [8, 1, 8]},
			"faces": {
				"north": {"uv": [12.25, 13.5, 13.5, 14.75], "texture": "#0"}
			}
		},
		{
			"from": [9.5, 5.5, 1.75],
			"to": [14.5, 10.5, 1.75],
			"rotation": {"angle": 0, "axis": "y", "origin": [8, 1, 8]},
			"faces": {
				"north": {"uv": [11, 13.5, 12.25, 14.75], "texture": "#0"}
			}
		},
		{
			"from": [5.5, 1.5, 1.75],
			"to": [10.5, 6.5, 1.75],
			"rotation": {"angle": 0, "axis": "y", "origin": [8, 1, 8]},
			"faces": {
				"north": {"uv": [13.5, 13.5, 14.75, 14.75], "texture": "#0"}
			}
		},
		{
			"from": [1.5, 5.5, 1.75],
			"to": [6.5, 10.5, 1.75],
			"rotation": {"angle": 0, "axis": "y", "origin": [8, 1, 8]},
			"faces": {
				"north": {"uv": [14.75, 13.5, 16, 14.75], "texture": "#0"}
			}
		},
		{
			"from": [5.5, 9.5, -0.25],
			"to": [10.5, 14.5, -0.25],
			"rotation": {"angle": 0, "axis": "y", "origin": [8, 1, 8]},
			"faces": {
				"north": {"uv": [12.25, 12.25, 13.5, 13.5], "texture": "#0"}
			}
		},
		{
			"from": [9.5, 5.5, -0.25],
			"to": [14.5, 10.5, -0.25],
			"rotation": {"angle": 0, "axis": "y", "origin": [8, 1, 8]},
			"faces": {
				"north": {"uv": [11, 12.25, 12.25, 13.5], "texture": "#0"}
			}
		},
		{
			"from": [5.5, 1.5, -0.25],
			"to": [10.5, 6.5, -0.25],
			"rotation": {"angle": 0, "axis": "y", "origin": [8, 1, 8]},
			"faces": {
				"north": {"uv": [13.5, 12.25, 14.75, 13.5], "texture": "#0"}
			}
		},
		{
			"from": [1.5, 5.5, -0.25],
			"to": [6.5, 10.5, -0.25],
			"rotation": {"angle": 0, "axis": "y", "origin": [8, 1, 8]},
			"faces": {
				"north": {"uv": [14.75, 12.25, 16, 13.5], "texture": "#0"}
			}
		},
		{
			"from": [5.5, 9.5, -2.25],
			"to": [10.5, 14.5, -2.25],
			"rotation": {"angle": 0, "axis": "y", "origin": [8, 1, 8]},
			"faces": {
				"north": {"uv": [12.25, 11, 13.5, 12.25], "texture": "#0"}
			}
		},
		{
			"from": [9.5, 5.5, -2.25],
			"to": [14.5, 10.5, -2.25],
			"rotation": {"angle": 0, "axis": "y", "origin": [8, 1, 8]},
			"faces": {
				"north": {"uv": [11, 11, 12.25, 12.25], "texture": "#0"}
			}
		},
		{
			"from": [5.5, 1.5, -2.25],
			"to": [10.5, 6.5, -2.25],
			"rotation": {"angle": 0, "axis": "y", "origin": [8, 1, 8]},
			"faces": {
				"north": {"uv": [13.5, 11, 14.75, 12.25], "texture": "#0"}
			}
		},
		{
			"from": [1.5, 5.5, -2.25],
			"to": [6.5, 10.5, -2.25],
			"rotation": {"angle": 0, "axis": "y", "origin": [8, 1, 8]},
			"faces": {
				"north": {"uv": [14.75, 11, 16, 12.25], "texture": "#0"}
			}
		},
		{
			"from": [5.5, 9.5, -4.25],
			"to": [10.5, 14.5, -4.25],
			"rotation": {"angle": 0, "axis": "y", "origin": [8, 1, 8]},
			"faces": {
				"north": {"uv": [12.25, 9.75, 13.5, 11], "texture": "#0"}
			}
		},
		{
			"from": [9.5, 5.5, -4.25],
			"to": [14.5, 10.5, -4.25],
			"rotation": {"angle": 0, "axis": "y", "origin": [8, 1, 8]},
			"faces": {
				"north": {"uv": [11, 9.75, 12.25, 11], "texture": "#0"}
			}
		},
		{
			"from": [5.5, 1.5, -4.25],
			"to": [10.5, 6.5, -4.25],
			"rotation": {"angle": 0, "axis": "y", "origin": [8, 1, 8]},
			"faces": {
				"north": {"uv": [13.5, 9.75, 14.75, 11], "texture": "#0"}
			}
		},
		{
			"from": [1.5, 5.5, -4.25],
			"to": [6.5, 10.5, -4.25],
			"rotation": {"angle": 0, "axis": "y", "origin": [8, 1, 8]},
			"faces": {
				"north": {"uv": [14.75, 9.75, 16, 11], "texture": "#0"}
			}
		},
		{
			"from": [5.5, 5.5, 8.5],
			"to": [10.5, 10.5, 13.5],
			"rotation": {"angle": 0, "axis": "y", "origin": [8, 1, 8]},
			"faces": {
				"south": {"uv": [9.25, 0, 10.5, 1.25], "texture": "#0", "tintindex": 0},
				"up": {"uv": [10.5, 0, 11.75, 1.25], "rotation": 180, "texture": "#0", "tintindex": 0}
			}
		},
		{
			"from": [5.5, 5.5, 8.5],
			"to": [10.5, 10.5, 13.5],
			"rotation": {"angle": 0, "axis": "y", "origin": [8, 1, 8]},
			"faces": {
				"north": {"uv": [0, 0, 5, 5], "rotation": 180, "texture": "#0"},
				"east": {"uv": [8, 0, 9.25, 1.25], "rotation": 270, "texture": "#0"},
				"south": {"uv": [9.25, 1.25, 10.5, 2.5], "texture": "#0"},
				"west": {"uv": [8, 2.5, 9.25, 3.75], "rotation": 90, "texture": "#0"},
				"up": {"uv": [8, 1.25, 9.25, 2.5], "rotation": 180, "texture": "#0"},
				"down": {"uv": [9.25, 2.5, 10.5, 3.75], "texture": "#0"}
			}
		}
	],
	"display": {
		"thirdperson_righthand": {
			"rotation": [0, -90, 0],
			"translation": [3, -2, 4]
		},
		"thirdperson_lefthand": {
			"rotation": [0, -90, 0],
			"translation": [3, -2, 4]
		},
		"firstperson_righthand": {
			"rotation": [0, -20, 0],
			"translation": [5, -2, -1]
		},
		"firstperson_lefthand": {
			"rotation": [0, -20, 0],
			"translation": [5, -2, -1]
		},
		"ground": {
			"rotation": [90, 0, 0],
			"translation": [0, 3.5, 0]
		},
		"gui": {
			"rotation": [155, 15, -145],
			"translation": [-0.25, 0.25, 0],
			"scale": [0.8, 0.8, 0.8]
		},
		"head": {
			"rotation": [0, -180, 0],
			"translation": [0, -18.5, 5.25],
			"scale": [1.6, 1.6, 1.6]
		},
		"fixed": {
			"translation": [0, 0, -2],
			"scale": [2, 2, 2]
		}
	},
	"groups": [
		0,
		1,
		2,
		{
			"name": "group",
			"origin": [8, 1, 8],
			"color": 0,
			"children": [3, 4, 5, 6]
		},
		{
			"name": "1",
			"origin": [8, 1, 8],
			"color": 0,
			"children": [7, 8, 9, 10]
		},
		{
			"name": "2",
			"origin": [8, 1, 8],
			"color": 0,
			"children": [11, 12, 13, 14]
		},
		{
			"name": "3",
			"origin": [8, 1, 8],
			"color": 0,
			"children": [15, 16, 17, 18]
		},
		{
			"name": "4",
			"origin": [8, 1, 8],
			"color": 0,
			"children": [19, 20, 21, 22]
		},
		{
			"name": "5",
			"origin": [8, 1, 8],
			"color": 0,
			"children": [23, 24, 25, 26]
		},
		27,
		28
	],
	"mcmodels": "99844e4c93ecdea143a2a1e3f827b602"
}