{
	"format_version": "1.21.6",
	"credit": "Model by NNNNN ( PLAYBOX Studios )",
	"texture_size": [20, 20],
	"textures": {
		"0": "npc_outfits:item/arcadehero_blue_sword",
		"particle": "npc_outfits:item/arcadehero_blue_sword"
	},
	"elements": [
		{
			"from": [7.5, -3, 7.5],
			"to": [8.5, 3, 8.5],
			"rotation": {"angle": 0, "axis": "y", "origin": [16, -5, 16]},
			"faces": {
				"north": {"uv": [0, 11.2, 0.8, 16], "texture": "#0"},
				"east": {"uv": [0, 11.2, 0.8, 16], "texture": "#0"},
				"south": {"uv": [0, 11.2, 0.8, 16], "texture": "#0"},
				"west": {"uv": [0, 11.2, 0.8, 16], "texture": "#0"},
				"up": {"uv": [0, 11.2, 0.8, 12], "rotation": 90, "texture": "#0"},
				"down": {"uv": [0, 15.2, 0.8, 16], "rotation": 270, "texture": "#0"}
			}
		},
		{
			"from": [7.5, 3, 4.5],
			"to": [8.5, 5, 11.5],
			"rotation": {"angle": 0, "axis": "y", "origin": [8, 4, 6]},
			"faces": {
				"north": {"uv": [15.2, 14.4, 16, 16], "texture": "#0"},
				"east": {"uv": [10.4, 14.4, 16, 16], "texture": "#0"},
				"south": {"uv": [10.4, 14.4, 11.2, 16], "texture": "#0"},
				"west": {"uv": [10.4, 14.4, 16, 16], "texture": "#0"},
				"up": {"uv": [10.4, 14.4, 16, 15.2], "rotation": 90, "texture": "#0"},
				"down": {"uv": [10.4, 15.2, 16, 16], "rotation": 270, "texture": "#0"}
			}
		},
		{
			"from": [8, 0, 2.5],
			"to": [8, 8, 13.5],
			"rotation": {"angle": 0, "axis": "y", "origin": [8.5, 4, 6]},
			"faces": {
				"north": {"uv": [15.2, 14.4, 16, 16], "texture": "#0"},
				"east": {"uv": [7.2, 8, 16, 14.4], "texture": "#0"},
				"south": {"uv": [8.8, 14.4, 9.6, 16], "texture": "#0"},
				"west": {"uv": [7.2, 8, 16, 14.4], "texture": "#0"},
				"up": {"uv": [8.8, 14.4, 16, 15.2], "rotation": 90, "texture": "#0"},
				"down": {"uv": [8.8, 15.2, 16, 16], "rotation": 270, "texture": "#0"}
			}
		},
		{
			"from": [7.5, 5, 6],
			"to": [8.5, 18, 10],
			"rotation": {"angle": 0, "axis": "y", "origin": [7.5, 7, 8]},
			"faces": {
				"north": {"uv": [4, 0, 4.8, 10.4], "texture": "#0"},
				"east": {"uv": [0.8, 0, 4, 10.4], "texture": "#0"},
				"south": {"uv": [0, 0, 0.8, 10.4], "texture": "#0"},
				"west": {"uv": [0.8, 0, 4, 10.4], "texture": "#0"}
			}
		},
		{
			"from": [7, 4, 7],
			"to": [9, 17.5, 9],
			"rotation": {"angle": 0, "axis": "y", "origin": [7, 7, 8]},
			"faces": {
				"north": {"uv": [6.4, 2.4, 7.2, 13.6], "texture": "#0"},
				"east": {"uv": [5.6, 2.4, 7.2, 13.6], "texture": "#0"},
				"south": {"uv": [5.6, 2.4, 6.4, 13.6], "texture": "#0"},
				"west": {"uv": [7.2, 2.4, 5.6, 13.6], "texture": "#0"}
			}
		},
		{
			"from": [7.5, 16.575, 6.6],
			"to": [8.5, 19.4, 9.425],
			"rotation": {"angle": 45, "axis": "x", "origin": [8, 18, 8]},
			"faces": {
				"north": {"uv": [6.4, 0, 7.2, 2.4], "texture": "#0"},
				"east": {"uv": [4.8, 0, 7.2, 2.4], "texture": "#0"},
				"west": {"uv": [4.8, 0, 7.2, 2.4], "texture": "#0"},
				"up": {"uv": [4.8, 0, 7.2, 0.8], "rotation": 90, "texture": "#0"}
			}
		},
		{
			"from": [7, 16.8, 7.3],
			"to": [9, 18.2, 8.7],
			"rotation": {"angle": 45, "axis": "x", "origin": [8, 17.5, 8]},
			"faces": {
				"north": {"uv": [5.6, 2.4, 7.2, 3.2], "texture": "#0"},
				"east": {"uv": [5.6, 2.4, 7.2, 3.2], "texture": "#0"},
				"south": {"uv": [5.6, 2.4, 7.2, 3.2], "texture": "#0"},
				"west": {"uv": [5.6, 2.4, 7.2, 3.2], "texture": "#0"},
				"up": {"uv": [5.6, 2.4, 7.2, 3.2], "rotation": 90, "texture": "#0"},
				"down": {"uv": [5.6, 2.4, 7.2, 3.2], "rotation": 270, "texture": "#0"}
			}
		},
		{
			"from": [7, -4, 7.5],
			"to": [9, -2, 9.5],
			"rotation": {"angle": -45, "axis": "x", "origin": [7.5, -3.5, 8]},
			"faces": {
				"north": {"uv": [2.4, 14.4, 4, 16], "rotation": 270, "texture": "#0"},
				"east": {"uv": [2.4, 12.8, 4, 14.4], "rotation": 270, "texture": "#0"},
				"south": {"uv": [2.4, 11.2, 4, 12.8], "rotation": 270, "texture": "#0"},
				"west": {"uv": [2.4, 12.8, 4, 14.4], "texture": "#0"},
				"up": {"uv": [4, 12.8, 5.6, 14.4], "rotation": 180, "texture": "#0"},
				"down": {"uv": [0.8, 12.8, 2.4, 14.4], "texture": "#0"}
			}
		},
		{
			"from": [6.5, 2, 6],
			"to": [9.5, 6, 10],
			"rotation": {"angle": -45, "axis": "x", "origin": [7.5, 4, 8]},
			"faces": {
				"north": {"uv": [10.4, 5.6, 13.6, 8], "rotation": 270, "texture": "#0"},
				"east": {"uv": [10.4, 2.4, 13.6, 5.6], "rotation": 270, "texture": "#0"},
				"south": {"uv": [13.6, 2.4, 16, 5.6], "texture": "#0"},
				"west": {"uv": [10.4, 2.4, 13.6, 5.6], "texture": "#0"},
				"up": {"uv": [10.4, 0, 13.6, 2.4], "rotation": 90, "texture": "#0"},
				"down": {"uv": [8, 2.4, 10.4, 5.6], "texture": "#0"}
			}
		},
		{
			"from": [6, 3.5, 6.5],
			"to": [10, 4.5, 9.5],
			"rotation": {"angle": 0, "axis": "z", "origin": [7, 4, 8]},
			"faces": {
				"north": {"uv": [8, 14.4, 7.2, 15.2], "rotation": 90, "texture": "#0"},
				"east": {"uv": [5.6, 14.4, 8, 15.2], "texture": "#0"},
				"south": {"uv": [6.4, 14.4, 5.6, 15.2], "rotation": 90, "texture": "#0"},
				"west": {"uv": [5.6, 14.4, 8, 15.2], "texture": "#0"},
				"up": {"uv": [5.6, 14.4, 8, 15.2], "rotation": 90, "texture": "#0"},
				"down": {"uv": [5.6, 14.4, 8, 15.2], "rotation": 270, "texture": "#0"}
			}
		},
		{
			"from": [6, 2.5, 7.5],
			"to": [10, 5.5, 8.5],
			"rotation": {"angle": 0, "axis": "z", "origin": [7, 4, 8]},
			"faces": {
				"north": {"uv": [6.4, 13.6, 7.2, 16], "texture": "#0"},
				"east": {"uv": [6.4, 13.6, 7.2, 16], "texture": "#0"},
				"south": {"uv": [6.4, 13.6, 7.2, 16], "texture": "#0"},
				"west": {"uv": [6.4, 13.6, 7.2, 16], "texture": "#0"},
				"up": {"uv": [6.4, 15.2, 7.2, 16], "rotation": 90, "texture": "#0"},
				"down": {"uv": [6.4, 15.2, 7.2, 16], "rotation": 270, "texture": "#0"}
			}
		}
	],
	"display": {
		"thirdperson_righthand": {
			"translation": [0, 6, 2]
		},
		"thirdperson_lefthand": {
			"translation": [0, 6, 2]
		},
		"firstperson_righthand": {
			"rotation": [-15, 0, 0],
			"translation": [2.25, 4.75, 0]
		},
		"firstperson_lefthand": {
			"rotation": [-15, 0, 0],
			"translation": [2.25, 4.75, 0]
		},
		"ground": {
			"translation": [0, 9, 0]
		},
		"gui": {
			"rotation": [45, 55, -75],
			"translation": [0.25, 0.25, 0],
			"scale": [0.8, 0.8, 0.8]
		},
		"head": {
			"scale": [0, 0, 0]
		},
		"fixed": {
			"rotation": [0, -90, 0],
			"translation": [0, 0, -2],
			"scale": [2, 2, 2]
		}
	},
	"mcmodels": "99844e4c93ecdea143a2a1e3f827b602"
}