{
	"format_version": "1.21.6",
	"credit": "Model by NNNNN ( PLAYBOX Studios )",
	"texture_size": [10, 10],
	"textures": {
		"0": "npc_outfits:item/arcadehero_wing_cap",
		"1": "npc_outfits:item/arcadehero_wing_cap_effect",
		"particle": "npc_outfits:item/arcadehero_wing_cap"
	},
	"elements": [
		{
			"from": [3.5, 8, -0.5],
			"to": [12.5, 8, 3.5],
			"rotation": {"angle": 0, "axis": "y", "origin": [8, 8.5, 7.5]},
			"faces": {
				"north": {"uv": [0, 0, 9, 0], "texture": "#0"},
				"east": {"uv": [0, 0, 4, 0], "texture": "#0"},
				"south": {"uv": [0, 0, 9, 0], "texture": "#0"},
				"west": {"uv": [0, 0, 4, 0], "texture": "#0"},
				"up": {"uv": [6.5, 2, 11, 0], "texture": "#0", "tintindex": 0},
				"down": {"uv": [6.5, 0, 11, 2], "texture": "#0", "tintindex": 0}
			}
		},
		{
			"from": [3.5, 8, 3.5],
			"to": [12.5, 12, 12.5],
			"rotation": {"angle": 0, "axis": "y", "origin": [8, 8.5, 7.5]},
			"faces": {
				"north": {"uv": [2, 6.5, 6.5, 8.5], "texture": "#0", "tintindex": 0},
				"east": {"uv": [2, 2, 0, 6.5], "rotation": 90, "texture": "#0", "tintindex": 0},
				"south": {"uv": [2, 0, 6.5, 2], "rotation": 180, "texture": "#0", "tintindex": 0},
				"west": {"uv": [6.5, 2, 8.5, 6.5], "rotation": 90, "texture": "#0", "tintindex": 0},
				"up": {"uv": [2, 2, 6.5, 6.5], "texture": "#0", "tintindex": 0}
			}
		},
		{
			"from": [11.5, 5, 6],
			"to": [13.5, 9, 10],
			"rotation": {"angle": 0, "axis": "y", "origin": [8, 8.5, 7.5]},
			"faces": {
				"north": {"uv": [14, 1, 15, 3], "texture": "#0"},
				"east": {"uv": [12, 1, 14, 3], "texture": "#0"},
				"south": {"uv": [11, 1, 12, 3], "texture": "#0"},
				"west": {"uv": [10.5, 3, 12, 4.5], "texture": "#0"},
				"up": {"uv": [12, 0, 14, 1], "rotation": 270, "texture": "#0"},
				"down": {"uv": [12, 3, 14, 4], "rotation": 90, "texture": "#0"}
			}
		},
		{
			"from": [3, 8.5, 7],
			"to": [13, 12.5, 9],
			"rotation": {"angle": 0, "axis": "y", "origin": [8, 8.5, 7.5]},
			"faces": {
				"east": {"uv": [10.5, 5.5, 12.5, 6.5], "rotation": 270, "texture": "#0"},
				"west": {"uv": [13.5, 5.5, 15.5, 6.5], "rotation": 90, "texture": "#0"},
				"up": {"uv": [10.5, 4.5, 15.5, 5.5], "texture": "#0"}
			}
		},
		{
			"from": [13, 8.5, 7],
			"to": [3, 12.5, 9],
			"rotation": {"angle": 0, "axis": "y", "origin": [8, 8.5, 7.5]},
			"faces": {
				"east": {"uv": [10.5, 5.5, 12.5, 6.5], "rotation": 270, "texture": "#0"},
				"west": {"uv": [13.5, 5.5, 15.5, 6.5], "rotation": 90, "texture": "#0"},
				"up": {"uv": [10.5, 4.5, 15.5, 5.5], "texture": "#0"}
			}
		},
		{
			"from": [11.27994, 5.5, 12.64732],
			"to": [11.27994, 10.5, 17.64732],
			"rotation": {"angle": 22.5, "axis": "y", "origin": [8, 8.5, 7.5]},
			"faces": {
				"north": {"uv": [0, 0, 0, 6], "texture": "#1"},
				"east": {"uv": [16, 0, 8, 8], "texture": "#1"},
				"south": {"uv": [0, 0, 0, 6], "texture": "#1"},
				"west": {"uv": [8, 0, 16, 8], "texture": "#1"},
				"up": {"uv": [0, 0, 6, 0], "rotation": 270, "texture": "#1"},
				"down": {"uv": [0, 0, 6, 0], "rotation": 90, "texture": "#1"}
			}
		},
		{
			"from": [4.72001, 5.5, 12.64705],
			"to": [4.72001, 10.5, 17.64705],
			"rotation": {"angle": -22.5, "axis": "y", "origin": [8, 8.5, 7.5]},
			"faces": {
				"north": {"uv": [0, 0, 0, 6], "texture": "#1"},
				"east": {"uv": [16, 0, 8, 8], "texture": "#1"},
				"south": {"uv": [0, 0, 0, 6], "texture": "#1"},
				"west": {"uv": [8, 0, 16, 8], "texture": "#1"},
				"up": {"uv": [0, 0, 6, 0], "rotation": 270, "texture": "#1"},
				"down": {"uv": [0, 0, 6, 0], "rotation": 90, "texture": "#1"}
			}
		},
		{
			"from": [3.5, 8, 3.5],
			"to": [12.5, 12, 3.5],
			"rotation": {"angle": 0, "axis": "y", "origin": [8, 8.5, 7.5]},
			"faces": {
				"north": {"uv": [6.5, 6.5, 11, 8.5], "texture": "#0"}
			}
		},
		{
			"from": [13, 5.5, 6.5],
			"to": [14, 8.5, 9.5],
			"rotation": {"angle": 0, "axis": "y", "origin": [8, 8.5, 7.5]},
			"faces": {
				"north": {"uv": [15, 3, 15.5, 4.5], "texture": "#0", "tintindex": 0},
				"east": {"uv": [14, 3, 15.5, 4.5], "texture": "#0", "tintindex": 0},
				"south": {"uv": [14, 3, 14.5, 4.5], "texture": "#0", "tintindex": 0},
				"up": {"uv": [14, 3, 15.5, 3.5], "rotation": 270, "texture": "#0", "tintindex": 0},
				"down": {"uv": [14, 4, 15.5, 4.5], "rotation": 90, "texture": "#0", "tintindex": 0}
			}
		},
		{
			"from": [2.5, 5, 6],
			"to": [4.5, 9, 10],
			"rotation": {"angle": 0, "axis": "y", "origin": [8, 8.5, 7.5]},
			"faces": {
				"north": {"uv": [11, 1, 12, 3], "texture": "#0"},
				"east": {"uv": [10.5, 3, 12, 4.5], "texture": "#0"},
				"south": {"uv": [14, 1, 15, 3], "texture": "#0"},
				"west": {"uv": [12, 1, 14, 3], "texture": "#0"},
				"up": {"uv": [12, 0, 14, 1], "rotation": 90, "texture": "#0"},
				"down": {"uv": [12, 3, 14, 4], "rotation": 270, "texture": "#0"}
			}
		},
		{
			"from": [2, 5.5, 6.5],
			"to": [3, 8.5, 9.5],
			"rotation": {"angle": 0, "axis": "x", "origin": [8, 8.5, 7.5]},
			"faces": {
				"north": {"uv": [14, 3, 15.5, 3.5], "rotation": 270, "texture": "#0", "tintindex": 0},
				"south": {"uv": [14, 4, 15.5, 4.5], "rotation": 270, "texture": "#0", "tintindex": 0},
				"west": {"uv": [14, 3, 15.5, 4.5], "rotation": 270, "texture": "#0", "tintindex": 0},
				"up": {"uv": [15, 3, 15.5, 4.5], "texture": "#0", "tintindex": 0},
				"down": {"uv": [14, 3, 14.5, 4.5], "rotation": 180, "texture": "#0", "tintindex": 0}
			}
		},
		{
			"from": [14, 6.5, 7.5],
			"to": [14, 7.5, 8.5],
			"rotation": {"angle": 0, "axis": "y", "origin": [8, 8.5, 7.5]},
			"faces": {
				"east": {"uv": [13.5, 4, 14, 4.5], "texture": "#0", "tintindex": 0}
			}
		},
		{
			"from": [2, 6.5, 7.5],
			"to": [2, 7.5, 8.5],
			"rotation": {"angle": 0, "axis": "y", "origin": [8, 8.5, 7.5]},
			"faces": {
				"west": {"uv": [13.5, 4, 14, 4.5], "texture": "#0", "tintindex": 0}
			}
		},
		{
			"from": [3, 5.5, 11],
			"to": [3, 10.5, 16],
			"rotation": {"angle": 0, "axis": "y", "origin": [8, 8.5, 7.5]},
			"faces": {
				"north": {"uv": [0, 0, 0, 6], "texture": "#1"},
				"east": {"uv": [8, 8, 0, 16], "texture": "#1"},
				"south": {"uv": [0, 0, 0, 6], "texture": "#1"},
				"west": {"uv": [0, 8, 8, 16], "texture": "#1"},
				"up": {"uv": [0, 0, 6, 0], "rotation": 270, "texture": "#1"},
				"down": {"uv": [0, 0, 6, 0], "rotation": 90, "texture": "#1"}
			}
		},
		{
			"from": [13, 5.5, 11],
			"to": [13, 10.5, 16],
			"rotation": {"angle": 0, "axis": "y", "origin": [8, 8.5, 7.5]},
			"faces": {
				"north": {"uv": [0, 0, 0, 6], "texture": "#1"},
				"east": {"uv": [8, 8, 0, 16], "texture": "#1"},
				"south": {"uv": [0, 0, 0, 6], "texture": "#1"},
				"west": {"uv": [0, 8, 8, 16], "texture": "#1"},
				"up": {"uv": [0, 0, 6, 0], "rotation": 270, "texture": "#1"},
				"down": {"uv": [0, 0, 6, 0], "rotation": 90, "texture": "#1"}
			}
		},
		{
			"from": [9.06041, 5.5, 13.51101],
			"to": [9.06041, 10.5, 18.51101],
			"rotation": {"angle": 45, "axis": "y", "origin": [8, 8.5, 7.5]},
			"faces": {
				"north": {"uv": [0, 0, 0, 6], "texture": "#1"},
				"east": {"uv": [8, 0, 0, 8], "texture": "#1"},
				"south": {"uv": [0, 0, 0, 6], "texture": "#1"},
				"west": {"uv": [0, 0, 8, 8], "texture": "#1"},
				"up": {"uv": [0, 0, 6, 0], "rotation": 270, "texture": "#1"},
				"down": {"uv": [0, 0, 6, 0], "rotation": 90, "texture": "#1"}
			}
		},
		{
			"from": [6.93938, 5.5, 13.51051],
			"to": [6.93938, 10.5, 18.51051],
			"rotation": {"angle": -45, "axis": "y", "origin": [8, 8.5, 7.5]},
			"faces": {
				"north": {"uv": [0, 0, 0, 6], "texture": "#1"},
				"east": {"uv": [8, 0, 0, 8], "texture": "#1"},
				"south": {"uv": [0, 0, 0, 6], "texture": "#1"},
				"west": {"uv": [0, 0, 8, 8], "texture": "#1"},
				"up": {"uv": [0, 0, 6, 0], "rotation": 270, "texture": "#1"},
				"down": {"uv": [0, 0, 6, 0], "rotation": 90, "texture": "#1"}
			}
		}
	],
	"display": {
		"thirdperson_righthand": {
			"rotation": [-15, 0, 0],
			"translation": [0, -3, -2]
		},
		"thirdperson_lefthand": {
			"rotation": [-15, 0, 0],
			"translation": [0, -3, -2]
		},
		"firstperson_righthand": {
			"rotation": [15, 2, 5],
			"translation": [1.25, 2.5, 0],
			"scale": [0.6, 0.6, 0.6]
		},
		"ground": {
			"translation": [0, 2, 0]
		},
		"gui": {
			"rotation": [30, 135, 0],
			"translation": [-0.5, -0.25, 0],
			"scale": [0.8, 0.8, 0.8]
		},
		"head": {
			"translation": [0, 0.75, 0],
			"scale": [1.65, 1.65, 1.65]
		},
		"fixed": {
			"rotation": [-114, 0, 0],
			"translation": [0, 2.5, -7.25],
			"scale": [2, 2, 2]
		}
	},
	"groups": [
		{
			"name": "group",
			"origin": [3.35355, 8, 11.14645],
			"color": 0,
			"children": [0, 1, 2, 3, 4, 5, 6, 7, 8, 9, 10, 11, 12, 13, 14, 15, 16]
		}
	],
	"mcmodels": "99844e4c93ecdea143a2a1e3f827b602"
}