{
	"format_version": "1.21.6",
	"credit": "Made with Blockbench",
	"texture_size": [128, 128],
	"textures": {
		"0": "furniture:item/nether_star_texture",
		"2": "furniture:item/nether_star_animation1",
		"3": "furniture:item/nether_star_animation2",
		"4": "furniture:item/nether_star_animation3",
		"particle": "furniture:item/nether_star_texture"
	},
	"elements": [
		{
			"from": [6.4, 7.5, -0.9],
			"to": [9.4, 13, 1.1],
			"rotation": {"angle": 0, "axis": "y", "origin": [7.4, -7, 0.1]},
			"faces": {
				"north": {"uv": [4, 0, 3.625, 0.6875], "texture": "#0"},
				"east": {"uv": [3.875, 0.6875, 3.625, 1.375], "texture": "#0"},
				"south": {"uv": [4, 0, 3.625, 0.6875], "texture": "#0"},
				"west": {"uv": [3.875, 0.6875, 3.625, 1.375], "texture": "#0"},
				"up": {"uv": [3.6875, 1.375, 3.4375, 1.75], "rotation": 90, "texture": "#0"},
				"down": {"uv": [3.6875, 1.375, 3.4375, 1.75], "rotation": 270, "texture": "#0"}
			}
		},
		{
			"from": [6.8, 11.9, -0.91],
			"to": [8.9, 14.1, 1.11],
			"rotation": {"angle": -45, "axis": "z", "origin": [7.9, 12.9, 0]},
			"faces": {
				"north": {"uv": [3.6875, 1.75, 3.4375, 2], "rotation": 180, "texture": "#0"},
				"east": {"uv": [3.4375, 2, 3.6875, 2.25], "rotation": 180, "texture": "#0"},
				"south": {"uv": [3.4375, 1.75, 3.6875, 2], "rotation": 180, "texture": "#0"},
				"west": {"uv": [3.4375, 2, 3.6875, 2.25], "rotation": 180, "texture": "#0"},
				"up": {"uv": [2.0625, 2.0625, 2.3125, 2.3125], "rotation": 180, "texture": "#0"},
				"down": {"uv": [2.0625, 2.0625, 2.3125, 2.3125], "texture": "#0"}
			}
		},
		{
			"from": [6.6, 19.6, 0.55],
			"to": [9.4, 22.4, 15.45],
			"rotation": {"angle": 45, "axis": "z", "origin": [8, 21, 8.05]},
			"faces": {
				"north": {"uv": [7.8125, 10.625, 7.4375, 11], "texture": "#0"},
				"east": {"uv": [9.0625, 10.575, 8.6875, 12.4375], "rotation": 90, "texture": "#0"},
				"south": {"uv": [7.4375, 10.625, 7.8125, 11], "texture": "#0"},
				"west": {"uv": [0.78906, 2.14844, 2.65156, 1.77344], "texture": "#missing"},
				"up": {"uv": [8.3125, 12.4375, 8.6875, 10.575], "texture": "#0"},
				"down": {"uv": [8.3125, 12.4375, 8.6875, 10.575], "texture": "#0"}
			}
		},
		{
			"from": [6, 9.5, 0.5],
			"to": [10, 21, 15.5],
			"rotation": {"angle": 0, "axis": "y", "origin": [8.3, 19.24142, 3]},
			"faces": {
				"north": {"uv": [7.3125, 11, 7.8125, 12.4375], "texture": "#0"},
				"east": {"uv": [7.3125, 11, 5.4375, 12.4375], "texture": "#0"},
				"south": {"uv": [7.3125, 11, 7.8125, 12.4375], "texture": "#0"},
				"west": {"uv": [5.4375, 11, 7.3125, 12.4375], "texture": "#0"},
				"up": {"uv": [7.8125, 10.5625, 8.3125, 12.4375], "texture": "#0"},
				"down": {"uv": [7.8125, 10.5625, 8.3125, 12.4375], "texture": "#0"}
			}
		},
		{
			"from": [-2.5, 7, -0.5],
			"to": [18.5, 10, 16.5],
			"rotation": {"angle": 0, "axis": "y", "origin": [7.5, 10, 6.5]},
			"faces": {
				"north": {"uv": [2.625, 13.5, 0, 13.875], "texture": "#0"},
				"east": {"uv": [2.125, 13.125, 0, 13.5], "texture": "#0"},
				"south": {"uv": [2.625, 13.5, 0, 13.875], "texture": "#0"},
				"west": {"uv": [2.125, 13.125, 0, 13.5], "texture": "#0"},
				"up": {"uv": [2.625, 13.875, 0, 16], "texture": "#0"},
				"down": {"uv": [5.25, 13.875, 2.625, 16], "texture": "#0"}
			}
		},
		{
			"from": [-4.5, 12, 0],
			"to": [0.5, 23, 16],
			"rotation": {"angle": 22.5, "axis": "z", "origin": [9.5, 21, 7]},
			"faces": {
				"north": {"uv": [4.625, 10, 4, 11.375], "texture": "#0"},
				"east": {"uv": [7.4375, 8.25, 5.4375, 9.625], "texture": "#0"},
				"south": {"uv": [4, 10, 4.625, 11.375], "texture": "#0"},
				"west": {"uv": [7.4375, 9.625, 5.4375, 11], "texture": "#0"},
				"up": {"uv": [8.0625, 8.25, 7.4375, 10.25], "texture": "#0"},
				"down": {"uv": [8.0625, 8.25, 7.4375, 10.25], "texture": "#0"}
			}
		},
		{
			"from": [15.5, 12, 0],
			"to": [20.5, 23, 16],
			"rotation": {"angle": -22.5, "axis": "z", "origin": [6.5, 21, 7]},
			"faces": {
				"north": {"uv": [4, 10, 4.625, 11.375], "texture": "#0"},
				"east": {"uv": [5.4375, 9.625, 7.4375, 11], "texture": "#0"},
				"south": {"uv": [4.625, 10, 4, 11.375], "texture": "#0"},
				"west": {"uv": [5.4375, 8.25, 7.4375, 9.625], "texture": "#0"},
				"up": {"uv": [7.4375, 8.25, 8.0625, 10.25], "texture": "#0"},
				"down": {"uv": [7.4375, 8.25, 8.0625, 10.25], "texture": "#0"}
			}
		},
		{
			"from": [-0.5, 12, 1],
			"to": [5.5, 20, 15],
			"rotation": {"angle": 22.5, "axis": "z", "origin": [8.5, 21, 7]},
			"faces": {
				"north": {"uv": [8.8125, 8.25, 8.0625, 9.25], "texture": "#0"},
				"east": {"uv": [8, 8.29688, 6.25, 9.29688], "texture": "#0"},
				"south": {"uv": [8.0625, 8.25, 8.8125, 9.25], "texture": "#0"},
				"west": {"uv": [8, 8.29688, 6.25, 9.29688], "texture": "#0"},
				"up": {"uv": [9.5625, 8.25, 8.8125, 10], "texture": "#0"},
				"down": {"uv": [8.8125, 8.25, 8.0625, 10], "texture": "#0"}
			}
		},
		{
			"from": [10.5, 12, 1],
			"to": [16.5, 20, 15],
			"rotation": {"angle": -22.5, "axis": "z", "origin": [7.5, 21, 7]},
			"faces": {
				"north": {"uv": [8.0625, 8.25, 8.8125, 9.25], "texture": "#0"},
				"east": {"uv": [6.25, 8.29688, 8, 9.29688], "texture": "#0"},
				"south": {"uv": [8.8125, 8.25, 8.0625, 9.25], "texture": "#0"},
				"west": {"uv": [6.25, 8.29688, 8, 9.29688], "texture": "#0"},
				"up": {"uv": [8.8125, 8.25, 9.5625, 10], "texture": "#0"},
				"down": {"uv": [8.0625, 8.25, 8.8125, 10], "texture": "#0"}
			}
		},
		{
			"from": [-0.5, 0, 1],
			"to": [16.5, 7, 15],
			"rotation": {"angle": 0, "axis": "y", "origin": [7.5, 6, 2]},
			"faces": {
				"north": {"uv": [5.25, 13.375, 7.375, 14.25], "texture": "#0"},
				"east": {"uv": [3.6875, 11.375, 5.4375, 12.25], "texture": "#0"},
				"south": {"uv": [5.25, 13.375, 7.375, 14.25], "texture": "#0"},
				"west": {"uv": [3.6875, 11.375, 5.4375, 12.25], "texture": "#0"},
				"up": {"uv": [5.25, 14.25, 7.375, 16], "texture": "#0"},
				"down": {"uv": [5.25, 14.25, 7.375, 16], "texture": "#0"}
			}
		},
		{
			"from": [-1.5, -0.01, 0],
			"to": [2.5, 7, 4],
			"rotation": {"angle": 0, "axis": "y", "origin": [-1.5, 0, 0]},
			"faces": {
				"north": {"uv": [2.125, 12.625, 2.625, 13.5], "texture": "#0"},
				"east": {"uv": [2.625, 12.625, 3.125, 13.5], "texture": "#0"},
				"south": {"uv": [2.625, 12.625, 3.125, 13.5], "texture": "#0"},
				"west": {"uv": [2.625, 12.625, 2.125, 13.5], "texture": "#0"},
				"up": {"uv": [1.125, 12.5, 1.625, 13], "texture": "#0"},
				"down": {"uv": [1.125, 12.5, 1.625, 13], "texture": "#0"}
			}
		},
		{
			"from": [13.5, -0.01, 0],
			"to": [17.5, 7, 4],
			"rotation": {"angle": 0, "axis": "y", "origin": [17.5, 0, 0]},
			"faces": {
				"north": {"uv": [2.625, 12.625, 2.125, 13.5], "texture": "#0"},
				"east": {"uv": [2.125, 12.625, 2.625, 13.5], "texture": "#0"},
				"south": {"uv": [3.125, 12.625, 2.625, 13.5], "texture": "#0"},
				"west": {"uv": [3.125, 12.625, 2.625, 13.5], "texture": "#0"},
				"up": {"uv": [1.625, 12.5, 1.125, 13], "texture": "#0"},
				"down": {"uv": [1.625, 12.5, 1.125, 13], "texture": "#0"}
			}
		},
		{
			"from": [13.5, -0.01, 12],
			"to": [17.5, 7, 16],
			"rotation": {"angle": 0, "axis": "y", "origin": [17.5, 0, 16]},
			"faces": {
				"north": {"uv": [2.625, 12.625, 3.125, 13.5], "texture": "#0"},
				"east": {"uv": [2.625, 12.625, 2.125, 13.5], "texture": "#0"},
				"south": {"uv": [2.125, 12.625, 2.625, 13.5], "texture": "#0"},
				"west": {"uv": [2.625, 12.625, 3.125, 13.5], "texture": "#0"},
				"up": {"uv": [1.625, 13, 1.125, 12.5], "texture": "#0"},
				"down": {"uv": [1.625, 13, 1.125, 12.5], "texture": "#0"}
			}
		},
		{
			"from": [-1.5, -0.01, 12],
			"to": [2.5, 7, 16],
			"rotation": {"angle": 0, "axis": "y", "origin": [-1.5, 0, 16]},
			"faces": {
				"north": {"uv": [3.125, 12.625, 2.625, 13.5], "texture": "#0"},
				"east": {"uv": [3.125, 12.625, 2.625, 13.5], "texture": "#0"},
				"south": {"uv": [2.625, 12.625, 2.125, 13.5], "texture": "#0"},
				"west": {"uv": [2.125, 12.625, 2.625, 13.5], "texture": "#0"},
				"up": {"uv": [1.125, 13, 1.625, 12.5], "texture": "#0"},
				"down": {"uv": [1.125, 13, 1.625, 12.5], "texture": "#0"}
			}
		},
		{
			"from": [8, 6.2, -1.15],
			"to": [11, 12.7, 1.35],
			"rotation": {"angle": -45, "axis": "z", "origin": [9.5, 9.81036, -0.2]},
			"faces": {
				"north": {"uv": [2.8125, 1.5, 2.4375, 2.3125], "texture": "#0"},
				"east": {"uv": [2.8125, 1.5, 3.125, 2.3125], "texture": "#0"},
				"south": {"uv": [2.4375, 1.5, 2.8125, 2.3125], "texture": "#0"},
				"west": {"uv": [3.125, 1.5, 3.4375, 2.3125], "texture": "#0"},
				"up": {"uv": [2.875, 1.125, 3.1875, 1.5], "rotation": 90, "texture": "#0"},
				"down": {"uv": [2.875, 1.125, 3.1875, 1.5], "rotation": 270, "texture": "#0"}
			}
		},
		{
			"from": [10.47258, 10.78293, -1.14],
			"to": [12.57258, 12.88293, 1.34],
			"rotation": {"angle": 0, "axis": "y", "origin": [9.5, 9.81036, -0.2]},
			"faces": {
				"north": {"uv": [3.1875, 1.125, 3.4375, 1.375], "rotation": 180, "texture": "#0"},
				"east": {"uv": [2.4375, 2.3125, 2.75, 2.5625], "rotation": 180, "texture": "#0"},
				"south": {"uv": [3.4375, 1.125, 3.1875, 1.375], "rotation": 180, "texture": "#0"},
				"west": {"uv": [2.4375, 2.3125, 2.75, 2.5625], "rotation": 180, "texture": "#0"},
				"up": {"uv": [2.75, 2.3125, 3.0625, 2.5625], "rotation": 270, "texture": "#0"},
				"down": {"uv": [2.75, 2.3125, 3.0625, 2.5625], "rotation": 90, "texture": "#0"}
			}
		},
		{
			"from": [3.42742, 10.78293, -1.14],
			"to": [5.52742, 12.88293, 1.34],
			"rotation": {"angle": 0, "axis": "y", "origin": [6.5, 9.81036, -0.2]},
			"faces": {
				"north": {"uv": [3.4375, 1.125, 3.1875, 1.375], "rotation": 180, "texture": "#0"},
				"east": {"uv": [2.75, 2.3125, 2.4375, 2.5625], "rotation": 180, "texture": "#0"},
				"south": {"uv": [3.1875, 1.125, 3.4375, 1.375], "rotation": 180, "texture": "#0"},
				"west": {"uv": [2.75, 2.3125, 2.4375, 2.5625], "rotation": 180, "texture": "#0"},
				"up": {"uv": [2.75, 2.5625, 3.0625, 2.3125], "rotation": 270, "texture": "#0"},
				"down": {"uv": [2.75, 2.5625, 3.0625, 2.3125], "rotation": 90, "texture": "#0"}
			}
		},
		{
			"from": [5, 6.2, -1.15],
			"to": [8, 12.7, 1.35],
			"rotation": {"angle": 45, "axis": "z", "origin": [6.5, 9.81036, -0.2]},
			"faces": {
				"north": {"uv": [2.4375, 1.5, 2.8125, 2.3125], "texture": "#0"},
				"east": {"uv": [3.4375, 1.5, 3.125, 2.3125], "texture": "#0"},
				"south": {"uv": [2.8125, 1.5, 2.4375, 2.3125], "texture": "#0"},
				"west": {"uv": [3.125, 1.5, 2.8125, 2.3125], "texture": "#0"},
				"up": {"uv": [2.875, 1.5, 3.1875, 1.125], "rotation": 90, "texture": "#0"},
				"down": {"uv": [2.875, 1.5, 3.1875, 1.125], "rotation": 270, "texture": "#0"}
			}
		},
		{
			"from": [7.58964, 6.61036, -1.65],
			"to": [13.08964, 9.61036, 1.85],
			"rotation": {"angle": 22.5, "axis": "z", "origin": [10.2, 8.11036, 0.3]},
			"faces": {
				"north": {"uv": [2.4375, 0, 2.8125, 0.6875], "rotation": 270, "texture": "#0"},
				"east": {"uv": [2.4375, 0.8125, 2.8125, 1.25], "rotation": 270, "texture": "#0"},
				"south": {"uv": [2.4375, 0.6875, 2.8125, 0], "rotation": 270, "texture": "#0"},
				"west": {"uv": [2.4375, 0.8125, 2.8125, 1.25], "rotation": 270, "texture": "#0"},
				"up": {"uv": [2.8125, 0, 3.5, 0.4375], "texture": "#0"},
				"down": {"uv": [2.8125, 0.4375, 3.5, 0.875], "rotation": 180, "texture": "#0"}
			}
		},
		{
			"from": [11.17258, 9.08293, -1.64],
			"to": [13.27258, 11.18293, 1.84],
			"rotation": {"angle": -22.5, "axis": "z", "origin": [10.2, 8.11036, 0.3]},
			"faces": {
				"north": {"uv": [2.8125, 0.875, 3.0625, 1.125], "rotation": 180, "texture": "#0"},
				"east": {"uv": [3.0625, 0.875, 3.5, 1.125], "rotation": 180, "texture": "#0"},
				"south": {"uv": [3.0625, 0.875, 2.8125, 1.125], "rotation": 180, "texture": "#0"},
				"west": {"uv": [3.0625, 0.875, 3.5, 1.125], "rotation": 180, "texture": "#0"},
				"up": {"uv": [2.4375, 1.25, 2.875, 1.5], "rotation": 270, "texture": "#0"},
				"down": {"uv": [2.4375, 1.25, 2.875, 1.5], "rotation": 90, "texture": "#0"}
			}
		},
		{
			"from": [2.91036, 6.61036, -1.65],
			"to": [8.41036, 9.61036, 1.85],
			"rotation": {"angle": -22.5, "axis": "z", "origin": [5.8, 8.11036, 0.3]},
			"faces": {
				"north": {"uv": [2.4375, 0.6875, 2.8125, 0], "rotation": 270, "texture": "#0"},
				"east": {"uv": [2.4375, 1.25, 2.8125, 0.8125], "rotation": 270, "texture": "#0"},
				"south": {"uv": [2.4375, 0, 2.8125, 0.6875], "rotation": 270, "texture": "#0"},
				"west": {"uv": [2.4375, 1.25, 2.8125, 0.8125], "rotation": 270, "texture": "#0"},
				"up": {"uv": [3.5, 0, 2.8125, 0.4375], "texture": "#0"},
				"down": {"uv": [3.5, 0.4375, 2.8125, 0.875], "rotation": 180, "texture": "#0"}
			}
		},
		{
			"from": [2.72742, 9.08293, -1.64],
			"to": [4.82742, 11.18293, 1.84],
			"rotation": {"angle": 22.5, "axis": "z", "origin": [5.8, 8.11036, 0.3]},
			"faces": {
				"north": {"uv": [3.0625, 0.875, 2.8125, 1.125], "rotation": 180, "texture": "#0"},
				"east": {"uv": [3.5, 0.875, 3.0625, 1.125], "rotation": 180, "texture": "#0"},
				"south": {"uv": [2.8125, 0.875, 3.0625, 1.125], "rotation": 180, "texture": "#0"},
				"west": {"uv": [3.5, 0.875, 3.0625, 1.125], "rotation": 180, "texture": "#0"},
				"up": {"uv": [2.4375, 1.5, 2.875, 1.25], "rotation": 270, "texture": "#0"},
				"down": {"uv": [2.4375, 1.5, 2.875, 1.25], "rotation": 90, "texture": "#0"}
			}
		},
		{
			"from": [4.75, 5.5, -1.91],
			"to": [11.25, 12, -1.91],
			"rotation": {"angle": 0, "axis": "y", "origin": [9.4, 6.5, -4]},
			"faces": {
				"north": {"uv": [5.25, 0, 6.0625, 0.8125], "texture": "#0"},
				"east": {"uv": [0, 0, 0, 13], "texture": "#3"},
				"south": {"uv": [6.0625, 0, 5.25, 0.8125], "texture": "#0"},
				"west": {"uv": [0, 0, 0, 13], "texture": "#3"},
				"up": {"uv": [0, 13, 0, 0], "rotation": 90, "texture": "#3"},
				"down": {"uv": [0, 0, 0, 13], "rotation": 270, "texture": "#3"}
			}
		},
		{
			"from": [4.75, 5.5, -1.92],
			"to": [11.25, 12, -1.92],
			"rotation": {"angle": 0, "axis": "y", "origin": [9.4, 6.5, -7]},
			"faces": {
				"north": {"uv": [0, 0, 13, 13], "texture": "#3"},
				"east": {"uv": [0, 0, 0, 13], "texture": "#3"},
				"south": {"uv": [13, 0, 0, 13], "texture": "#3"},
				"west": {"uv": [0, 0, 0, 13], "texture": "#3"},
				"up": {"uv": [0, 13, 0, 0], "rotation": 90, "texture": "#3"},
				"down": {"uv": [0, 0, 0, 13], "rotation": 270, "texture": "#3"}
			}
		},
		{
			"from": [5.25, 6, -1.95],
			"to": [10.75, 11.5, -1.95],
			"rotation": {"angle": 45, "axis": "z", "origin": [8, 8.75, -2.1]},
			"faces": {
				"north": {"uv": [5.3125, 0.9375, 6, 1.625], "texture": "#0"},
				"east": {"uv": [0, 0, 0, 36], "texture": "#missing"},
				"south": {"uv": [5.25, 0, 6.0625, 0.8125], "texture": "#0"},
				"west": {"uv": [0, 0, 0, 36], "texture": "#missing"},
				"up": {"uv": [0, 0, 0, 36], "rotation": 90, "texture": "#missing"},
				"down": {"uv": [0, 0, 0, 36], "rotation": 270, "texture": "#missing"}
			}
		},
		{
			"from": [9.69975, 10.5, -1.85],
			"to": [6.19975, 7, -2.85],
			"rotation": {"angle": 45, "axis": "z", "origin": [7.94975, 8.75, -2.35]},
			"faces": {
				"north": {"uv": [15.5625, 0, 16, 0.4375], "texture": "#0"},
				"east": {"uv": [15.5625, 0, 15.6875, 0.4375], "texture": "#0"},
				"south": {"uv": [15.5625, 0, 16, 0.4375], "texture": "#0"},
				"west": {"uv": [15.5625, 0, 15.6875, 0.4375], "texture": "#0"},
				"up": {"uv": [15.5625, 0, 15.6875, 0.4375], "rotation": 90, "texture": "#0"},
				"down": {"uv": [15.5625, 0, 15.6875, 0.4375], "rotation": 270, "texture": "#0"}
			}
		},
		{
			"from": [9.59975, 10.5, 2.05],
			"to": [6.09975, 7, 1.05],
			"rotation": {"angle": 45, "axis": "z", "origin": [7.84975, 8.75, 1.55]},
			"faces": {
				"north": {"uv": [16, 0, 15.5625, 0.4375], "texture": "#0"},
				"east": {"uv": [15.6875, 0, 15.5625, 0.4375], "texture": "#0"},
				"south": {"uv": [16, 0, 15.5625, 0.4375], "texture": "#0"},
				"west": {"uv": [15.6875, 0, 15.5625, 0.4375], "texture": "#0"},
				"up": {"uv": [15.6875, 0, 15.5625, 0.4375], "rotation": 90, "texture": "#0"},
				"down": {"uv": [15.6875, 0, 15.5625, 0.4375], "rotation": 270, "texture": "#0"}
			}
		},
		{
			"from": [5.25, 6, -1.9],
			"to": [10.75, 11.5, 2.1],
			"rotation": {"angle": 45, "axis": "z", "origin": [8, 8.75, -2.1]},
			"faces": {
				"north": {"uv": [4.5, 0, 5.1875, 0.6875], "texture": "#0"},
				"east": {"uv": [4.5, 0.6875, 5, 1.375], "texture": "#0"},
				"south": {"uv": [5.1875, 0, 4.5, 0.6875], "texture": "#0"},
				"west": {"uv": [4.5, 1.375, 5, 2.0625], "texture": "#0"},
				"up": {"uv": [4.5, 0.6875, 5, 1.375], "rotation": 90, "texture": "#0"},
				"down": {"uv": [4.5, 2.0625, 5, 1.375], "rotation": 270, "texture": "#0"}
			}
		},
		{
			"from": [4.65, 5.5, 1.11],
			"to": [11.15, 12, 1.11],
			"rotation": {"angle": 0, "axis": "y", "origin": [9.3, 6.5, 3.2]},
			"faces": {
				"north": {"uv": [5.25, 0, 6.0625, 0.8125], "texture": "#0"},
				"east": {"uv": [0, 0, 0, 13], "texture": "#3"},
				"south": {"uv": [6.0625, 0, 5.25, 0.8125], "texture": "#0"},
				"west": {"uv": [0, 0, 0, 13], "texture": "#3"},
				"up": {"uv": [0, 13, 0, 0], "rotation": 90, "texture": "#3"},
				"down": {"uv": [0, 0, 0, 13], "rotation": 270, "texture": "#3"}
			}
		},
		{
			"from": [5.15, 6, 1.15],
			"to": [10.65, 11.5, 1.15],
			"rotation": {"angle": 45, "axis": "z", "origin": [7.9, 8.75, 1.3]},
			"faces": {
				"north": {"uv": [6.0625, 0, 5.25, 0.8125], "texture": "#0"},
				"east": {"uv": [0, 0, 0, 36], "texture": "#missing"},
				"south": {"uv": [6, 0.9375, 5.3125, 1.625], "texture": "#0"},
				"west": {"uv": [0, 0, 0, 36], "texture": "#missing"},
				"up": {"uv": [0, 0, 0, 36], "rotation": 90, "texture": "#missing"},
				"down": {"uv": [0, 0, 0, 36], "rotation": 270, "texture": "#missing"}
			}
		},
		{
			"from": [4.65, 5.5, 1.12],
			"to": [11.15, 12, 1.12],
			"rotation": {"angle": 0, "axis": "y", "origin": [9.3, 6.5, 6.2]},
			"faces": {
				"north": {"uv": [0, 0, 13, 13], "texture": "#3"},
				"east": {"uv": [0, 0, 0, 13], "texture": "#3"},
				"south": {"uv": [13, 0, 0, 13], "texture": "#3"},
				"west": {"uv": [0, 0, 0, 13], "texture": "#3"},
				"up": {"uv": [0, 13, 0, 0], "rotation": 90, "texture": "#3"},
				"down": {"uv": [0, 0, 0, 13], "rotation": 270, "texture": "#3"}
			}
		},
		{
			"from": [5.25, 6, -1.9],
			"to": [10.75, 11.5, 2.1],
			"rotation": {"angle": 45, "axis": "z", "origin": [8, 8.75, 2.3]},
			"faces": {
				"north": {"uv": [4.5, 0, 5.1875, 0.6875], "texture": "#0"},
				"east": {"uv": [5, 0.6875, 4.5, 1.375], "texture": "#0"},
				"south": {"uv": [5.1875, 0, 4.5, 0.6875], "texture": "#0"},
				"west": {"uv": [5, 1.375, 4.5, 2.0625], "texture": "#0"},
				"up": {"uv": [5, 0.6875, 4.5, 1.375], "rotation": 90, "texture": "#0"},
				"down": {"uv": [5, 2.0625, 4.5, 1.375], "rotation": 270, "texture": "#0"}
			}
		},
		{
			"from": [9.4, 8, 15.6],
			"to": [31.4, 32, 15.6],
			"rotation": {"angle": -22.5, "axis": "y", "origin": [28.4, 14, 13.6]},
			"faces": {
				"north": {"uv": [0, 0, 11, 12], "texture": "#4"},
				"east": {"uv": [0, 0, 0, 12], "texture": "#4"},
				"south": {"uv": [11, 0, 0, 12], "texture": "#4"},
				"west": {"uv": [0, 0, 0, 12], "texture": "#4"},
				"up": {"uv": [0, 11, 0, 0], "rotation": 90, "texture": "#4"},
				"down": {"uv": [0, 0, 0, 11], "rotation": 270, "texture": "#4"}
			}
		},
		{
			"from": [-15.4, 8, 15.6],
			"to": [6.6, 32, 15.6],
			"rotation": {"angle": 22.5, "axis": "y", "origin": [-12.4, 14, 13.6]},
			"faces": {
				"north": {"uv": [11, 0, 0, 12], "texture": "#4"},
				"east": {"uv": [0, 0, 0, 12], "texture": "#4"},
				"south": {"uv": [0, 0, 11, 12], "texture": "#4"},
				"west": {"uv": [0, 0, 0, 12], "texture": "#4"},
				"up": {"uv": [0, 0, 0, 11], "rotation": 90, "texture": "#4"},
				"down": {"uv": [0, 11, 0, 0], "rotation": 270, "texture": "#4"}
			}
		},
		{
			"from": [-16, 9, 11],
			"to": [4, 31, 11],
			"rotation": {"angle": 22.5, "axis": "y", "origin": [-6, 15, 9]},
			"faces": {
				"north": {"uv": [8.8125, 0, 11.3125, 2.75], "texture": "#0"},
				"east": {"uv": [0, 0, 0, 2.625], "texture": "#missing"},
				"south": {"uv": [11.3125, 0, 8.8125, 2.75], "texture": "#0"},
				"west": {"uv": [0, 0, 0, 2.625], "texture": "#missing"},
				"up": {"uv": [0, 0, 2.25, 0], "texture": "#missing"},
				"down": {"uv": [0, 0, 2.25, 0], "texture": "#missing"}
			}
		},
		{
			"from": [12, 9, 11],
			"to": [32, 31, 11],
			"rotation": {"angle": -22.5, "axis": "y", "origin": [22, 15, 9]},
			"faces": {
				"north": {"uv": [11.3125, 0, 8.8125, 2.75], "texture": "#0"},
				"east": {"uv": [0, 0, 0, 2.625], "texture": "#missing"},
				"south": {"uv": [8.8125, 0, 11.3125, 2.75], "texture": "#0"},
				"west": {"uv": [0, 0, 0, 2.625], "texture": "#missing"},
				"up": {"uv": [2.25, 0, 0, 0], "texture": "#missing"},
				"down": {"uv": [2.25, 0, 0, 0], "texture": "#missing"}
			}
		},
		{
			"from": [0, 0.25, -2.5],
			"to": [16, 17.25, -2.5],
			"rotation": {"angle": 0, "axis": "y", "origin": [8, 8.75, -2.5]},
			"faces": {
				"north": {"uv": [0, 0, 16, 16], "texture": "#2"},
				"east": {"uv": [0, 0, 0, 16], "texture": "#2"},
				"south": {"uv": [16, 0, 0, 16], "texture": "#2"},
				"west": {"uv": [0, 0, 0, 16], "texture": "#2"},
				"up": {"uv": [0, 8, 0, 0], "rotation": 90, "texture": "#2"},
				"down": {"uv": [0, 0, 0, 8], "rotation": 270, "texture": "#2"}
			}
		},
		{
			"from": [0, 0.25, -2.6],
			"to": [16, 17.25, -2.6],
			"rotation": {"angle": 0, "axis": "y", "origin": [8, 8.75, -2.6]},
			"faces": {
				"north": {"uv": [0, 0, 16, 16], "texture": "#2"},
				"east": {"uv": [0, 0, 0, 16], "texture": "#2"},
				"south": {"uv": [16, 0, 0, 16], "texture": "#2"},
				"west": {"uv": [0, 0, 0, 16], "texture": "#2"},
				"up": {"uv": [0, 8, 0, 0], "rotation": 90, "texture": "#2"},
				"down": {"uv": [0, 0, 0, 8], "rotation": 270, "texture": "#2"}
			}
		}
	],
	"gui_light": "front",
	"display": {
		"thirdperson_righthand": {
			"rotation": [75, 45, 0],
			"translation": [0, 2.75, 0.25],
			"scale": [0.21484, 0.21484, 0.21484]
		},
		"thirdperson_lefthand": {
			"rotation": [75, 45, 0],
			"translation": [0, 2.75, 0.25],
			"scale": [0.21484, 0.21484, 0.21484]
		},
		"firstperson_righthand": {
			"rotation": [0, 135, 0],
			"translation": [1.5, 4.25, 0],
			"scale": [0.27109, 0.27109, 0.27109]
		},
		"firstperson_lefthand": {
			"rotation": [0, 135, 0],
			"translation": [1.5, 4.25, 0],
			"scale": [0.27109, 0.27109, 0.27109]
		},
		"ground": {
			"translation": [0, 11, 0],
			"scale": [0.45, 0.45, 0.45]
		},
		"gui": {
			"rotation": [14, -14, 0],
			"translation": [0, -1.75, -1.5],
			"scale": [0.49024, 0.49024, 0.49024]
		},
		"head": {
			"rotation": [0, -180, 0],
			"translation": [0, -30.4, 0],
			"scale": [1.6, 1.6, 1.6]
		},
		"fixed": {
			"rotation": [-90, 0, 0],
			"translation": [0, 0, -16],
			"scale": [2, 2, 2]
		}
	}
}