{
	"format_version": "1.21.6",
	"credit": "Made with Blockbench",
	"texture_size": [128, 128],
	"textures": {
		"2": "furniture:item/anubis_statue"
	},
	"elements": [
		{
			"from": [6.5, 21.5, 4],
			"to": [9.5, 23.5, 6],
			"rotation": {"angle": 0, "axis": "y", "origin": [8, 7.5, 4]},
			"faces": {
				"north": {"uv": [10.875, 2.25, 11.625, 2.75], "texture": "#2"},
				"east": {"uv": [11.375, 8.5, 11.875, 9], "texture": "#2"},
				"south": {"uv": [2.5, 10.875, 3.25, 11.375], "texture": "#2"},
				"west": {"uv": [11.375, 9.125, 11.875, 9.625], "texture": "#2"},
				"up": {"uv": [11.625, 3.375, 10.875, 2.875], "texture": "#2"},
				"down": {"uv": [11.625, 3.5, 10.875, 4], "texture": "#2"}
			}
		},
		{
			"from": [7.5, 22.95881, 4.80657],
			"to": [8.5, 23.95881, 6.80657],
			"rotation": {"angle": -22.5, "axis": "x", "origin": [8, 22.95881, 5.80657]},
			"faces": {
				"north": {"uv": [11.75, 5.5, 12, 5.75], "texture": "#2"},
				"east": {"uv": [11.625, 6.375, 12.125, 6.625], "texture": "#2"},
				"south": {"uv": [11.75, 5.875, 12, 6.125], "texture": "#2"},
				"west": {"uv": [11.625, 10.875, 12.125, 11.125], "texture": "#2"},
				"up": {"uv": [12, 2.75, 11.75, 2.25], "texture": "#2"},
				"down": {"uv": [12, 2.875, 11.75, 3.375], "texture": "#2"}
			}
		},
		{
			"from": [6, 22, 6],
			"to": [10, 25.5, 9.5],
			"rotation": {"angle": 0, "axis": "y", "origin": [8, 8, 8]},
			"faces": {
				"north": {"uv": [9.25, 1.125, 10.25, 2], "texture": "#2"},
				"east": {"uv": [9.875, 5.375, 10.75, 6.25], "texture": "#2"},
				"south": {"uv": [9.5, 9, 10.5, 9.875], "texture": "#2"},
				"west": {"uv": [10, 0, 10.875, 0.875], "texture": "#2"},
				"up": {"uv": [10.75, 3, 9.75, 2.125], "texture": "#2"},
				"down": {"uv": [10.75, 3.125, 9.75, 4], "texture": "#2"}
			}
		},
		{
			"from": [4.4975, 23.9975, 7.4975],
			"to": [6.5025, 28.5025, 8.5025],
			"rotation": {"angle": 0, "axis": "y", "origin": [5.5, 26, 8]},
			"faces": {
				"north": {"uv": [6, 10.375, 6.5, 11.5], "texture": "#2"},
				"east": {"uv": [1.5, 11.125, 1.75, 12.25], "texture": "#2"},
				"south": {"uv": [10.75, 9, 11.25, 10.125], "texture": "#2"},
				"west": {"uv": [1.875, 11.125, 2.125, 12.25], "texture": "#2"},
				"up": {"uv": [12.25, 1, 11.75, 0.75], "texture": "#2"},
				"down": {"uv": [12.25, 3.5, 11.75, 3.75], "texture": "#2"}
			}
		},
		{
			"from": [4.5, 19.41171, 8.70607],
			"to": [6, 23.91171, 9.70607],
			"rotation": {"angle": 45, "axis": "x", "origin": [5.5, 25.41171, 9.20607]},
			"faces": {
				"north": {"uv": [10.75, 10.25, 11.125, 11.375], "texture": "#2"},
				"east": {"uv": [11.25, 10.25, 11.5, 11.375], "texture": "#2"},
				"south": {"uv": [10.875, 1, 11.25, 2.125], "texture": "#2"},
				"west": {"uv": [11.375, 0, 11.625, 1.125], "texture": "#2"},
				"up": {"uv": [8.25, 9.75, 7.875, 9.5], "texture": "#2"},
				"down": {"uv": [12.125, 5.125, 11.75, 5.375], "texture": "#2"}
			}
		},
		{
			"from": [9.4975, 23.9975, 7.4975],
			"to": [11.5025, 28.5025, 8.5025],
			"rotation": {"angle": 0, "axis": "y", "origin": [10.5, 26, 8]},
			"faces": {
				"north": {"uv": [6.5, 10.375, 6, 11.5], "texture": "#2"},
				"east": {"uv": [2.125, 11.125, 1.875, 12.25], "texture": "#2"},
				"south": {"uv": [11.25, 9, 10.75, 10.125], "texture": "#2"},
				"west": {"uv": [1.75, 11.125, 1.5, 12.25], "texture": "#2"},
				"up": {"uv": [11.75, 1, 12.25, 0.75], "texture": "#2"},
				"down": {"uv": [11.75, 3.5, 12.25, 3.75], "texture": "#2"}
			}
		},
		{
			"from": [10, 19.41171, 8.70607],
			"to": [11.5, 23.91171, 9.70607],
			"rotation": {"angle": 45, "axis": "x", "origin": [10.5, 25.41171, 9.20607]},
			"faces": {
				"north": {"uv": [11.125, 10.25, 10.75, 11.375], "texture": "#2"},
				"east": {"uv": [11.625, 0, 11.375, 1.125], "texture": "#2"},
				"south": {"uv": [11.25, 1, 10.875, 2.125], "texture": "#2"},
				"west": {"uv": [11.5, 10.25, 11.25, 11.375], "texture": "#2"},
				"up": {"uv": [7.875, 9.75, 8.25, 9.5], "texture": "#2"},
				"down": {"uv": [11.75, 5.125, 12.125, 5.375], "texture": "#2"}
			}
		},
		{
			"from": [4.505, 21.32693, 8.3306],
			"to": [11.495, 25.81693, 10.3206],
			"rotation": {"angle": -22.5, "axis": "x", "origin": [8, 24.32193, 9.5756]},
			"faces": {
				"north": {"uv": [3.125, 4.5, 4.875, 5.625], "texture": "#2"},
				"east": {"uv": [4.75, 10.375, 5.25, 11.5], "texture": "#2"},
				"south": {"uv": [5, 4.5, 6.75, 5.625], "texture": "#2"},
				"west": {"uv": [5.375, 10.375, 5.875, 11.5], "texture": "#2"},
				"up": {"uv": [11.5, 4.625, 9.75, 4.125], "texture": "#2"},
				"down": {"uv": [11.5, 4.75, 9.75, 5.25], "texture": "#2"}
			}
		},
		{
			"from": [6.4975, 19.31943, 9.32309],
			"to": [9.5025, 25.82444, 10.8281],
			"rotation": {"angle": -22.5, "axis": "x", "origin": [8, 24.32193, 9.5756]},
			"faces": {
				"north": {"uv": [6.625, 7.75, 7.375, 9.375], "texture": "#2"},
				"east": {"uv": [9.75, 10, 10.125, 11.625], "texture": "#2"},
				"south": {"uv": [7.5, 7.75, 8.25, 9.375], "texture": "#2"},
				"west": {"uv": [10.25, 10, 10.625, 11.625], "texture": "#2"},
				"up": {"uv": [11.625, 5.75, 10.875, 5.375], "texture": "#2"},
				"down": {"uv": [11.625, 5.875, 10.875, 6.25], "texture": "#2"}
			}
		},
		{
			"from": [5, 11.5, 6],
			"to": [11, 15, 10],
			"rotation": {"angle": 0, "axis": "y", "origin": [8, -4, 8]},
			"faces": {
				"north": {"uv": [7, 2.25, 8.5, 3.125], "texture": "#2"},
				"east": {"uv": [8.625, 2.25, 9.625, 3.125], "texture": "#2"},
				"south": {"uv": [7.5, 3.25, 9, 4.125], "texture": "#2"},
				"west": {"uv": [8.375, 9, 9.375, 9.875], "texture": "#2"},
				"up": {"uv": [6.5, 8.125, 5, 7.125], "texture": "#2"},
				"down": {"uv": [8.625, 5.375, 7.125, 6.375], "texture": "#2"}
			}
		},
		{
			"from": [5, 17, 5.5],
			"to": [11, 21.5, 10.5],
			"rotation": {"angle": 0, "axis": "y", "origin": [8, 2, 8]},
			"faces": {
				"north": {"uv": [5.875, 3.25, 7.375, 4.375], "texture": "#2"},
				"east": {"uv": [7.125, 6.5, 8.375, 7.625], "texture": "#2"},
				"south": {"uv": [3.375, 6.625, 4.875, 7.75], "texture": "#2"},
				"west": {"uv": [7.5, 0, 8.75, 1.125], "texture": "#2"},
				"up": {"uv": [7, 7, 5.5, 5.75], "texture": "#2"},
				"down": {"uv": [7.375, 0, 5.875, 1.25], "texture": "#2"}
			}
		},
		{
			"from": [6, 15, 6],
			"to": [10, 22, 10],
			"rotation": {"angle": 0, "axis": "y", "origin": [8, -4.5, 8]},
			"faces": {
				"north": {"uv": [5.875, 1.375, 6.875, 3.125], "texture": "#2"},
				"east": {"uv": [0, 6.625, 1, 8.375], "texture": "#2"},
				"south": {"uv": [1.125, 6.625, 2.125, 8.375], "texture": "#2"},
				"west": {"uv": [2.25, 6.625, 3.25, 8.375], "texture": "#2"},
				"up": {"uv": [9.75, 6.375, 8.75, 5.375], "texture": "#2"},
				"down": {"uv": [9.875, 0, 8.875, 1], "texture": "#2"}
			}
		},
		{
			"from": [3, 13, 7],
			"to": [5, 21, 9],
			"rotation": {"angle": 0, "axis": "y", "origin": [3.5, 19, 8]},
			"faces": {
				"north": {"uv": [0, 9, 0.5, 11], "texture": "#2"},
				"east": {"uv": [0.625, 9, 1.125, 11], "texture": "#2"},
				"south": {"uv": [1.25, 9, 1.75, 11], "texture": "#2"},
				"west": {"uv": [1.875, 9, 2.375, 11], "texture": "#2"},
				"up": {"uv": [2.75, 12, 2.25, 11.5], "texture": "#2"},
				"down": {"uv": [11.25, 11.5, 10.75, 12], "texture": "#2"}
			}
		},
		{
			"from": [11, 13, 6],
			"to": [13, 21, 8],
			"rotation": {"angle": 45, "axis": "x", "origin": [12.5, 19, 7]},
			"faces": {
				"north": {"uv": [4.125, 7.875, 4.625, 9.875], "texture": "#2"},
				"east": {"uv": [4.75, 8.25, 5.25, 10.25], "texture": "#2"},
				"south": {"uv": [5.375, 8.25, 5.875, 10.25], "texture": "#2"},
				"west": {"uv": [6, 8.25, 6.5, 10.25], "texture": "#2"},
				"up": {"uv": [11.875, 1.75, 11.375, 1.25], "texture": "#2"},
				"down": {"uv": [7.125, 11.375, 6.625, 11.875], "texture": "#2"}
			}
		},
		{
			"from": [5.5, 4.5, 7],
			"to": [7.5, 11.5, 9],
			"rotation": {"angle": 0, "axis": "y", "origin": [8, -6, 8]},
			"faces": {
				"north": {"uv": [4.125, 10, 4.625, 11.75], "texture": "#2"},
				"east": {"uv": [7.875, 10, 8.375, 11.75], "texture": "#2"},
				"south": {"uv": [8.5, 10, 9, 11.75], "texture": "#2"},
				"west": {"uv": [9.125, 10, 9.625, 11.75], "texture": "#2"},
				"up": {"uv": [11.875, 12, 11.375, 11.5], "texture": "#2"},
				"down": {"uv": [12.125, 4.125, 11.625, 4.625], "texture": "#2"}
			}
		},
		{
			"from": [8.5, 4.5, 7],
			"to": [10.5, 11.5, 9],
			"rotation": {"angle": 0, "axis": "y", "origin": [8, -6, 8]},
			"faces": {
				"north": {"uv": [2.5, 9, 3, 10.75], "texture": "#2"},
				"east": {"uv": [9.125, 3.25, 9.625, 5], "texture": "#2"},
				"south": {"uv": [6.625, 9.5, 7.125, 11.25], "texture": "#2"},
				"west": {"uv": [7.25, 9.5, 7.75, 11.25], "texture": "#2"},
				"up": {"uv": [11.875, 7.5, 11.375, 7], "texture": "#2"},
				"down": {"uv": [7.75, 11.375, 7.25, 11.875], "texture": "#2"}
			}
		},
		{
			"from": [11.5, 14.96447, -3.03553],
			"to": [12.5, 15.96446, 15.96447],
			"rotation": {"angle": 45, "axis": "x", "origin": [12, 15.46447, 3.46446]},
			"faces": {
				"north": {"uv": [9.75, 11.75, 10, 12], "texture": "#2"},
				"east": {"uv": [8.375, 7.75, 13.125, 8], "texture": "#2"},
				"south": {"uv": [10.125, 11.75, 10.375, 12], "texture": "#2"},
				"west": {"uv": [8.375, 8.125, 13.125, 8.375], "texture": "#2"},
				"up": {"uv": [3.625, 12.625, 3.375, 7.875], "texture": "#2"},
				"down": {"uv": [4, 7.875, 3.75, 12.625], "texture": "#2"}
			}
		},
		{
			"from": [11.25, 14.71447, -2.03553],
			"to": [12.75, 16.21446, -1.53553],
			"rotation": {"angle": 45, "axis": "x", "origin": [12.25, 15.46447, 3.46446]},
			"faces": {
				"north": {"uv": [5, 6.625, 5.375, 7], "texture": "#2"},
				"east": {"uv": [3.125, 8.5, 3.25, 8.875], "texture": "#2"},
				"south": {"uv": [6.625, 7.125, 7, 7.5], "texture": "#2"},
				"west": {"uv": [3.125, 9, 3.25, 9.375], "texture": "#2"},
				"up": {"uv": [7.875, 4.375, 7.5, 4.25], "texture": "#2"},
				"down": {"uv": [8.375, 4.25, 8, 4.375], "texture": "#2"}
			}
		},
		{
			"from": [11.5, 17.46446, -7.53553],
			"to": [12.5, 18.46446, -4.03553],
			"rotation": {"angle": 45, "axis": "x", "origin": [12, 15.46447, 3.46446]},
			"faces": {
				"north": {"uv": [8.25, 11.875, 8.5, 12.125], "texture": "#2"},
				"east": {"uv": [11.375, 1.875, 12.25, 2.125], "texture": "#2"},
				"south": {"uv": [8.625, 11.875, 8.875, 12.125], "texture": "#2"},
				"west": {"uv": [11.375, 9.75, 12.25, 10], "texture": "#2"},
				"up": {"uv": [5.375, 12.5, 5.125, 11.625], "texture": "#2"},
				"down": {"uv": [5.75, 11.625, 5.5, 12.5], "texture": "#2"}
			}
		},
		{
			"from": [11.5, 14.96447, -4.03553],
			"to": [12.5, 18.46446, -3.03553],
			"rotation": {"angle": 45, "axis": "x", "origin": [12, 15.46447, 3.46446]},
			"faces": {
				"north": {"uv": [10.375, 1, 10.625, 1.875], "texture": "#2"},
				"east": {"uv": [11, 0, 11.25, 0.875], "texture": "#2"},
				"south": {"uv": [2.875, 11.5, 3.125, 12.375], "texture": "#2"},
				"west": {"uv": [4.75, 11.625, 5, 12.5], "texture": "#2"},
				"up": {"uv": [4.375, 12.125, 4.125, 11.875], "texture": "#2"},
				"down": {"uv": [8.125, 11.875, 7.875, 12.125], "texture": "#2"}
			}
		},
		{
			"from": [11.5, 12.96447, -7.53553],
			"to": [12.5, 17.46446, -6.53553],
			"rotation": {"angle": 45, "axis": "x", "origin": [12, 15.46447, 3.46446]},
			"faces": {
				"north": {"uv": [0, 11.125, 0.25, 12.25], "texture": "#2"},
				"east": {"uv": [0.375, 11.125, 0.625, 12.25], "texture": "#2"},
				"south": {"uv": [0.75, 11.125, 1, 12.25], "texture": "#2"},
				"west": {"uv": [1.125, 11.125, 1.375, 12.25], "texture": "#2"},
				"up": {"uv": [9.25, 12.125, 9, 11.875], "texture": "#2"},
				"down": {"uv": [9.625, 11.875, 9.375, 12.125], "texture": "#2"}
			}
		},
		{
			"from": [11.5, 12.96447, -10.03553],
			"to": [12.5, 13.96447, -7.53553],
			"rotation": {"angle": 45, "axis": "x", "origin": [12, 15.46447, 3.46446]},
			"faces": {
				"north": {"uv": [12, 1.125, 12.25, 1.375], "texture": "#2"},
				"east": {"uv": [11.625, 4.75, 12.25, 5], "texture": "#2"},
				"south": {"uv": [12, 1.5, 12.25, 1.75], "texture": "#2"},
				"west": {"uv": [5.875, 11.625, 6.5, 11.875], "texture": "#2"},
				"up": {"uv": [11.875, 10.75, 11.625, 10.125], "texture": "#2"},
				"down": {"uv": [12, 0, 11.75, 0.625], "texture": "#2"}
			}
		},
		{
			"from": [2, 0, 2.5],
			"to": [14, 1.5, 13.5],
			"rotation": {"angle": 0, "axis": "y", "origin": [0.5, -1.5, 16.5]},
			"faces": {
				"north": {"uv": [0, 8.5, 3, 8.875], "texture": "#2"},
				"east": {"uv": [8.5, 7, 11.25, 7.375], "texture": "#2"},
				"south": {"uv": [8.5, 6.5, 11.5, 6.875], "texture": "#2"},
				"west": {"uv": [8.375, 8.5, 11.125, 8.875], "texture": "#2"},
				"up": {"uv": [3, 2.75, 0, 0], "texture": "#2"},
				"down": {"uv": [3, 2.875, 0, 5.625], "texture": "#2"}
			}
		},
		{
			"from": [2.75, 1.5, 3.75],
			"to": [13.25, 4.5, 12.25],
			"rotation": {"angle": 0, "axis": "y", "origin": [0.75, 1.5, 19.75]},
			"faces": {
				"north": {"uv": [0, 5.75, 2.625, 6.5], "texture": "#2"},
				"east": {"uv": [6.875, 4.5, 9, 5.25], "texture": "#2"},
				"south": {"uv": [2.75, 5.75, 5.375, 6.5], "texture": "#2"},
				"west": {"uv": [7, 1.375, 9.125, 2.125], "texture": "#2"},
				"up": {"uv": [5.75, 2.125, 3.125, 0], "texture": "#2"},
				"down": {"uv": [5.75, 2.25, 3.125, 4.375], "texture": "#2"}
			}
		}
	],
	"gui_light": "front",
	"display": {
		"thirdperson_righthand": {
			"rotation": [75, 45, 0],
			"translation": [0, 2.5, 0],
			"scale": [0.375, 0.375, 0.375]
		},
		"thirdperson_lefthand": {
			"rotation": [75, 45, 0],
			"translation": [0, 2.5, 0],
			"scale": [0.375, 0.375, 0.375]
		},
		"firstperson_righthand": {
			"rotation": [0, 120, 0],
			"scale": [0.4, 0.4, 0.4]
		},
		"firstperson_lefthand": {
			"rotation": [0, 120, 0],
			"scale": [0.4, 0.4, 0.4]
		},
		"ground": {
			"translation": [0, 2, 0],
			"scale": [0.5, 0.5, 0.5]
		},
		"gui": {
			"rotation": [15, 150, 0],
			"translation": [0.5, -2.5, 0],
			"scale": [0.5, 0.5, 0.5]
		},
		"fixed": {
			"rotation": [-90, 0, 0],
			"translation": [0, 0, -30],
			"scale": [4, 4, 4]
		}
	},
	"groups": [
		{
			"name": "bone",
			"origin": [8, -0.5, 8],
			"color": 0,
			"children": [
				{
					"name": "bone5",
					"origin": [3.5, 19, 8],
					"color": 0,
					"children": [
						{
							"name": "bone2",
							"origin": [8, 24.32193, 9.5756],
							"color": 0,
							"children": [
								0,
								1,
								2,
								{
									"name": "bone12",
									"origin": [10.5, 25.5, 8.5],
									"color": 0,
									"children": [3, 4]
								},
								{
									"name": "bone4",
									"origin": [5.5, 25.5, 8.5],
									"color": 0,
									"children": [5, 6]
								},
								{
									"name": "bone11",
									"origin": [8, 24.32193, 9.5756],
									"color": 0,
									"children": [7, 8]
								}
							]
						},
						{
							"name": "bone10",
							"origin": [8, -4.5, 8],
							"color": 0,
							"children": [9, 10, 11]
						},
						{
							"name": "bone13",
							"origin": [8, -6, 8],
							"color": 0,
							"children": [12, 13, 14, 15]
						},
						{
							"name": "bone3",
							"origin": [12, 15.46447, 3.46446],
							"color": 0,
							"children": [16, 17, 18, 19, 20, 21]
						}
					]
				},
				{
					"name": "group2",
					"origin": [1.75, 3, 17.75],
					"color": 0,
					"children": [22, 23]
				}
			]
		}
	]
}