{
	"format_version": "1.21.6",
	"credit": "Made with Blockbench",
	"texture_size": [256, 256],
	"textures": {
		"0": "furniture:item/archeologist_props",
		"particle": "furniture:item/archeologist_props"
	},
	"elements": [
		{
			"from": [-3.5, 10.99965, -3.50023],
			"to": [19.5, 15.99965, 15.49977],
			"rotation": {"angle": 0, "axis": "x", "origin": [6.625, 15.99965, 7.49977]},
			"faces": {
				"north": {"uv": [0, 4.5625, 5.75, 5.8125], "texture": "#0"},
				"south": {"uv": [0, 5.8125, 5.75, 4.5625], "rotation": 180, "texture": "#0"},
				"up": {"uv": [0, 5.875, 5.75, 10.625], "rotation": 180, "texture": "#0"}
			}
		},
		{
			"from": [23.08766, 6.58853, -3.50023],
			"to": [23.08766, 16.71353, 15.49977],
			"rotation": {"angle": 22.5, "axis": "z", "origin": [23.08766, 7.33853, 7.49977]},
			"faces": {
				"east": {"uv": [4.75, 0.3125, 0, 2.84375], "texture": "#0"},
				"west": {"uv": [0, 0.3125, 4.75, 2.84375], "texture": "#0"}
			}
		},
		{
			"from": [21.87212, 0.02314, -3.50023],
			"to": [21.87212, 6.02314, 15.49977],
			"rotation": {"angle": 45, "axis": "z", "origin": [21.87212, 8.14814, 7.49977]},
			"faces": {
				"east": {"uv": [4.75, 2.875, 0, 4.375], "texture": "#0"},
				"west": {"uv": [4.75, 2.875, 0, 4.375], "texture": "#0"}
			}
		},
		{
			"from": [-7.08766, 6.58853, -3.50023],
			"to": [-7.08766, 16.71353, 15.49977],
			"rotation": {"angle": -22.5, "axis": "z", "origin": [-7.08766, 7.33853, 7.49977]},
			"faces": {
				"east": {"uv": [4.75, 0.3125, 0, 2.84375], "texture": "#0"},
				"west": {"uv": [0, 0.3125, 4.75, 2.84375], "texture": "#0"}
			}
		},
		{
			"from": [-5.87212, 0.02314, -3.50023],
			"to": [-5.87212, 6.02314, 15.49977],
			"rotation": {"angle": -45, "axis": "z", "origin": [-5.87212, 8.14814, 7.49977]},
			"faces": {
				"east": {"uv": [0, 2.875, 4.75, 4.375], "texture": "#0"},
				"west": {"uv": [0, 2.875, 4.75, 4.375], "texture": "#0"}
			}
		},
		{
			"from": [-15.70569, 1.58965, -2.25023],
			"to": [-11.45569, 1.58965, 14.49977],
			"rotation": {"angle": 22.5, "axis": "z", "origin": [-13.58069, 1.58965, 6.12477]},
			"faces": {
				"up": {"uv": [6.125, 0, 10.3125, 1.0625], "rotation": 90, "texture": "#0"},
				"down": {"uv": [6.125, 0, 10.3125, 1.0625], "rotation": 90, "texture": "#0"}
			}
		},
		{
			"from": [-15.37975, -0.70516, 13.24977],
			"to": [-14.37975, 3.04484, 14.24977],
			"rotation": {"angle": 22.5, "axis": "z", "origin": [-14.87975, 1.16984, 13.74977]},
			"faces": {
				"north": {"uv": [5.5, 0, 5.75, 0.9375], "texture": "#0"},
				"east": {"uv": [5.75, 0, 5.5, 0.9375], "texture": "#0"},
				"south": {"uv": [5.5, 0, 5.75, 0.9375], "texture": "#0"},
				"west": {"uv": [5.75, 0, 5.5, 0.9375], "texture": "#0"},
				"up": {"uv": [5.75, 1.3125, 5.5, 1.5625], "rotation": 180, "texture": "#0"},
				"down": {"uv": [5.5, 1, 5.75, 1.25], "rotation": 180, "texture": "#0"}
			}
		},
		{
			"from": [-15.37975, -0.70516, -2.00023],
			"to": [-14.37975, 3.04484, -1.00023],
			"rotation": {"angle": 22.5, "axis": "z", "origin": [-14.87975, 1.16984, -1.50023]},
			"faces": {
				"north": {"uv": [5.5, 0, 5.75, 0.9375], "texture": "#0"},
				"east": {"uv": [5.75, 0, 5.5, 0.9375], "texture": "#0"},
				"south": {"uv": [5.5, 0, 5.75, 0.9375], "texture": "#0"},
				"west": {"uv": [5.75, 0, 5.5, 0.9375], "texture": "#0"},
				"up": {"uv": [5.75, 1.3125, 5.5, 1.5625], "rotation": 180, "texture": "#0"},
				"down": {"uv": [5.5, 1, 5.75, 1.25], "rotation": 180, "texture": "#0"}
			}
		},
		{
			"from": [27.45569, 1.58965, -2.25023],
			"to": [31.70569, 1.58965, 14.49977],
			"rotation": {"angle": -22.5, "axis": "z", "origin": [29.58069, 1.58965, 6.12477]},
			"faces": {
				"up": {"uv": [6.125, 1.0625, 10.3125, 0], "rotation": 90, "texture": "#0"},
				"down": {"uv": [6.125, 1.0625, 10.3125, 0], "rotation": 90, "texture": "#0"}
			}
		},
		{
			"from": [30.37975, -0.70516, 13.24977],
			"to": [31.37975, 3.04484, 14.24977],
			"rotation": {"angle": -22.5, "axis": "z", "origin": [30.87975, 1.16984, 13.74977]},
			"faces": {
				"north": {"uv": [5.75, 0, 5.5, 0.9375], "texture": "#0"},
				"east": {"uv": [5.5, 0, 5.75, 0.9375], "texture": "#0"},
				"south": {"uv": [5.75, 0, 5.5, 0.9375], "texture": "#0"},
				"west": {"uv": [5.5, 0, 5.75, 0.9375], "texture": "#0"},
				"up": {"uv": [5.5, 1.3125, 5.75, 1.5625], "rotation": 180, "texture": "#0"},
				"down": {"uv": [5.75, 1, 5.5, 1.25], "rotation": 180, "texture": "#0"}
			}
		},
		{
			"from": [30.37975, -0.70516, -2.00023],
			"to": [31.37975, 3.04484, -1.00023],
			"rotation": {"angle": -22.5, "axis": "z", "origin": [30.87975, 1.16984, -1.50023]},
			"faces": {
				"north": {"uv": [5.75, 0, 5.5, 0.9375], "texture": "#0"},
				"east": {"uv": [5.5, 0, 5.75, 0.9375], "texture": "#0"},
				"south": {"uv": [5.75, 0, 5.5, 0.9375], "texture": "#0"},
				"west": {"uv": [5.5, 0, 5.75, 0.9375], "texture": "#0"},
				"up": {"uv": [5.5, 1.3125, 5.75, 1.5625], "rotation": 180, "texture": "#0"},
				"down": {"uv": [5.75, 1, 5.5, 1.25], "rotation": 180, "texture": "#0"}
			}
		},
		{
			"from": [-3.5, -0.0001, 13.99977],
			"to": [-2, 15.9999, 15.49977],
			"rotation": {"angle": 0, "axis": "y", "origin": [-3, 1.4999, 14.24977]},
			"faces": {
				"north": {"uv": [5.0625, 0, 5.4375, 4], "texture": "#0"},
				"east": {"uv": [5.4375, 0, 5.0625, 4], "texture": "#0"},
				"south": {"uv": [11.25, 0, 11.625, 4], "texture": "#0"},
				"west": {"uv": [5.4375, 0, 5.0625, 4], "texture": "#0"},
				"down": {"uv": [5.0625, 4.0625, 5.4375, 4.4375], "rotation": 270, "texture": "#0"}
			}
		},
		{
			"from": [-2, 14.4999, 13.99977],
			"to": [18, 15.9999, 15.49977],
			"rotation": {"angle": 0, "axis": "x", "origin": [7.875, 14.9999, 14.99977]},
			"faces": {
				"north": {"uv": [5.8125, 4.5625, 10.8125, 4.9375], "rotation": 180, "texture": "#0"},
				"down": {"uv": [5.8125, 4.5625, 10.8125, 4.9375], "rotation": 180, "texture": "#0"}
			}
		},
		{
			"from": [-2, 14.4999, -3.49977],
			"to": [18, 15.9999, -1.99977],
			"rotation": {"angle": 0, "axis": "x", "origin": [7.875, 14.9999, -2.99977]},
			"faces": {
				"south": {"uv": [10.8125, 4.5625, 5.8125, 4.9375], "rotation": 180, "texture": "#0"},
				"down": {"uv": [5.8125, 4.9375, 10.8125, 4.5625], "rotation": 180, "texture": "#0"}
			}
		},
		{
			"from": [-3.5, 14.4999, -2.00023],
			"to": [-2, 15.9999, 13.99977],
			"rotation": {"angle": 0, "axis": "y", "origin": [6.5, 15.4999, 6.12477]},
			"faces": {
				"east": {"uv": [5.8125, 5, 9.8125, 5.375], "texture": "#0"},
				"west": {"uv": [5.8125, 5.375, 9.8125, 5], "texture": "#0"},
				"down": {"uv": [5.8125, 5.375, 9.8125, 5], "rotation": 90, "texture": "#0"}
			}
		},
		{
			"from": [18, 14.4999, -2.00023],
			"to": [19.5, 15.9999, 13.99977],
			"rotation": {"angle": 0, "axis": "y", "origin": [28, 15.4999, 6.12477]},
			"faces": {
				"east": {"uv": [5.8125, 5, 9.8125, 5.375], "texture": "#0"},
				"west": {"uv": [5.8125, 5.375, 9.8125, 5], "texture": "#0"},
				"down": {"uv": [5.8125, 5.375, 9.8125, 5], "rotation": 90, "texture": "#0"}
			}
		},
		{
			"from": [17.99954, -0.0001, 13.99977],
			"to": [19.49954, 15.9999, 15.49977],
			"rotation": {"angle": 0, "axis": "y", "origin": [18.99954, 1.4999, 14.24977]},
			"faces": {
				"north": {"uv": [5.4375, 0, 5.0625, 4], "texture": "#0"},
				"east": {"uv": [5.0625, 0, 5.4375, 4], "texture": "#0"},
				"south": {"uv": [11.625, 0, 11.25, 4], "texture": "#0"},
				"west": {"uv": [5.0625, 0, 5.4375, 4], "texture": "#0"},
				"down": {"uv": [5.0625, 4.4375, 5.4375, 4.0625], "rotation": 270, "texture": "#0"}
			}
		},
		{
			"from": [-3.5, -0.0001, -3.50023],
			"to": [-2, 15.9999, -2.00023],
			"rotation": {"angle": 0, "axis": "y", "origin": [-3, 1.4999, -2.25023]},
			"faces": {
				"north": {"uv": [11.625, 0, 11.25, 4], "texture": "#0"},
				"east": {"uv": [5.0625, 0, 5.4375, 4], "texture": "#0"},
				"south": {"uv": [5.4375, 0, 5.0625, 4], "texture": "#0"},
				"west": {"uv": [5.0625, 0, 5.4375, 4], "texture": "#0"},
				"down": {"uv": [5.4375, 4.0625, 5.0625, 4.4375], "rotation": 270, "texture": "#0"}
			}
		},
		{
			"from": [17.99954, -0.0001, -3.50023],
			"to": [19.49954, 15.9999, -2.00023],
			"rotation": {"angle": 0, "axis": "y", "origin": [18.99954, 1.4999, -2.25023]},
			"faces": {
				"north": {"uv": [11.25, 0, 11.625, 4], "texture": "#0"},
				"east": {"uv": [5.4375, 0, 5.0625, 4], "texture": "#0"},
				"south": {"uv": [5.0625, 0, 5.4375, 4], "texture": "#0"},
				"west": {"uv": [5.4375, 0, 5.0625, 4], "texture": "#0"},
				"down": {"uv": [5.4375, 4.4375, 5.0625, 4.0625], "rotation": 270, "texture": "#0"}
			}
		},
		{
			"name": "cube inverted",
			"from": [19.5, 15.99965, 15.49977],
			"to": [-3.5, 10.99965, -3.50023],
			"rotation": {"angle": 0, "axis": "x", "origin": [6.625, 15.99965, 7.49977]},
			"faces": {
				"north": {"uv": [0, 4.5625, 5.75, 5.8125], "rotation": 180, "texture": "#0"},
				"south": {"uv": [0, 5.8125, 5.75, 4.5625], "texture": "#0"},
				"down": {"uv": [5.75, 5.875, 0, 10.625], "rotation": 180, "texture": "#0"}
			}
		}
	],
	"gui_light": "front",
	"display": {
		"thirdperson_righthand": {
			"rotation": [75, 45, 0],
			"translation": [1.5, 4.75, 2],
			"scale": [0.375, 0.375, 0.375]
		},
		"thirdperson_lefthand": {
			"rotation": [75, 45, 0],
			"translation": [1.5, 4.75, 2],
			"scale": [0.375, 0.375, 0.375]
		},
		"firstperson_righthand": {
			"rotation": [0, 75.75, 0],
			"translation": [5.25, 2.75, 1.5],
			"scale": [0.4, 0.4, 0.4]
		},
		"firstperson_lefthand": {
			"rotation": [0, 75.75, 0],
			"translation": [5.25, 2.75, 2],
			"scale": [0.4, 0.4, 0.4]
		},
		"ground": {
			"translation": [0, 3, 0],
			"scale": [0.25, 0.25, 0.25]
		},
		"gui": {
			"rotation": [30, -135, 0],
			"translation": [-0.5, -0.25, 0],
			"scale": [0.32617, 0.32617, 0.32617]
		},
		"head": {
			"translation": [0, 12.75, 0],
			"scale": [0.79492, 0.79492, 0.79492]
		},
		"fixed": {
			"rotation": [-90, 0, 0],
			"translation": [0, 0, -30],
			"scale": [4, 4, 4]
		}
	},
	"groups": [
		{
			"name": "group",
			"origin": [8, 8, 8],
			"color": 0,
			"children": [
				0,
				1,
				2,
				3,
				4,
				{
					"name": "group",
					"origin": [-9, 21.12239, -1.70312],
					"color": 0,
					"children": [5, 6, 7]
				},
				{
					"name": "group",
					"origin": [-9, 21.12239, -1.70312],
					"color": 0,
					"children": [
						8,
						9,
						10,
						{
							"name": "group",
							"origin": [-43, -10.00038, -25.99908],
							"color": 0,
							"children": [11, 12, 13, 14, 15, 16, 17, 18]
						}
					]
				},
				19
			]
		}
	]
}