{
	"format_version": "1.21.6",
	"credit": "Made with Blockbench",
	"texture_size": [256, 256],
	"textures": {
		"0": "furniture:item/archeologist_props",
		"particle": "furniture:item/archeologist_props"
	},
	"elements": [
		{
			"from": [12.5, 10.38807, 13.11948],
			"to": [14.5, 23.38807, 15.11948],
			"rotation": {"angle": 0, "axis": "y", "origin": [12.5, 10.38807, 13.11948]},
			"faces": {
				"north": {"uv": [9.25, 1.1875, 9.375, 2], "texture": "#0"},
				"east": {"uv": [9.25, 1.1875, 9.3125, 2], "texture": "#0"},
				"south": {"uv": [9.375, 1.1875, 9.25, 2], "texture": "#0"},
				"west": {"uv": [9.3125, 1.1875, 9.375, 2], "texture": "#0"},
				"up": {"uv": [9.375, 1.1875, 9.25, 1.3125], "texture": "#0"}
			}
		},
		{
			"from": [12.42188, 15.38807, 13.01791],
			"to": [14.62188, 21.38807, 15.21791],
			"rotation": {"angle": 0, "axis": "y", "origin": [12.42188, 10.38807, 13.01791]},
			"faces": {
				"north": {"uv": [9.0625, 3.3125, 9.18606, 3.6875], "texture": "#0"},
				"east": {"uv": [9.0625, 3.3125, 9.12625, 3.6875], "texture": "#0"},
				"south": {"uv": [9.18606, 3.3125, 9.0625, 3.6875], "texture": "#0"},
				"west": {"uv": [9.125, 3.3125, 9.18606, 3.6875], "texture": "#0"}
			}
		},
		{
			"from": [1.37813, 15.38807, 13.01791],
			"to": [3.57813, 21.38807, 15.21791],
			"rotation": {"angle": 0, "axis": "y", "origin": [3.57813, 10.38807, 13.01791]},
			"faces": {
				"north": {"uv": [9.18606, 3.3125, 9.0625, 3.6875], "texture": "#0"},
				"east": {"uv": [9.18606, 3.3125, 9.125, 3.6875], "texture": "#0"},
				"south": {"uv": [9.0625, 3.3125, 9.18606, 3.6875], "texture": "#0"},
				"west": {"uv": [9.12625, 3.3125, 9.0625, 3.6875], "texture": "#0"}
			}
		},
		{
			"from": [1.5, 10.38807, 13.11948],
			"to": [3.5, 23.38807, 15.11948],
			"rotation": {"angle": 0, "axis": "y", "origin": [2.5, 16.88807, 14.11948]},
			"faces": {
				"north": {"uv": [9.375, 1.1875, 9.25, 2], "texture": "#0"},
				"east": {"uv": [9.375, 1.1875, 9.3125, 2], "texture": "#0"},
				"south": {"uv": [9.25, 1.1875, 9.375, 2], "texture": "#0"},
				"west": {"uv": [9.3125, 1.1875, 9.25, 2], "texture": "#0"},
				"up": {"uv": [9.25, 1.1875, 9.375, 1.3125], "texture": "#0"}
			}
		},
		{
			"from": [3.5, 15.38807, 14.11948],
			"to": [12.5, 21.38807, 14.11948],
			"rotation": {"angle": 0, "axis": "y", "origin": [4.5, 10.38807, 13.11948]},
			"faces": {
				"north": {"uv": [9.0625, 2.875, 9.625, 3.25], "texture": "#0"},
				"south": {"uv": [9.0625, 2.875, 9.625, 3.25], "texture": "#0"}
			}
		},
		{
			"from": [12.5, -2.09722, 4.21998],
			"to": [14.5, 14.90278, 6.21998],
			"rotation": {"angle": 45, "axis": "x", "origin": [13.5, 1.90278, 5.21998]},
			"faces": {
				"north": {"uv": [9.0625, 1.1875, 9.1875, 2.25], "texture": "#0"},
				"east": {"uv": [9.0625, 1.1875, 9.125, 2.25], "texture": "#0"},
				"south": {"uv": [9.1875, 1.1875, 9.0625, 2.25], "texture": "#0"},
				"west": {"uv": [9.125, 1.1875, 9.1875, 2.25], "texture": "#0"},
				"down": {"uv": [9.1875, 1.1875, 9.0625, 1.3125], "texture": "#0"}
			}
		},
		{
			"from": [1.5, -4.15043, 7.97606],
			"to": [3.5, 9.84957, 9.97606],
			"rotation": {"angle": -45, "axis": "x", "origin": [2.5, 3.89022, 7.73744]},
			"faces": {
				"north": {"uv": [9.5625, 1.1875, 9.4375, 2.0625], "texture": "#0"},
				"east": {"uv": [9.5625, 1.1875, 9.5, 2.0625], "texture": "#0"},
				"south": {"uv": [9.4375, 1.1875, 9.5625, 2.0625], "texture": "#0"},
				"west": {"uv": [9.5, 1.1875, 9.4375, 2.0625], "texture": "#0"},
				"down": {"uv": [9.25, 2.0625, 9.375, 2.1875], "texture": "#0"}
			}
		},
		{
			"from": [12.5, -2.9698, 8.34913],
			"to": [14.5, 11.0302, 10.34913],
			"rotation": {"angle": -45, "axis": "x", "origin": [13.5, 4.0302, 9.34913]},
			"faces": {
				"north": {"uv": [9.4375, 1.1875, 9.5625, 2.0625], "texture": "#0"},
				"east": {"uv": [9.4375, 1.1875, 9.5, 2.0625], "texture": "#0"},
				"south": {"uv": [9.5625, 1.1875, 9.4375, 2.0625], "texture": "#0"},
				"west": {"uv": [9.5, 1.1875, 9.5625, 2.0625], "texture": "#0"},
				"down": {"uv": [9.375, 2.0625, 9.25, 2.1875], "texture": "#0"}
			}
		},
		{
			"from": [1.5, -4.35588, 6.802],
			"to": [3.5, 12.64412, 8.802],
			"rotation": {"angle": 45, "axis": "x", "origin": [2.5, 3.89022, 9.23744]},
			"faces": {
				"north": {"uv": [9.1875, 1.1875, 9.0625, 2.25], "texture": "#0"},
				"east": {"uv": [9.1875, 1.1875, 9.125, 2.25], "texture": "#0"},
				"south": {"uv": [9.0625, 1.1875, 9.1875, 2.25], "texture": "#0"},
				"west": {"uv": [9.125, 1.1875, 9.0625, 2.25], "texture": "#0"},
				"down": {"uv": [9.0625, 1.1875, 9.1875, 1.3125], "texture": "#0"}
			}
		},
		{
			"from": [1, 8.24219, 2],
			"to": [15, 10.24219, 14],
			"rotation": {"angle": 0, "axis": "y", "origin": [1, 8.24219, 2]},
			"faces": {
				"north": {"uv": [9.25, 4.125, 10.125, 4.25], "texture": "#0"},
				"east": {"uv": [10.1875, 3.3125, 10.3125, 4.0625], "rotation": 90, "texture": "#0"},
				"south": {"uv": [9.25, 4.125, 10.125, 4.25], "texture": "#0"},
				"west": {"uv": [10.1875, 3.3125, 10.3125, 4.0625], "rotation": 90, "texture": "#0"},
				"up": {"uv": [9.6875, 3.25, 10.5625, 2.5], "texture": "#0"},
				"down": {"uv": [9.25, 3.3125, 10.125, 4.0625], "texture": "#0"}
			}
		}
	],
	"gui_light": "front",
	"display": {
		"thirdperson_righthand": {
			"rotation": [75, 45, 0],
			"translation": [0, 3, 3.25],
			"scale": [0.375, 0.375, 0.375]
		},
		"thirdperson_lefthand": {
			"rotation": [75, 45, 0],
			"translation": [0, 3, 3.25],
			"scale": [0.375, 0.375, 0.375]
		},
		"firstperson_righthand": {
			"rotation": [0, 75.75, 0],
			"translation": [3.5, 1.5, -0.5],
			"scale": [0.4, 0.4, 0.4]
		},
		"firstperson_lefthand": {
			"rotation": [0, 75.75, 0],
			"translation": [3.5, 1.5, -0.5],
			"scale": [0.4, 0.4, 0.4]
		},
		"ground": {
			"translation": [0, 3, 0],
			"scale": [0.25, 0.25, 0.25]
		},
		"gui": {
			"rotation": [30, -135, 0],
			"translation": [0.5, -1.25, 0],
			"scale": [0.40624, 0.40624, 0.40624]
		},
		"head": {
			"translation": [0, 12.75, 0],
			"scale": [0.79492, 0.79492, 0.79492]
		},
		"fixed": {
			"rotation": [90, 0, -180],
			"translation": [0, 0, -16],
			"scale": [2.00195, 2.00195, 2.00195]
		}
	},
	"groups": [
		{
			"name": "group",
			"origin": [8, 8, 8],
			"color": 0,
			"children": [0, 1, 2, 3, 4, 5, 6, 7, 8, 9]
		}
	]
}