{
	"format_version": "1.21.6",
	"credit": "MadewithBlockbench",
	"texture_size": [128, 128],
	"textures": {
		"0": "furniture:item/blue_arcade_machine"
	},
	"elements": [
		{
			"from": [1, 11, 0],
			"to": [15, 14, 16],
			"faces": {
				"north": {"uv": [7.25, 6.625, 9, 7], "texture": "#0"},
				"east": {"uv": [7.25, 5.5, 9.25, 5.875], "texture": "#0"},
				"south": {"uv": [7.25, 6.25, 9, 6.625], "texture": "#0"},
				"west": {"uv": [7.25, 5.875, 9.25, 6.25], "texture": "#0"},
				"up": {"uv": [2, 5.25, 0, 3.5], "rotation": 90, "texture": "#0"},
				"down": {"uv": [5.75, 0, 3.75, 1.75], "rotation": 270, "texture": "#0"}
			}
		},
		{
			"from": [1, 0, 2],
			"to": [15, 11, 16],
			"faces": {
				"north": {"uv": [7.25, 3.125, 9, 4.5], "texture": "#0"},
				"east": {"uv": [1.5, 7, 3.25, 8.375], "texture": "#0"},
				"south": {"uv": [3.25, 7, 5, 8.375], "texture": "#0"},
				"west": {"uv": [7.25, 1.75, 9, 3.125], "texture": "#0"},
				"up": {"uv": [5.75, 7, 4, 5.25], "rotation": 90, "texture": "#0"},
				"down": {"uv": [7.5, 0, 5.75, 1.75], "rotation": 270, "texture": "#0"}
			}
		},
		{
			"from": [15, 0, 0],
			"to": [16, 14, 16],
			"faces": {
				"north": {"uv": [5.125, 7, 5.25, 8.75], "texture": "#0"},
				"east": {"uv": [5.75, 1.75, 3.75, 3.5], "texture": "#0"},
				"south": {"uv": [5, 7, 5.125, 8.75], "texture": "#0"},
				"west": {"uv": [3.75, 3.5, 5.75, 5.25], "texture": "#0"},
				"up": {"uv": [9.25, 7.125, 7.25, 7], "rotation": 90, "texture": "#0"},
				"down": {"uv": [9.25, 7.125, 7.25, 7.25], "rotation": 270, "texture": "#0"}
			}
		},
		{
			"from": [0, 0, 0],
			"to": [1, 14, 16],
			"faces": {
				"north": {"uv": [5.375, 7, 5.5, 8.75], "texture": "#0"},
				"east": {"uv": [0, 5.25, 2, 7], "texture": "#0"},
				"south": {"uv": [5.25, 7, 5.375, 8.75], "texture": "#0"},
				"west": {"uv": [2, 5.25, 4, 7], "texture": "#0"},
				"up": {"uv": [9.25, 7.375, 7.25, 7.25], "rotation": 90, "texture": "#0"},
				"down": {"uv": [9.25, 7.375, 7.25, 7.5], "rotation": 270, "texture": "#0"}
			}
		},
		{
			"from": [0, 28, 2],
			"to": [16, 32, 16],
			"faces": {
				"north": {"uv": [7.25, 5, 9.25, 5.5], "texture": "#0"},
				"east": {"uv": [3.75, 4, 2, 4.5], "texture": "#0"},
				"south": {"uv": [7.25, 4.5, 9.25, 5], "texture": "#0"},
				"west": {"uv": [2, 4.5, 3.75, 5], "texture": "#0"},
				"up": {"uv": [3.75, 2, 2, 0], "rotation": 90, "texture": "#0"},
				"down": {"uv": [3.75, 2, 2, 4], "rotation": 270, "texture": "#0"}
			}
		},
		{
			"from": [0, 14, 4],
			"to": [16, 28, 16],
			"faces": {
				"north": {"uv": [0, 1.75, 2, 3.5], "texture": "#0"},
				"east": {"uv": [7.25, 5.75, 5.75, 7.5], "texture": "#0"},
				"south": {"uv": [0, 0, 2, 1.75], "texture": "#0"},
				"west": {"uv": [0, 7, 1.5, 8.75], "texture": "#0"},
				"up": {"uv": [7.25, 3.75, 5.75, 1.75], "rotation": 90, "texture": "#0"},
				"down": {"uv": [7.25, 3.75, 5.75, 5.75], "rotation": 270, "texture": "#0"}
			}
		},
		{
			"from": [11.5, 14, 1.5],
			"to": [12.5, 16, 2.5],
			"faces": {
				"north": {"uv": [0.125, 8.875, 0.25, 9.125], "texture": "#0"},
				"east": {"uv": [0.5, 8.875, 0.625, 9.125], "texture": "#0"},
				"south": {"uv": [0.375, 8.875, 0.5, 9.125], "texture": "#0"},
				"west": {"uv": [0.25, 8.875, 0.375, 9.125], "texture": "#0"},
				"up": {"uv": [0.25, 9.125, 0.375, 9.25], "rotation": 90, "texture": "#0"},
				"down": {"uv": [0.125, 9.125, 0.25, 9.25], "rotation": 270, "texture": "#0"}
			}
		},
		{
			"from": [11, 14, 1],
			"to": [13, 14.5, 3],
			"faces": {
				"north": {"uv": [0.5625, 9.875, 0.8125, 9.9375], "texture": "#0"},
				"east": {"uv": [0.5625, 9.8125, 0.8125, 9.875], "texture": "#0"},
				"south": {"uv": [0.5625, 9.6875, 0.8125, 9.75], "texture": "#0"},
				"west": {"uv": [0.5625, 9.75, 0.8125, 9.8125], "texture": "#0"},
				"up": {"uv": [0.375, 9.3125, 0.625, 9.5625], "rotation": 90, "texture": "#0"},
				"down": {"uv": [0.125, 9.3125, 0.375, 9.5625], "rotation": 270, "texture": "#0"}
			}
		},
		{
			"from": [5.75, 14, 1.25],
			"to": [7.25, 14.5, 2.75],
			"faces": {
				"north": {"uv": [0.8125, 9.3125, 1, 9.375], "texture": "#0"},
				"east": {"uv": [1, 9.5625, 1.1875, 9.625], "texture": "#0"},
				"south": {"uv": [0.8125, 9.5625, 1, 9.625], "texture": "#0"},
				"west": {"uv": [1, 9.3125, 1.1875, 9.375], "texture": "#0"},
				"up": {"uv": [1, 9.375, 1.1875, 9.5625], "rotation": 90, "texture": "#0"},
				"down": {"uv": [0.8125, 9.375, 1, 9.5625], "rotation": 270, "texture": "#0"}
			}
		},
		{
			"from": [3.25, 14, 1.25],
			"to": [4.75, 14.5, 2.75],
			"faces": {
				"north": {"uv": [0.125, 9.625, 0.3125, 9.6875], "texture": "#0"},
				"east": {"uv": [0.3125, 9.875, 0.5, 9.9375], "texture": "#0"},
				"south": {"uv": [0.125, 9.875, 0.3125, 9.9375], "texture": "#0"},
				"west": {"uv": [0.3125, 9.625, 0.5, 9.6875], "texture": "#0"},
				"up": {"uv": [0.3125, 9.6875, 0.5, 9.875], "rotation": 90, "texture": "#0"},
				"down": {"uv": [0.125, 9.6875, 0.3125, 9.875], "rotation": 270, "texture": "#0"}
			}
		},
		{
			"from": [11.25, 15, 1.25],
			"to": [12.75, 16.5, 2.75],
			"faces": {
				"north": {"uv": [0.6875, 8.875, 0.875, 9.0625], "texture": "#0"},
				"east": {"uv": [1.0625, 9.0625, 1.25, 9.25], "texture": "#0"},
				"south": {"uv": [1.0625, 8.875, 1.25, 9.0625], "texture": "#0"},
				"west": {"uv": [0.875, 8.875, 1.0625, 9.0625], "texture": "#0"},
				"up": {"uv": [0.875, 9.0625, 1.0625, 9.25], "rotation": 90, "texture": "#0"},
				"down": {"uv": [0.6875, 9.0625, 0.875, 9.25], "rotation": 270, "texture": "#0"}
			}
		}
	],
	"gui_light": "front",
	"display": {
		"thirdperson_righthand": {
			"rotation": [67.5, 0, 0],
			"translation": [0, 1, -1.25],
			"scale": [0.22852, 0.22852, 0.22852]
		},
		"thirdperson_lefthand": {
			"rotation": [67.5, 0, 0],
			"translation": [0, 1, -1.25],
			"scale": [0.22852, 0.22852, 0.22852]
		},
		"firstperson_righthand": {
			"translation": [1.75, 0.5, -3.25],
			"scale": [0.42734, 0.42734, 0.42734]
		},
		"firstperson_lefthand": {
			"translation": [1.75, 0.5, -3.25],
			"scale": [0.42734, 0.42734, 0.42734]
		},
		"ground": {
			"translation": [0, 5.25, 0],
			"scale": [0.30469, 0.30469, 0.30469]
		},
		"gui": {
			"rotation": [30, -135, 0],
			"translation": [0, -2.6, 0],
			"scale": [0.35938, 0.35938, 0.35938]
		},
		"head": {
			"rotation": [0, -180, 0],
			"translation": [0, -30.4, 0],
			"scale": [0, 0, 0]
		},
		"fixed": {
			"rotation": [-90, 0, 0],
			"translation": [0, 0, -16],
			"scale": [2, 2, 2]
		}
	},
	"mcmodels": "606a15f3645c7f9d3a325e579e822fe4"
}