{
	"format_version": "1.21.6",
	"credit": "Created by Workshop Six",
	"texture_size": [64, 64],
	"textures": {
		"4": "furniture:item/general_trophy_bronze"
	},
	"elements": [
		{
			"from": [4, 0, 4],
			"to": [12, 1, 12],
			"rotation": {"angle": 0, "axis": "y", "origin": [7, 0, 7]},
			"faces": {
				"north": {"uv": [6.75, 3.75, 8.75, 4], "texture": "#4"},
				"east": {"uv": [6.75, 4, 8.75, 4.25], "texture": "#4"},
				"south": {"uv": [6.75, 4.25, 8.75, 4.5], "texture": "#4"},
				"west": {"uv": [6.75, 4.5, 8.75, 4.75], "texture": "#4"},
				"up": {"uv": [2, 2, 0, 0], "texture": "#4"},
				"down": {"uv": [2, 2, 0, 4], "texture": "#4"}
			}
		},
		{
			"from": [4.5, 1, 4.5],
			"to": [11.5, 6, 11.5],
			"rotation": {"angle": 0, "axis": "y", "origin": [7.5, 1, 6.5]},
			"faces": {
				"north": {"uv": [3.25, 4, 5, 5.25], "texture": "#4"},
				"east": {"uv": [5, 3.25, 6.75, 4.5], "texture": "#4"},
				"south": {"uv": [5, 4.5, 6.75, 5.75], "texture": "#4"},
				"west": {"uv": [3.25, 5.25, 5, 6.5], "texture": "#4"},
				"up": {"uv": [1.75, 5.75, 0, 4], "texture": "#4"},
				"down": {"uv": [5.75, 0, 4, 1.75], "texture": "#4"}
			}
		},
		{
			"from": [4, 6, 4],
			"to": [12, 7, 12],
			"rotation": {"angle": 0, "axis": "y", "origin": [7, 6, 7]},
			"faces": {
				"north": {"uv": [4.75, 6.75, 6.75, 7], "texture": "#4"},
				"east": {"uv": [6.75, 4.75, 8.75, 5], "texture": "#4"},
				"south": {"uv": [6.75, 5, 8.75, 5.25], "texture": "#4"},
				"west": {"uv": [6.75, 5.25, 8.75, 5.5], "texture": "#4"},
				"up": {"uv": [4, 2, 2, 0], "texture": "#4"},
				"down": {"uv": [4, 2, 2, 4], "texture": "#4"}
			}
		},
		{
			"from": [6, 6.5, 6],
			"to": [10, 7.5, 10],
			"rotation": {"angle": 0, "axis": "y", "origin": [7, 6.5, 7]},
			"faces": {
				"north": {"uv": [4, 3.25, 5, 3.5], "texture": "#4"},
				"east": {"uv": [4, 3.5, 5, 3.75], "texture": "#4"},
				"south": {"uv": [4, 3.75, 5, 4], "texture": "#4"},
				"west": {"uv": [7.25, 0, 8.25, 0.25], "texture": "#4"},
				"up": {"uv": [6, 6.75, 5, 5.75], "texture": "#4"},
				"down": {"uv": [7, 5.75, 6, 6.75], "texture": "#4"}
			}
		},
		{
			"from": [5.5, 2, 4],
			"to": [10.5, 5, 5],
			"rotation": {"angle": 0, "axis": "y", "origin": [7.5, 1, 6]},
			"faces": {
				"north": {"uv": [5.75, 1, 7, 1.75], "texture": "#4"},
				"east": {"uv": [1.5, 5.75, 1.75, 6.5], "texture": "#4"},
				"south": {"uv": [3.5, 6.5, 4.75, 7.25], "texture": "#4"},
				"west": {"uv": [2, 7.5, 2.25, 8.25], "texture": "#4"},
				"up": {"uv": [6.75, 3, 5.5, 2.75], "texture": "#4"},
				"down": {"uv": [6.75, 3, 5.5, 3.25], "texture": "#4"}
			}
		},
		{
			"from": [7, 5.5, 7],
			"to": [9, 9.5, 9],
			"rotation": {"angle": 0, "axis": "y", "origin": [7, 6.5, 7]},
			"faces": {
				"north": {"uv": [6.75, 6.75, 7.25, 7.75], "texture": "#4"},
				"east": {"uv": [7, 1, 7.5, 2], "texture": "#4"},
				"south": {"uv": [4.75, 7, 5.25, 8], "texture": "#4"},
				"west": {"uv": [5.25, 7, 5.75, 8], "texture": "#4"},
				"up": {"uv": [7.75, 0.75, 7.25, 0.25], "texture": "#4"},
				"down": {"uv": [7.75, 2.75, 7.25, 3.25], "texture": "#4"}
			}
		},
		{
			"from": [5, 10.5, 5],
			"to": [11, 14.5, 11],
			"rotation": {"angle": 0, "axis": "y", "origin": [7, 6.5, 7]},
			"faces": {
				"north": {"uv": [1.75, 5.5, 3.25, 6.5], "texture": "#4"},
				"east": {"uv": [5.5, 1.75, 7, 2.75], "texture": "#4"},
				"south": {"uv": [0, 5.75, 1.5, 6.75], "texture": "#4"},
				"west": {"uv": [5.75, 0, 7.25, 1], "texture": "#4"},
				"up": {"uv": [3.25, 5.5, 1.75, 4], "texture": "#4"},
				"down": {"uv": [5.5, 1.75, 4, 3.25], "texture": "#4"}
			}
		},
		{
			"from": [6, 9.5, 6],
			"to": [10, 10.5, 10],
			"rotation": {"angle": 0, "axis": "y", "origin": [7, 6.5, 7]},
			"faces": {
				"north": {"uv": [7.25, 0.75, 8.25, 1], "texture": "#4"},
				"east": {"uv": [7.25, 3.25, 8.25, 3.5], "texture": "#4"},
				"south": {"uv": [3.5, 7.25, 4.5, 7.5], "texture": "#4"},
				"west": {"uv": [7.25, 3.5, 8.25, 3.75], "texture": "#4"},
				"up": {"uv": [2.5, 7.5, 1.5, 6.5], "texture": "#4"},
				"down": {"uv": [3.5, 6.5, 2.5, 7.5], "texture": "#4"}
			}
		},
		{
			"from": [5, 14.5, 5],
			"to": [11, 15.5, 6],
			"rotation": {"angle": 0, "axis": "y", "origin": [7, 6.5, 7]},
			"faces": {
				"north": {"uv": [6.75, 5.5, 8.25, 5.75], "texture": "#4"},
				"east": {"uv": [4.75, 6.5, 5, 6.75], "texture": "#4"},
				"south": {"uv": [7, 2, 8.5, 2.25], "texture": "#4"},
				"west": {"uv": [3.25, 7.5, 3.5, 7.75], "texture": "#4"},
				"up": {"uv": [8.5, 2.5, 7, 2.25], "texture": "#4"},
				"down": {"uv": [8.5, 2.5, 7, 2.75], "texture": "#4"}
			}
		},
		{
			"from": [5, 14.5, 10],
			"to": [11, 15.5, 11],
			"rotation": {"angle": 0, "axis": "y", "origin": [7, 6.5, 7]},
			"faces": {
				"north": {"uv": [7, 5.75, 8.5, 6], "texture": "#4"},
				"east": {"uv": [3.5, 7.5, 3.75, 7.75], "texture": "#4"},
				"south": {"uv": [7, 6, 8.5, 6.25], "texture": "#4"},
				"west": {"uv": [3.75, 7.5, 4, 7.75], "texture": "#4"},
				"up": {"uv": [8.5, 6.5, 7, 6.25], "texture": "#4"},
				"down": {"uv": [8.5, 6.5, 7, 6.75], "texture": "#4"}
			}
		},
		{
			"from": [5, 14.5, 6],
			"to": [6, 15.5, 10],
			"rotation": {"angle": 0, "axis": "y", "origin": [8, 16, 8]},
			"faces": {
				"north": {"uv": [4, 7.5, 4.25, 7.75], "texture": "#4"},
				"east": {"uv": [7.25, 6.75, 8.25, 7], "texture": "#4"},
				"south": {"uv": [4.25, 7.5, 4.5, 7.75], "texture": "#4"},
				"west": {"uv": [7.25, 7, 8.25, 7.25], "texture": "#4"},
				"up": {"uv": [4.75, 8.25, 4.5, 7.25], "texture": "#4"},
				"down": {"uv": [7.5, 7.25, 7.25, 8.25], "texture": "#4"}
			}
		},
		{
			"from": [10, 14.5, 6],
			"to": [11, 15.5, 10],
			"rotation": {"angle": 0, "axis": "y", "origin": [8, 16, 8]},
			"faces": {
				"north": {"uv": [7.5, 7.25, 7.75, 7.5], "texture": "#4"},
				"east": {"uv": [7.5, 1, 8.5, 1.25], "texture": "#4"},
				"south": {"uv": [7.5, 7.5, 7.75, 7.75], "texture": "#4"},
				"west": {"uv": [7.5, 1.25, 8.5, 1.5], "texture": "#4"},
				"up": {"uv": [1.75, 8.5, 1.5, 7.5], "texture": "#4"},
				"down": {"uv": [2, 7.5, 1.75, 8.5], "texture": "#4"}
			}
		},
		{
			"from": [3.5, 11, 7],
			"to": [5.5, 15, 8],
			"faces": {
				"north": {"uv": [0, 6.75, 0.5, 7.75], "texture": "#4"},
				"east": {"uv": [5.75, 7, 6, 8], "texture": "#4"},
				"south": {"uv": [0.5, 6.75, 1, 7.75], "texture": "#4"},
				"west": {"uv": [6, 7, 6.25, 8], "texture": "#4"},
				"up": {"uv": [8, 1.75, 7.5, 1.5], "texture": "#4"},
				"down": {"uv": [8, 1.75, 7.5, 2], "texture": "#4"}
			}
		},
		{
			"from": [10.5, 11, 7],
			"to": [12.5, 15, 8],
			"rotation": {"angle": 0, "axis": "y", "origin": [16, 0, 0]},
			"faces": {
				"north": {"uv": [0.5, 6.75, 0, 7.75], "texture": "#4"},
				"east": {"uv": [6.25, 7, 6, 8], "texture": "#4"},
				"south": {"uv": [1, 6.75, 0.5, 7.75], "texture": "#4"},
				"west": {"uv": [6, 7, 5.75, 8], "texture": "#4"},
				"up": {"uv": [7.5, 1.75, 8, 1.5], "texture": "#4"},
				"down": {"uv": [7.5, 1.75, 8, 2], "texture": "#4"}
			}
		}
	],
	"gui_light": "front",
	"display": {
		"thirdperson_righthand": {
			"rotation": [49, 0, 0],
			"translation": [0, 2, 1.25],
			"scale": [0.6, 0.6, 0.6]
		},
		"thirdperson_lefthand": {
			"rotation": [49, 0, 0],
			"translation": [0, 2, 1.25],
			"scale": [0.6, 0.6, 0.6]
		},
		"firstperson_righthand": {
			"rotation": [0, 119, 0],
			"translation": [0, 5, 2],
			"scale": [0.5, 0.5, 0.5]
		},
		"firstperson_lefthand": {
			"rotation": [0, 119, 0],
			"translation": [0, 5, 2],
			"scale": [0.5, 0.5, 0.5]
		},
		"ground": {
			"translation": [0, 5.5, 0],
			"scale": [0.7, 0.7, 0.7]
		},
		"gui": {
			"rotation": [11.75, -180, 0],
			"translation": [0, 0.5, 0],
			"scale": [0.89, 0.89, 0.89]
		},
		"head": {
			"scale": [0, 0, 0]
		},
		"fixed": {
			"rotation": [-90, 0, 0],
			"translation": [0, 0, -16],
			"scale": [2, 2, 2]
		}
	},
	"groups": [
		{
			"name": "group",
			"origin": [16, 0, 0],
			"color": 0,
			"children": [0, 1, 2, 3, 4, 5, 6, 7, 8, 9, 10, 11, 12, 13]
		}
	],
	"mcmodels": "01a89d0486ba773dec347cdd102e25f3"
}