{
	"format_version": "1.21.6",
	"credit": "Made with Blockbench",
	"texture_size": [64, 64],
	"textures": {
		"0": "furniture:item/bunny_rabbit",
		"particle": "furniture:item/bunny_rabbit"
	},
	"elements": [
		{
			"from": [5, 10, 4],
			"to": [11, 14, 6],
			"rotation": {"angle": 0, "axis": "y", "origin": [8, 14.5, 6.5]},
			"faces": {
				"north": {"uv": [10, 0.5, 8.5, 1.5], "texture": "#0"},
				"east": {"uv": [6.5, 0.5, 6, 1.5], "texture": "#0"},
				"west": {"uv": [8.5, 0.5, 8, 1.5], "texture": "#0"},
				"up": {"uv": [8, 0, 6.5, 0.5], "texture": "#0"},
				"down": {"uv": [9.5, 0.5, 8, 0], "texture": "#0"}
			}
		},
		{
			"from": [4, 10, 6],
			"to": [12, 18, 14],
			"rotation": {"angle": 0, "axis": "y", "origin": [8, 14.5, 6.5]},
			"faces": {
				"north": {"uv": [8, 2, 6, 4], "texture": "#0"},
				"east": {"uv": [2, 2, 0, 4], "texture": "#0"},
				"south": {"uv": [4, 2, 2, 4], "texture": "#0"},
				"west": {"uv": [6, 2, 4, 4], "texture": "#0"},
				"up": {"uv": [4, 0, 2, 2], "texture": "#0"},
				"down": {"uv": [6, 2, 4, 0], "texture": "#0"}
			}
		},
		{
			"from": [8, 15, 8],
			"to": [13, 24, 10],
			"rotation": {"angle": -22.5, "axis": "z", "origin": [11.5, 17.5, 8]},
			"faces": {
				"north": {"uv": [10.5, 5.5, 9.25, 7.75], "texture": "#0"},
				"east": {"uv": [7.5, 5.5, 7, 7.75], "texture": "#0"},
				"south": {"uv": [8.75, 5.5, 7.5, 7.75], "texture": "#0"},
				"west": {"uv": [9.25, 5.5, 8.75, 7.75], "texture": "#0"},
				"up": {"uv": [8.75, 5, 7.5, 5.5], "texture": "#0"}
			}
		},
		{
			"from": [9.93934, -0.00391, 2.38909],
			"to": [13.93934, 3.99609, 10.38909],
			"rotation": {"angle": -22.5, "axis": "y", "origin": [12.43934, 1.5, 6.38909]},
			"faces": {
				"north": {"uv": [12, 4, 11, 5], "texture": "#0"},
				"east": {"uv": [8, 4, 6, 5], "texture": "#0"},
				"south": {"uv": [9, 4, 8, 5], "texture": "#0"},
				"west": {"uv": [11, 4, 9, 5], "texture": "#0"},
				"up": {"uv": [9, 2, 8, 4], "texture": "#0"},
				"down": {"uv": [10, 4, 9, 2], "texture": "#0"}
			}
		},
		{
			"from": [7.85834, 4.27422, 8],
			"to": [10.85834, 11.27422, 11],
			"rotation": {"angle": 45, "axis": "z", "origin": [12.99163, 12.00105, 9]},
			"faces": {
				"north": {"uv": [9.25, 8.5, 8.5, 10.25], "texture": "#0"},
				"east": {"uv": [7, 8.5, 6.25, 10.25], "texture": "#0"},
				"south": {"uv": [7.75, 8.5, 7, 10.25], "texture": "#0"},
				"west": {"uv": [8.5, 8.5, 7.75, 10.25], "texture": "#0"},
				"down": {"uv": [8.5, 8.5, 7.75, 7.75], "texture": "#0"}
			}
		},
		{
			"from": [5.14166, 4.27422, 8],
			"to": [8.14167, 11.27422, 11],
			"rotation": {"angle": -45, "axis": "z", "origin": [3.00837, 12.00105, 9]},
			"faces": {
				"north": {"uv": [8.5, 8.5, 9.25, 10.25], "texture": "#0"},
				"east": {"uv": [7.75, 8.5, 8.5, 10.25], "texture": "#0"},
				"south": {"uv": [7, 8.5, 7.75, 10.25], "texture": "#0"},
				"west": {"uv": [6.25, 8.5, 7, 10.25], "texture": "#0"},
				"down": {"uv": [7.75, 8.5, 8.5, 7.75], "texture": "#0"}
			}
		},
		{
			"from": [2.06066, -0.00391, 2.38909],
			"to": [6.06066, 3.99609, 10.38909],
			"rotation": {"angle": 22.5, "axis": "y", "origin": [3.56066, 1.5, 6.38909]},
			"faces": {
				"north": {"uv": [11, 4, 12, 5], "texture": "#0"},
				"east": {"uv": [9, 4, 11, 5], "texture": "#0"},
				"south": {"uv": [8, 4, 9, 5], "texture": "#0"},
				"west": {"uv": [6, 4, 8, 5], "texture": "#0"},
				"up": {"uv": [8, 2, 9, 4], "texture": "#0"},
				"down": {"uv": [9, 4, 10, 2], "texture": "#0"}
			}
		},
		{
			"from": [3, 15, 8],
			"to": [8, 24, 10],
			"rotation": {"angle": 22.5, "axis": "z", "origin": [4.5, 17.5, 8]},
			"faces": {
				"north": {"uv": [9.25, 5.5, 10.5, 7.75], "texture": "#0"},
				"east": {"uv": [8.75, 5.5, 9.25, 7.75], "texture": "#0"},
				"south": {"uv": [7.5, 5.5, 8.75, 7.75], "texture": "#0"},
				"west": {"uv": [7, 5.5, 7.5, 7.75], "texture": "#0"},
				"up": {"uv": [7.5, 5, 8.75, 5.5], "texture": "#0"}
			}
		},
		{
			"from": [4, 0, 7],
			"to": [12, 10, 13],
			"rotation": {"angle": 0, "axis": "y", "origin": [0, 0, 17]},
			"faces": {
				"north": {"uv": [7, 5.5, 5, 8], "texture": "#0"},
				"east": {"uv": [1.5, 5.5, 0, 8], "texture": "#0"},
				"south": {"uv": [3.5, 5.5, 1.5, 8], "texture": "#0"},
				"west": {"uv": [5, 5.5, 3.5, 8], "texture": "#0"},
				"down": {"uv": [5.5, 5.5, 3.5, 4], "texture": "#0"}
			}
		}
	],
	"display": {
		"thirdperson_righthand": {
			"rotation": [60, 20, 0],
			"translation": [0, 4.5, 1],
			"scale": [0.6, 0.6, 0.6]
		},
		"thirdperson_lefthand": {
			"rotation": [60, 20, 0],
			"translation": [0, 4.5, 1],
			"scale": [0.6, 0.6, 0.6]
		},
		"firstperson_righthand": {
			"rotation": [0, -73, 6],
			"translation": [0, 2, 0],
			"scale": [-0.55, 0.55, -0.55]
		},
		"firstperson_lefthand": {
			"rotation": [0, -73, 6],
			"translation": [0, 2, 0],
			"scale": [-0.55, 0.55, -0.55]
		},
		"ground": {
			"translation": [0, 2, 0],
			"scale": [0.5, 0.5, 0.5]
		},
		"gui": {
			"rotation": [30, 140, 0],
			"translation": [0.25, -1.25, 0],
			"scale": [0.75, 0.75, 0.75]
		},
		"head": {
			"translation": [0, -30.4, 0],
			"scale": [-1.6, 1.6, -1.6]
		},
		"fixed": {
			"rotation": [-90, -180, 0],
			"translation": [0, 0, -12.25],
			"scale": [-1.5, 1.5, -1.5]
		}
	},
	"mcmodels": "e05ff4b4a8ed929f0b4bf1d7929581a5"
}