{
	"format_version": "1.21.6",
	"credit": "Made with Blockbench",
	"texture_size": [64, 64],
	"textures": {
		"0": "furniture:item/cat_statue",
		"particle": "furniture:item/cat_statue"
	},
	"elements": [
		{
			"from": [5.5, 20, -0.5],
			"to": [10.5, 24, 4.5],
			"rotation": {"angle": 0, "axis": "y", "origin": [5.5, 20, -0.5]},
			"faces": {
				"north": {"uv": [10.5, 11, 11.75, 12], "texture": "#0"},
				"east": {"uv": [1.5, 11.5, 2.75, 12.5], "texture": "#0"},
				"south": {"uv": [12, 10, 13.25, 11], "texture": "#0"},
				"west": {"uv": [12, 11.25, 13.25, 12.25], "texture": "#0"},
				"up": {"uv": [12, 9.75, 10.75, 8.5], "texture": "#0"},
				"down": {"uv": [8.75, 11, 7.5, 12.25], "texture": "#0"}
			}
		},
		{
			"from": [6.5, 20, -1.5],
			"to": [9.5, 22, -0.5],
			"rotation": {"angle": 0, "axis": "y", "origin": [5.5, 20, -1.5]},
			"faces": {
				"north": {"uv": [12.25, 9.25, 13, 9.75], "texture": "#0"},
				"east": {"uv": [3.25, 13.5, 3.5, 14], "texture": "#0"},
				"south": {"uv": [12, 12.5, 12.75, 13], "texture": "#0"},
				"west": {"uv": [3.75, 13.5, 4, 14], "texture": "#0"},
				"up": {"uv": [3.5, 13.25, 2.75, 13], "texture": "#0"},
				"down": {"uv": [13.75, 12.5, 13, 12.75], "texture": "#0"}
			}
		},
		{
			"from": [6, 24, 2.5],
			"to": [7, 25, 4.5],
			"rotation": {"angle": 0, "axis": "y", "origin": [2, 22, -0.5]},
			"faces": {
				"north": {"uv": [13, 13.5, 13.25, 13.75], "texture": "#0"},
				"east": {"uv": [0.75, 13.5, 1.25, 13.75], "texture": "#0"},
				"south": {"uv": [13.5, 13.5, 13.75, 13.75], "texture": "#0"},
				"west": {"uv": [1.5, 13.5, 2, 13.75], "texture": "#0"},
				"up": {"uv": [12.75, 13.75, 12.5, 13.25], "texture": "#0"},
				"down": {"uv": [3, 13.5, 2.75, 14], "texture": "#0"}
			}
		},
		{
			"from": [9, 24, 2.5],
			"to": [10, 25, 4.5],
			"rotation": {"angle": 0, "axis": "y", "origin": [5, 22, -0.5]},
			"faces": {
				"north": {"uv": [13.5, 11.5, 13.75, 11.75], "texture": "#0"},
				"east": {"uv": [3.75, 13, 4.25, 13.25], "texture": "#0"},
				"south": {"uv": [13.5, 12, 13.75, 12.25], "texture": "#0"},
				"west": {"uv": [13.25, 8, 13.75, 8.25], "texture": "#0"},
				"up": {"uv": [13.5, 9.75, 13.25, 9.25], "texture": "#0"},
				"down": {"uv": [12.25, 13.25, 12, 13.75], "texture": "#0"}
			}
		},
		{
			"from": [7, 12, 16],
			"to": [9, 17, 18],
			"rotation": {"angle": 0, "axis": "y", "origin": [5, 12, 14]},
			"faces": {
				"north": {"uv": [3, 8.5, 3.5, 9.75], "texture": "#0"},
				"east": {"uv": [4.5, 12.25, 5, 13.5], "texture": "#0"},
				"south": {"uv": [5.25, 12.25, 5.75, 13.5], "texture": "#0"},
				"west": {"uv": [6, 12.25, 6.5, 13.5], "texture": "#0"},
				"up": {"uv": [2, 13.25, 1.5, 12.75], "texture": "#0"}
			}
		},
		{
			"from": [7, 10, 14],
			"to": [9, 12, 18],
			"rotation": {"angle": 0, "axis": "y", "origin": [5, 10, 14]},
			"faces": {
				"east": {"uv": [3, 10, 4, 10.5], "texture": "#0"},
				"south": {"uv": [0.75, 12.75, 1.25, 13.25], "texture": "#0"},
				"west": {"uv": [12.25, 8.5, 13.25, 9], "texture": "#0"},
				"up": {"uv": [7.25, 13.25, 6.75, 12.25], "texture": "#0"},
				"down": {"uv": [11, 12.25, 10.5, 13.25], "texture": "#0"}
			}
		},
		{
			"from": [7, 16, 13],
			"to": [9, 17, 16],
			"rotation": {"angle": 0, "axis": "y", "origin": [5, 11, 12]},
			"faces": {
				"north": {"uv": [6.75, 13.5, 7.25, 13.75], "texture": "#0"},
				"east": {"uv": [13, 13, 13.75, 13.25], "texture": "#0"},
				"south": {"uv": [8.25, 13.5, 8.75, 13.75], "texture": "#0"},
				"west": {"uv": [13.25, 7.5, 14, 7.75], "texture": "#0"},
				"up": {"uv": [8.75, 13.25, 8.25, 12.5], "texture": "#0"},
				"down": {"uv": [0.5, 12.75, 0, 13.5], "texture": "#0"}
			}
		},
		{
			"from": [7, 17, 13],
			"to": [9, 21, 14],
			"rotation": {"angle": 0, "axis": "y", "origin": [5, 13, 11]},
			"faces": {
				"north": {"uv": [11.25, 12.25, 11.75, 13.25], "texture": "#0"},
				"east": {"uv": [3.75, 8.5, 4, 9.5], "texture": "#0"},
				"south": {"uv": [7.5, 12.5, 8, 13.5], "texture": "#0"},
				"west": {"uv": [2.25, 12.75, 2.5, 13.75], "texture": "#0"},
				"up": {"uv": [14, 8.75, 13.5, 8.5], "texture": "#0"},
				"down": {"uv": [14, 10, 13.5, 10.25], "texture": "#0"}
			}
		},
		{
			"from": [7, 20, 14],
			"to": [9, 21, 15],
			"rotation": {"angle": 0, "axis": "y", "origin": [5, 13, 12]},
			"faces": {
				"north": {"uv": [10.5, 13.5, 11, 13.75], "texture": "#0"},
				"east": {"uv": [0, 13.75, 0.25, 14], "texture": "#0"},
				"south": {"uv": [13.5, 10.5, 14, 10.75], "texture": "#0"},
				"west": {"uv": [13.75, 2, 14, 2.25], "texture": "#0"},
				"up": {"uv": [14, 11.25, 13.5, 11], "texture": "#0"},
				"down": {"uv": [11.75, 13.5, 11.25, 13.75], "texture": "#0"}
			}
		},
		{
			"from": [5.495, 6.995, 11.995],
			"to": [10.505, 23.005, 17.005],
			"rotation": {"angle": -45, "axis": "x", "origin": [5.5, 7, 12]},
			"faces": {
				"north": {"uv": [6, 6.5, 7.25, 10.5], "texture": "#0"},
				"east": {"uv": [7.5, 0, 8.75, 4], "texture": "#0"},
				"south": {"uv": [7.5, 4.25, 8.75, 8.25], "texture": "#0"},
				"west": {"uv": [0, 8.5, 1.25, 12.5], "texture": "#0"},
				"up": {"uv": [4.25, 12, 3, 10.75], "texture": "#0"},
				"down": {"uv": [5.75, 10.75, 4.5, 12], "texture": "#0"}
			}
		},
		{
			"from": [5.5, 7, 2],
			"to": [10.5, 18, 4],
			"rotation": {"angle": 0, "axis": "y", "origin": [5.5, 7, 2]},
			"faces": {
				"north": {"uv": [1.5, 8.5, 2.75, 11.25], "texture": "#0"},
				"east": {"uv": [9, 11, 9.5, 13.75], "texture": "#0"},
				"south": {"uv": [9, 4.5, 10.25, 7.25], "texture": "#0"},
				"west": {"uv": [9.75, 11, 10.25, 13.75], "texture": "#0"}
			}
		},
		{
			"from": [5.5, 7, 7],
			"to": [10.5, 9, 12],
			"rotation": {"angle": 0, "axis": "y", "origin": [5.5, 7, 7]},
			"faces": {
				"north": {"uv": [12.25, 2, 13.5, 2.5], "texture": "#0"},
				"east": {"uv": [12.25, 2.75, 13.5, 3.25], "texture": "#0"},
				"south": {"uv": [3, 12.25, 4.25, 12.75], "texture": "#0"},
				"west": {"uv": [12.25, 3.5, 13.5, 4], "texture": "#0"},
				"up": {"uv": [7.25, 12, 6, 10.75], "texture": "#0"}
			}
		},
		{
			"from": [0, 0, 0],
			"to": [16, 2, 16],
			"rotation": {"angle": 0, "axis": "y", "origin": [0, -3, 0]},
			"faces": {
				"north": {"uv": [10.5, 4.5, 14.5, 5], "texture": "#0"},
				"east": {"uv": [10.5, 5.25, 14.5, 5.75], "texture": "#0"},
				"south": {"uv": [10.5, 6, 14.5, 6.5], "texture": "#0"},
				"west": {"uv": [10.5, 6.75, 14.5, 7.25], "texture": "#0"},
				"up": {"uv": [4, 4, 0, 0], "texture": "#0"},
				"down": {"uv": [4, 4.25, 0, 8.25], "texture": "#0"}
			}
		},
		{
			"from": [5, 2, 0],
			"to": [11, 5, 16],
			"rotation": {"angle": 0, "axis": "y", "origin": [0, -1, 0]},
			"faces": {
				"north": {"uv": [12.25, 0, 13.75, 0.75], "texture": "#0"},
				"east": {"uv": [9, 7.5, 13, 8.25], "texture": "#0"},
				"south": {"uv": [12.25, 1, 13.75, 1.75], "texture": "#0"},
				"west": {"uv": [7.5, 10, 11.5, 10.75], "texture": "#0"},
				"up": {"uv": [5.75, 10.5, 4.25, 6.5], "texture": "#0"}
			}
		},
		{
			"from": [2, 2, 2],
			"to": [14, 7, 14],
			"rotation": {"angle": 0, "axis": "y", "origin": [0, -1, 0]},
			"faces": {
				"north": {"uv": [7.5, 8.5, 10.5, 9.75], "texture": "#0"},
				"east": {"uv": [9, 0, 12, 1.25], "texture": "#0"},
				"south": {"uv": [9, 1.5, 12, 2.75], "texture": "#0"},
				"west": {"uv": [9, 3, 12, 4.25], "texture": "#0"},
				"up": {"uv": [7.25, 3, 4.25, 0], "texture": "#0"},
				"down": {"uv": [7.25, 3.25, 4.25, 6.25], "texture": "#0"}
			}
		}
	],
	"gui_light": "front",
	"display": {
		"thirdperson_righthand": {
			"rotation": [75, 45, 0],
			"translation": [0, 2.5, 0],
			"scale": [0.375, 0.375, 0.375]
		},
		"thirdperson_lefthand": {
			"rotation": [75, 45, 0],
			"translation": [0, 2.5, 0],
			"scale": [0.375, 0.375, 0.375]
		},
		"firstperson_righthand": {
			"rotation": [0, 120, 0],
			"scale": [0.4, 0.4, 0.4]
		},
		"firstperson_lefthand": {
			"rotation": [0, 120, 0],
			"scale": [0.4, 0.4, 0.4]
		},
		"ground": {
			"translation": [0, 2, 0],
			"scale": [0.5, 0.5, 0.5]
		},
		"gui": {
			"rotation": [15, 135, 0],
			"translation": [0, -1.5, 0],
			"scale": [0.5, 0.5, 0.5]
		},
		"fixed": {
			"rotation": [-90, 0, 0],
			"translation": [0, 0, -16],
			"scale": [2, 2, 2]
		}
	},
	"groups": [
		{
			"name": "group",
			"origin": [8, 8, 8],
			"color": 0,
			"children": [
				{
					"name": "group",
					"origin": [5.5, 0, 12],
					"color": 0,
					"children": [
						{
							"name": "group",
							"origin": [5, 15, 0.5],
							"color": 0,
							"children": [0, 1, 2, 3]
						},
						{
							"name": "group",
							"origin": [5, 13, 12],
							"color": 0,
							"children": [4, 5, 6, 7, 8]
						},
						9,
						10,
						11
					]
				},
				{
					"name": "group",
					"origin": [8, 8, 8],
					"color": 0,
					"children": [12, 13, 14]
				}
			]
		}
	]
}