{
	"format_version": "1.21.6",
	"credit": "MadewithBlockbench",
	"texture_size": [128, 128],
	"textures": {
		"0": "furniture:item/claw_machine",
		"particle": "furniture:item/claw_machine"
	},
	"elements": [
		{
			"from": [0, -8, 0],
			"to": [16, 8, 16],
			"faces": {
				"north": {"uv": [0, 4, 2, 6], "texture": "#0"},
				"east": {"uv": [6, 2, 4, 4], "texture": "#0"},
				"south": {"uv": [2, 4, 4, 6], "texture": "#0"},
				"west": {"uv": [4, 2, 6, 4], "texture": "#0"},
				"up": {"uv": [6, 6, 4, 4], "texture": "#0"},
				"down": {"uv": [2, 6, 0, 8], "texture": "#0"}
			}
		},
		{
			"from": [0, 8, 0],
			"to": [16, 24, 0],
			"faces": {
				"north": {"uv": [0, 0, 2, 2], "texture": "#0"},
				"east": {"uv": [0, 0, 0, 2], "texture": "#0"},
				"south": {"uv": [0, 0, 2, 2], "texture": "#0"},
				"west": {"uv": [0, 0, 0, 2], "texture": "#0"},
				"up": {"uv": [2, 0, 0, 0], "texture": "#0"},
				"down": {"uv": [2, 0, 0, 0], "texture": "#0"}
			}
		},
		{
			"from": [0, 8, 0],
			"to": [0, 24, 16],
			"faces": {
				"north": {"uv": [0, 0, 0, 2], "texture": "#0"},
				"east": {"uv": [0, 0, 2, 2], "texture": "#0"},
				"south": {"uv": [0, 0, 0, 2], "texture": "#0"},
				"west": {"uv": [0, 0, 2, 2], "texture": "#0"},
				"up": {"uv": [0, 2, 0, 0], "texture": "#0"},
				"down": {"uv": [0, 0, 0, 2], "texture": "#0"}
			}
		},
		{
			"from": [16, 8, 0],
			"to": [16, 24, 16],
			"faces": {
				"north": {"uv": [0, 0, 0, 2], "texture": "#0"},
				"east": {"uv": [2, 0, 0, 2], "texture": "#0"},
				"south": {"uv": [0, 0, 0, 2], "texture": "#0"},
				"west": {"uv": [0, 0, 2, 2], "texture": "#0"},
				"up": {"uv": [0, 2, 0, 0], "texture": "#0"},
				"down": {"uv": [0, 0, 0, 2], "texture": "#0"}
			}
		},
		{
			"from": [0, 8, 16],
			"to": [16, 24, 16],
			"faces": {
				"north": {"uv": [6, 0, 8, 2], "texture": "#0"},
				"east": {"uv": [0, 0, 0, 2], "texture": "#0"},
				"south": {"uv": [2, 6, 4, 8], "texture": "#0"},
				"west": {"uv": [0, 0, 0, 2], "texture": "#0"},
				"up": {"uv": [2, 0, 0, 0], "texture": "#0"},
				"down": {"uv": [2, 0, 0, 0], "texture": "#0"}
			}
		},
		{
			"from": [0, 24, 0],
			"to": [16, 30, 16],
			"faces": {
				"north": {"uv": [1.25, 8, 3.25, 8.75], "texture": "#0"},
				"east": {"uv": [8, 2.75, 10, 3.5], "texture": "#0"},
				"south": {"uv": [1.25, 8, 3.25, 8.75], "texture": "#0"},
				"west": {"uv": [8, 2.75, 10, 3.5], "texture": "#0"},
				"up": {"uv": [4, 2, 2, 0], "texture": "#0"},
				"down": {"uv": [4, 2, 2, 4], "texture": "#0"}
			}
		},
		{
			"from": [0, -2, -4],
			"to": [10, 8, 0],
			"faces": {
				"north": {"uv": [0, 8, 1.25, 9.25], "texture": "#0"},
				"east": {"uv": [4.125, 8, 4.625, 9.25], "texture": "#0"},
				"south": {"uv": [8, 0, 9.25, 1.25], "texture": "#0"},
				"west": {"uv": [8, 4.375, 8.5, 5.625], "texture": "#0"},
				"up": {"uv": [5.875, 8.5, 4.625, 8], "texture": "#0"},
				"down": {"uv": [9.25, 5.625, 8, 6.125], "texture": "#0"}
			}
		},
		{
			"from": [7.5, 8, -2.5],
			"to": [8.5, 10, -1.5],
			"faces": {
				"north": {"uv": [6.25, 8.625, 6.375, 8.875], "texture": "#0"},
				"east": {"uv": [1, 9.375, 1.125, 9.625], "texture": "#0"},
				"south": {"uv": [9.375, 4.5, 9.5, 4.75], "texture": "#0"},
				"west": {"uv": [4.625, 9.375, 4.75, 9.625], "texture": "#0"},
				"up": {"uv": [3.25, 8.875, 3.125, 8.75], "texture": "#0"},
				"down": {"uv": [7.75, 8.75, 7.625, 8.875], "texture": "#0"}
			}
		},
		{
			"from": [7, 8, -3],
			"to": [9, 8.5, -1],
			"faces": {
				"north": {"uv": [9.5, 0, 9.75, 0.0625], "texture": "#0"},
				"east": {"uv": [0.125, 9.5, 0.375, 9.5625], "texture": "#0"},
				"south": {"uv": [9.5, 0.125, 9.75, 0.1875], "texture": "#0"},
				"west": {"uv": [9.5, 0.25, 9.75, 0.3125], "texture": "#0"},
				"up": {"uv": [9.125, 8.75, 8.875, 8.5], "texture": "#0"},
				"down": {"uv": [9, 8.875, 8.75, 9.125], "texture": "#0"}
			}
		},
		{
			"from": [1, 8, -3],
			"to": [3, 8.5, -1],
			"faces": {
				"north": {"uv": [0.375, 9.5, 0.625, 9.5625], "texture": "#0"},
				"east": {"uv": [9.5, 0.375, 9.75, 0.4375], "texture": "#0"},
				"south": {"uv": [2, 9.5, 2.25, 9.5625], "texture": "#0"},
				"west": {"uv": [2.25, 9.5, 2.5, 9.5625], "texture": "#0"},
				"up": {"uv": [2.25, 9.25, 2, 9], "texture": "#0"},
				"down": {"uv": [2.5, 9, 2.25, 9.25], "texture": "#0"}
			}
		},
		{
			"from": [7.25, 9, -2.75],
			"to": [8.75, 10.5, -1.25],
			"faces": {
				"north": {"uv": [7, 9.25, 7.1875, 9.4375], "texture": "#0"},
				"east": {"uv": [9.25, 8.75, 9.4375, 8.9375], "texture": "#0"},
				"south": {"uv": [0.75, 9.375, 0.9375, 9.5625], "texture": "#0"},
				"west": {"uv": [9.375, 0.75, 9.5625, 0.9375], "texture": "#0"},
				"up": {"uv": [9.5625, 1.1875, 9.375, 1], "texture": "#0"},
				"down": {"uv": [2.6875, 9.375, 2.5, 9.5625], "texture": "#0"}
			}
		},
		{
			"from": [2.9375, 7.75, 2.225],
			"to": [4.9375, 11.75, 4.725],
			"rotation": {"angle": 0, "axis": "y", "origin": [4, 2.25, 2.125]},
			"faces": {
				"north": {"uv": [5.625, 8.5, 5.875, 9], "texture": "#0"},
				"east": {"uv": [7.75, 8.375, 8.0625, 8.875], "texture": "#0"},
				"south": {"uv": [8.5, 8, 8.75, 8.5], "texture": "#0"},
				"west": {"uv": [8.5, 5, 8.8125, 5.5], "texture": "#0"},
				"up": {"uv": [4.125, 9.1875, 3.875, 8.875], "texture": "#0"},
				"down": {"uv": [7.25, 8.875, 7, 9.1875], "texture": "#0"}
			}
		},
		{
			"from": [4.9375, 8, 2.225],
			"to": [5.9375, 9, 3.225],
			"rotation": {"angle": 0, "axis": "y", "origin": [4, 2.25, 2.125]},
			"faces": {
				"north": {"uv": [9.375, 8.125, 9.5, 8.25], "texture": "#0"},
				"east": {"uv": [8.25, 9.375, 8.375, 9.5], "texture": "#0"},
				"south": {"uv": [9.375, 8.25, 9.5, 8.375], "texture": "#0"},
				"west": {"uv": [8.375, 9.375, 8.5, 9.5], "texture": "#0"},
				"up": {"uv": [9.5, 8.5, 9.375, 8.375], "texture": "#0"},
				"down": {"uv": [8.625, 9.375, 8.5, 9.5], "texture": "#0"}
			}
		},
		{
			"from": [4.9375, 8, 3.725],
			"to": [5.9375, 9, 4.725],
			"rotation": {"angle": 0, "axis": "y", "origin": [4, 2.25, 2.125]},
			"faces": {
				"north": {"uv": [9.375, 8.5, 9.5, 8.625], "texture": "#0"},
				"east": {"uv": [8.625, 9.375, 8.75, 9.5], "texture": "#0"},
				"south": {"uv": [9.375, 8.625, 9.5, 8.75], "texture": "#0"},
				"west": {"uv": [8.75, 9.375, 8.875, 9.5], "texture": "#0"},
				"up": {"uv": [9, 9.5, 8.875, 9.375], "texture": "#0"},
				"down": {"uv": [9.125, 9.375, 9, 9.5], "texture": "#0"}
			}
		},
		{
			"from": [3.1875, 9.25, 4.225],
			"to": [4.1875, 11.75, 5.225],
			"rotation": {"angle": 45, "axis": "z", "origin": [3.9375, 11.75, 4.725]},
			"faces": {
				"north": {"uv": [9.25, 0.75, 9.375, 1.0625], "texture": "#0"},
				"east": {"uv": [1.125, 9.25, 1.25, 9.5625], "texture": "#0"},
				"south": {"uv": [1.25, 9.25, 1.375, 9.5625], "texture": "#0"},
				"west": {"uv": [1.375, 9.25, 1.5, 9.5625], "texture": "#0"},
				"up": {"uv": [9.25, 9.5, 9.125, 9.375], "texture": "#0"},
				"down": {"uv": [9.5, 9.125, 9.375, 9.25], "texture": "#0"}
			}
		},
		{
			"from": [3.1875, 9.25, 1.725],
			"to": [4.1875, 11.75, 2.725],
			"rotation": {"angle": 45, "axis": "z", "origin": [3.9375, 11.75, 4.725]},
			"faces": {
				"north": {"uv": [1.5, 9.25, 1.625, 9.5625], "texture": "#0"},
				"east": {"uv": [1.625, 9.25, 1.75, 9.5625], "texture": "#0"},
				"south": {"uv": [1.75, 9.25, 1.875, 9.5625], "texture": "#0"},
				"west": {"uv": [1.875, 9.25, 2, 9.5625], "texture": "#0"},
				"up": {"uv": [9.375, 9.5, 9.25, 9.375], "texture": "#0"},
				"down": {"uv": [9.5, 9.25, 9.375, 9.375], "texture": "#0"}
			}
		},
		{
			"from": [0, 7.75, 3.5],
			"to": [3, 12.75, 3.5],
			"rotation": {"angle": 0, "axis": "y", "origin": [4, 2.25, 2.125]},
			"faces": {
				"north": {"uv": [9.75, 7.125, 10.125, 7.75], "texture": "#0"},
				"south": {"uv": [10.125, 7.125, 10.5, 7.75], "texture": "#0"}
			}
		},
		{
			"from": [2.875, 11.75, 2.225],
			"to": [5.375, 14.25, 4.725],
			"rotation": {"angle": 0, "axis": "y", "origin": [17.125, -1.5, -5.75]},
			"faces": {
				"north": {"uv": [8.875, 5, 9.1875, 5.3125], "texture": "#0"},
				"east": {"uv": [5.25, 8.875, 5.5625, 9.1875], "texture": "#0"},
				"south": {"uv": [8.875, 6.125, 9.1875, 6.4375], "texture": "#0"},
				"west": {"uv": [6.25, 8.875, 6.5625, 9.1875], "texture": "#0"},
				"up": {"uv": [9.1875, 6.8125, 8.875, 6.5], "texture": "#0"},
				"down": {"uv": [6.9375, 8.875, 6.625, 9.1875], "texture": "#0"}
			}
		},
		{
			"from": [3.625, 11.75, 2.75],
			"to": [6.125, 13.25, 4.25],
			"rotation": {"angle": -22.5, "axis": "z", "origin": [5.125, 13, 3.5]},
			"faces": {
				"north": {"uv": [9.125, 7.5, 9.4375, 7.6875], "texture": "#0"},
				"east": {"uv": [6.5, 9.25, 6.6875, 9.4375], "texture": "#0"},
				"south": {"uv": [7.75, 9.125, 8.0625, 9.3125], "texture": "#0"},
				"west": {"uv": [6.75, 9.25, 6.9375, 9.4375], "texture": "#0"},
				"up": {"uv": [8.4375, 9.3125, 8.125, 9.125], "texture": "#0"},
				"down": {"uv": [8.8125, 9.125, 8.5, 9.3125], "texture": "#0"}
			}
		},
		{
			"from": [3.875, 12.75, 1.225],
			"to": [4.375, 13.75, 2.225],
			"rotation": {"angle": 0, "axis": "y", "origin": [5.125, 13, 3.5]},
			"faces": {
				"north": {"uv": [9.5, 3.625, 9.5625, 3.75], "texture": "#0"},
				"east": {"uv": [8.875, 8.75, 9, 8.875], "texture": "#0"},
				"south": {"uv": [9.5, 3.75, 9.5625, 3.875], "texture": "#0"},
				"west": {"uv": [9, 4.625, 9.125, 4.75], "texture": "#0"},
				"up": {"uv": [3.9375, 9.625, 3.875, 9.5], "texture": "#0"},
				"down": {"uv": [9.5625, 3.875, 9.5, 4], "texture": "#0"}
			}
		},
		{
			"from": [3.875, 12.75, 4.725],
			"to": [4.375, 13.75, 5.725],
			"rotation": {"angle": 0, "axis": "y", "origin": [5.125, 13, 3.5]},
			"faces": {
				"north": {"uv": [4, 9.5, 4.0625, 9.625], "texture": "#0"},
				"east": {"uv": [9.25, 1.125, 9.375, 1.25], "texture": "#0"},
				"south": {"uv": [9.5, 4, 9.5625, 4.125], "texture": "#0"},
				"west": {"uv": [9.25, 4.5, 9.375, 4.625], "texture": "#0"},
				"up": {"uv": [4.1875, 9.625, 4.125, 9.5], "texture": "#0"},
				"down": {"uv": [9.5625, 4.125, 9.5, 4.25], "texture": "#0"}
			}
		},
		{
			"from": [9, 9.75, 12.75],
			"to": [10.5, 12.25, 14.25],
			"rotation": {"angle": 22.5, "axis": "x", "origin": [10.25, 8.75, 12.75]},
			"faces": {
				"north": {"uv": [2.5, 9, 2.6875, 9.3125], "texture": "#0"},
				"east": {"uv": [9, 4.25, 9.1875, 4.5625], "texture": "#0"},
				"south": {"uv": [4.625, 9, 4.8125, 9.3125], "texture": "#0"},
				"west": {"uv": [4.875, 9, 5.0625, 9.3125], "texture": "#0"},
				"up": {"uv": [9.4375, 5.4375, 9.25, 5.25], "texture": "#0"},
				"down": {"uv": [9.4375, 5.625, 9.25, 5.8125], "texture": "#0"}
			}
		},
		{
			"from": [12.9, 9.75, 12.75],
			"to": [14.4, 12.25, 14.25],
			"rotation": {"angle": 22.5, "axis": "x", "origin": [10.25, 8.75, 12.75]},
			"faces": {
				"north": {"uv": [5.625, 9, 5.8125, 9.3125], "texture": "#0"},
				"east": {"uv": [5.875, 9, 6.0625, 9.3125], "texture": "#0"},
				"south": {"uv": [9, 8.75, 9.1875, 9.0625], "texture": "#0"},
				"west": {"uv": [2.75, 9.125, 2.9375, 9.4375], "texture": "#0"},
				"up": {"uv": [9.4375, 6.0625, 9.25, 5.875], "texture": "#0"},
				"down": {"uv": [9.4375, 6.125, 9.25, 6.3125], "texture": "#0"}
			}
		},
		{
			"from": [9.49, 13.5, 14.425],
			"to": [10.99, 15, 15.425],
			"rotation": {"angle": 22.5, "axis": "z", "origin": [10.15, 14.25, 14.8]},
			"faces": {
				"north": {"uv": [9.25, 3.5, 9.4375, 3.6875], "texture": "#0"},
				"east": {"uv": [9.375, 4.75, 9.5, 4.9375], "texture": "#0"},
				"south": {"uv": [3.625, 9.25, 3.8125, 9.4375], "texture": "#0"},
				"west": {"uv": [5, 9.375, 5.125, 9.5625], "texture": "#0"},
				"up": {"uv": [9.5625, 5.625, 9.375, 5.5], "texture": "#0"},
				"down": {"uv": [5.8125, 9.375, 5.625, 9.5], "texture": "#0"}
			}
		},
		{
			"from": [12.4, 8, 11.625],
			"to": [13.9, 9.5, 13.625],
			"rotation": {"angle": -22.5, "axis": "y", "origin": [13.15, 8.75, 12.75]},
			"faces": {
				"north": {"uv": [2, 9.25, 2.1875, 9.4375], "texture": "#0"},
				"east": {"uv": [9.125, 8.5, 9.375, 8.6875], "texture": "#0"},
				"south": {"uv": [2.25, 9.25, 2.4375, 9.4375], "texture": "#0"},
				"west": {"uv": [8.875, 9.125, 9.125, 9.3125], "texture": "#0"},
				"up": {"uv": [9.3125, 9.375, 9.125, 9.125], "texture": "#0"},
				"down": {"uv": [0.1875, 9.25, 0, 9.5], "texture": "#0"}
			}
		},
		{
			"from": [10.19, 12, 13.125],
			"to": [13.19, 14.5, 15.625],
			"rotation": {"angle": 0, "axis": "y", "origin": [2.75, 2.25, 4.125]},
			"faces": {
				"north": {"uv": [8.5, 6.875, 8.875, 7.1875], "texture": "#0"},
				"east": {"uv": [2.75, 8.75, 3.0625, 9.0625], "texture": "#0"},
				"south": {"uv": [8.125, 8.5, 8.5, 8.8125], "texture": "#0"},
				"west": {"uv": [7.25, 8.75, 7.5625, 9.0625], "texture": "#0"},
				"up": {"uv": [8.875, 8.8125, 8.5, 8.5], "texture": "#0"},
				"down": {"uv": [6.25, 8.625, 5.875, 8.9375], "texture": "#0"}
			}
		},
		{
			"from": [12.4, 13.5, 14.425],
			"to": [13.9, 15, 15.425],
			"rotation": {"angle": -22.5, "axis": "z", "origin": [13.15, 14.25, 14.8]},
			"faces": {
				"north": {"uv": [9.25, 3.75, 9.4375, 3.9375], "texture": "#0"},
				"east": {"uv": [5.125, 9.375, 5.25, 9.5625], "texture": "#0"},
				"south": {"uv": [3.875, 9.25, 4.0625, 9.4375], "texture": "#0"},
				"west": {"uv": [5.875, 9.375, 6, 9.5625], "texture": "#0"},
				"up": {"uv": [6.1875, 9.5, 6, 9.375], "texture": "#0"},
				"down": {"uv": [9.5625, 6.375, 9.375, 6.5], "texture": "#0"}
			}
		},
		{
			"from": [10.95, 12, 12.375],
			"to": [12.45, 13.5, 13.875],
			"rotation": {"angle": 0, "axis": "y", "origin": [2.75, 2.25, 4.125]},
			"faces": {
				"north": {"uv": [9.25, 4, 9.4375, 4.1875], "texture": "#0"},
				"east": {"uv": [4.125, 9.25, 4.3125, 9.4375], "texture": "#0"},
				"south": {"uv": [9.25, 4.25, 9.4375, 4.4375], "texture": "#0"},
				"west": {"uv": [4.375, 9.25, 4.5625, 9.4375], "texture": "#0"},
				"up": {"uv": [9.4375, 5.1875, 9.25, 5], "texture": "#0"},
				"down": {"uv": [5.4375, 9.25, 5.25, 9.4375], "texture": "#0"}
			}
		},
		{
			"from": [9.6875, 8, 13.125],
			"to": [13.6875, 12, 15.625],
			"rotation": {"angle": 0, "axis": "y", "origin": [2.75, 2, 4.125]},
			"faces": {
				"north": {"uv": [6.375, 8, 6.875, 8.5], "texture": "#0"},
				"east": {"uv": [8.125, 8, 8.4375, 8.5], "texture": "#0"},
				"south": {"uv": [8, 6.75, 8.5, 7.25], "texture": "#0"},
				"west": {"uv": [6.875, 8.375, 7.1875, 8.875], "texture": "#0"},
				"up": {"uv": [7.75, 8.6875, 7.25, 8.375], "texture": "#0"},
				"down": {"uv": [9, 4.375, 8.5, 4.6875], "texture": "#0"}
			}
		},
		{
			"from": [9.475, 8, 11.7],
			"to": [10.975, 9.5, 13.7],
			"rotation": {"angle": 22.5, "axis": "y", "origin": [10.15, 8.75, 12.75]},
			"faces": {
				"north": {"uv": [3.125, 9.25, 3.3125, 9.4375], "texture": "#0"},
				"east": {"uv": [9.25, 0, 9.5, 0.1875], "texture": "#0"},
				"south": {"uv": [3.375, 9.25, 3.5625, 9.4375], "texture": "#0"},
				"west": {"uv": [0.25, 9.25, 0.5, 9.4375], "texture": "#0"},
				"up": {"uv": [9.4375, 0.5, 9.25, 0.25], "texture": "#0"},
				"down": {"uv": [0.6875, 9.25, 0.5, 9.5], "texture": "#0"}
			}
		},
		{
			"from": [5.8, 8, 9.275],
			"to": [6.3, 9.5, 13.775],
			"rotation": {"angle": 22.5, "axis": "y", "origin": [5.5, 8.25, 9.875]},
			"faces": {
				"north": {"uv": [2.875, 9.5, 2.9375, 9.6875], "texture": "#0"},
				"east": {"uv": [8.75, 8, 9.3125, 8.1875], "texture": "#0"},
				"south": {"uv": [3, 9.5, 3.0625, 9.6875], "texture": "#0"},
				"west": {"uv": [8.75, 8.25, 9.3125, 8.4375], "texture": "#0"},
				"up": {"uv": [6.4375, 9.8125, 6.375, 9.25], "texture": "#0"},
				"down": {"uv": [9.3125, 6.375, 9.25, 6.9375], "texture": "#0"}
			}
		},
		{
			"from": [3.25, 8, 6.375],
			"to": [5.75, 10.5, 8.875],
			"rotation": {"angle": 0, "axis": "y", "origin": [2.75, 2.25, 3.375]},
			"faces": {
				"north": {"uv": [1.25, 8.875, 1.5625, 9.1875], "texture": "#0"},
				"east": {"uv": [1.625, 8.875, 1.9375, 9.1875], "texture": "#0"},
				"south": {"uv": [3.125, 8.875, 3.4375, 9.1875], "texture": "#0"},
				"west": {"uv": [3.5, 8.875, 3.8125, 9.1875], "texture": "#0"},
				"up": {"uv": [9.1875, 3.8125, 8.875, 3.5], "texture": "#0"},
				"down": {"uv": [9.1875, 3.875, 8.875, 4.1875], "texture": "#0"}
			}
		},
		{
			"from": [3.75, 10.5, 7.875],
			"to": [5.25, 11.5, 8.875],
			"rotation": {"angle": 0, "axis": "y", "origin": [2.75, 2.25, 3.375]},
			"faces": {
				"north": {"uv": [9.375, 6.5, 9.5625, 6.625], "texture": "#0"},
				"east": {"uv": [2, 8.875, 2.125, 9], "texture": "#0"},
				"south": {"uv": [9.375, 6.625, 9.5625, 6.75], "texture": "#0"},
				"west": {"uv": [8.875, 4.25, 9, 4.375], "texture": "#0"},
				"up": {"uv": [9.5625, 6.875, 9.375, 6.75], "texture": "#0"},
				"down": {"uv": [9.5625, 6.875, 9.375, 7], "texture": "#0"}
			}
		},
		{
			"from": [2.75, 8, 9.375],
			"to": [3.25, 9.5, 13.875],
			"rotation": {"angle": -22.5, "axis": "y", "origin": [3.75, 8.25, 9.875]},
			"faces": {
				"north": {"uv": [0.625, 9.5, 0.6875, 9.6875], "texture": "#0"},
				"east": {"uv": [2.125, 8.75, 2.6875, 8.9375], "texture": "#0"},
				"south": {"uv": [2.75, 9.5, 2.8125, 9.6875], "texture": "#0"},
				"west": {"uv": [4.625, 8.75, 5.1875, 8.9375], "texture": "#0"},
				"up": {"uv": [5.5625, 9.8125, 5.5, 9.25], "texture": "#0"},
				"down": {"uv": [6.3125, 9.25, 6.25, 9.8125], "texture": "#0"}
			}
		},
		{
			"from": [2.75, 8, 8.875],
			"to": [6.25, 10, 13.875],
			"rotation": {"angle": 0, "axis": "y", "origin": [2.75, 2.25, 3.375]},
			"faces": {
				"north": {"uv": [8.625, 7.25, 9.0625, 7.5], "texture": "#0"},
				"east": {"uv": [4.625, 8.5, 5.25, 8.75], "texture": "#0"},
				"south": {"uv": [8.625, 7.5, 9.0625, 7.75], "texture": "#0"},
				"west": {"uv": [8.5, 4.75, 9.125, 5], "texture": "#0"},
				"up": {"uv": [6.3125, 8.625, 5.875, 8], "texture": "#0"},
				"down": {"uv": [8.4375, 6.125, 8, 6.75], "texture": "#0"}
			}
		},
		{
			"from": [2.75, 8.5, 13.875],
			"to": [4.25, 11, 14.375],
			"rotation": {"angle": 0, "axis": "y", "origin": [3.75, 8.25, 12.875]},
			"faces": {
				"north": {"uv": [9.125, 4.625, 9.3125, 4.9375], "texture": "#0"},
				"east": {"uv": [9.375, 7.125, 9.4375, 7.4375], "texture": "#0"},
				"south": {"uv": [9.125, 7.125, 9.3125, 7.4375], "texture": "#0"},
				"west": {"uv": [7.75, 9.375, 7.8125, 9.6875], "texture": "#0"},
				"up": {"uv": [3.3125, 9.5625, 3.125, 9.5], "texture": "#0"},
				"down": {"uv": [3.5625, 9.5, 3.375, 9.5625], "texture": "#0"}
			}
		},
		{
			"from": [4.75, 8.5, 13.875],
			"to": [6.25, 11, 14.375],
			"rotation": {"angle": 0, "axis": "y", "origin": [5.5, 8.25, 12.875]},
			"faces": {
				"north": {"uv": [7.25, 9.125, 7.4375, 9.4375], "texture": "#0"},
				"east": {"uv": [7.875, 9.375, 7.9375, 9.6875], "texture": "#0"},
				"south": {"uv": [7.5, 9.125, 7.6875, 9.4375], "texture": "#0"},
				"west": {"uv": [8, 9.375, 8.0625, 9.6875], "texture": "#0"},
				"up": {"uv": [9.6875, 3.5625, 9.5, 3.5], "texture": "#0"},
				"down": {"uv": [3.8125, 9.5, 3.625, 9.5625], "texture": "#0"}
			}
		},
		{
			"from": [10, 22, 2],
			"to": [13, 24, 5],
			"rotation": {"angle": 0, "axis": "y", "origin": [-1, 0, 3]},
			"faces": {
				"north": {"uv": [8.875, 6.875, 9.25, 7.125], "texture": "#0"},
				"east": {"uv": [8.875, 6.875, 9.25, 7.125], "texture": "#0"},
				"south": {"uv": [8.875, 6.875, 9.25, 7.125], "texture": "#0"},
				"west": {"uv": [8.875, 6.875, 9.25, 7.125], "texture": "#0"},
				"up": {"uv": [5.625, 8.875, 5.25, 8.5], "texture": "#0"},
				"down": {"uv": [8.875, 6.125, 8.5, 6.5], "texture": "#0"}
			}
		},
		{
			"from": [11, 19, 3],
			"to": [12, 22, 4],
			"rotation": {"angle": 0, "axis": "y", "origin": [-1, 0, 3]},
			"faces": {
				"north": {"uv": [6.75, 8.5, 6.875, 8.875], "texture": "#0"},
				"east": {"uv": [5.125, 9, 5.25, 9.375], "texture": "#0"},
				"south": {"uv": [6.125, 9, 6.25, 9.375], "texture": "#0"},
				"west": {"uv": [3, 9.125, 3.125, 9.5], "texture": "#0"},
				"up": {"uv": [9.5, 9.5, 9.375, 9.375], "texture": "#0"},
				"down": {"uv": [0.125, 9.5, 0, 9.625], "texture": "#0"}
			}
		},
		{
			"from": [10, 18, 2],
			"to": [13, 19, 5],
			"rotation": {"angle": 0, "axis": "y", "origin": [-1, 0, 3]},
			"faces": {
				"north": {"uv": [8.875, 5.375, 9.25, 5.5], "texture": "#0"},
				"east": {"uv": [9.25, 0.5, 9.625, 0.625], "texture": "#0"},
				"south": {"uv": [9.25, 0.625, 9.625, 0.75], "texture": "#0"},
				"west": {"uv": [0.75, 9.25, 1.125, 9.375], "texture": "#0"},
				"up": {"uv": [6.75, 8.875, 6.375, 8.5], "texture": "#0"},
				"down": {"uv": [8.875, 6.5, 8.5, 6.875], "texture": "#0"}
			}
		},
		{
			"from": [11.5, 15, 1],
			"to": [11.5, 18, 6],
			"rotation": {"angle": -45, "axis": "y", "origin": [11.5, 18, 3.5]},
			"faces": {
				"north": {"uv": [0, 0, 0, 0.375], "texture": "#0"},
				"east": {"uv": [7.5, 8, 8.125, 8.375], "texture": "#0"},
				"south": {"uv": [0, 0, 0, 0.375], "texture": "#0"},
				"west": {"uv": [8, 7.625, 8.625, 8], "texture": "#0"},
				"up": {"uv": [0, 0.625, 0, 0], "texture": "#0"},
				"down": {"uv": [0, 0, 0, 0.625], "texture": "#0"}
			}
		},
		{
			"from": [11.5, 15, 1],
			"to": [11.5, 18, 6],
			"rotation": {"angle": 45, "axis": "y", "origin": [11.5, 18, 3.5]},
			"faces": {
				"north": {"uv": [0, 0, 0, 0.375], "texture": "#0"},
				"east": {"uv": [7.5, 8, 8.125, 8.375], "texture": "#0"},
				"south": {"uv": [0, 0, 0, 0.375], "texture": "#0"},
				"west": {"uv": [8, 7.625, 8.625, 8], "texture": "#0"},
				"up": {"uv": [0, 0.625, 0, 0], "texture": "#0"},
				"down": {"uv": [0, 0, 0, 0.625], "texture": "#0"}
			}
		},
		{
			"from": [9, 8, 0],
			"to": [9, 11, 7],
			"faces": {
				"east": {"uv": [10, 0, 10.875, 0.375], "texture": "#0"},
				"west": {"uv": [10, 0, 10.875, 0.375], "texture": "#0"}
			}
		},
		{
			"from": [9, 8, 7],
			"to": [16, 11, 7],
			"faces": {
				"north": {"uv": [10, 0, 10.875, 0.375], "texture": "#0"},
				"south": {"uv": [10, 0, 10.875, 0.375], "texture": "#0"}
			}
		}
	],
	"gui_light": "front",
	"display": {
		"thirdperson_righthand": {
			"rotation": [67.5, 0, 0],
			"translation": [0, 1.25, 0.25],
			"scale": [0.19336, 0.19336, 0.19336]
		},
		"thirdperson_lefthand": {
			"rotation": [67.5, 0, 0],
			"translation": [0, 1.25, 0.25],
			"scale": [0.19336, 0.19336, 0.19336]
		},
		"firstperson_righthand": {
			"translation": [1.75, 2.25, -2.75],
			"scale": [0.38047, 0.38047, 0.38047]
		},
		"firstperson_lefthand": {
			"translation": [1.75, 2.25, -2.75],
			"scale": [0.38047, 0.38047, 0.38047]
		},
		"ground": {
			"translation": [0, 6.75, 0],
			"scale": [0.31055, 0.31055, 0.31055]
		},
		"gui": {
			"rotation": [30, -135, 0],
			"translation": [0, -1, 0],
			"scale": [0.32813, 0.32813, 0.32813]
		},
		"head": {
			"rotation": [0, -180, 0],
			"translation": [0, -17.65, 0],
			"scale": [0, 0, 0]
		},
		"fixed": {
			"rotation": [-90, -180, 0],
			"translation": [0, 0, -48],
			"scale": [3, 3, 3]
		}
	},
	"groups": [
		0,
		1,
		2,
		3,
		4,
		5,
		6,
		7,
		8,
		9,
		10,
		{
			"name": "bear",
			"origin": [14, 9, 11.5],
			"color": 0,
			"children": [11, 12, 13, 14, 15, 16, 17, 18, 19, 20]
		},
		{
			"name": "bear",
			"origin": [14, 9, 11.5],
			"color": 0,
			"children": [21, 22, 23, 24, 25, 26, 27, 28, 29]
		},
		{
			"name": "group",
			"origin": [4.5, 8.25, 11.625],
			"color": 0,
			"children": [30, 31, 32, 33, 34, 35, 36]
		},
		{
			"name": "group",
			"origin": [12.5, 18, 0.5],
			"color": 0,
			"children": [37, 38, 39, 40, 41]
		},
		42,
		43
	],
	"mcmodels": "606a15f3645c7f9d3a325e579e822fe4"
}