{
	"format_version": "1.21.6",
	"credit": "Polygony Creation Co.,Ltd.",
	"texture_size": [32, 32],
	"textures": {
		"0": "furniture:item/coconut_tree",
		"1": "furniture:item/coconut",
		"particle": "furniture:item/coconut_tree"
	},
	"elements": [
		{
			"from": [4, -5, 4],
			"to": [12, 1, 12],
			"rotation": {"angle": 0, "axis": "y", "origin": [1, -5, 1]},
			"faces": {
				"north": {"uv": [2.66667, 0, 5.33333, 2], "texture": "#0"},
				"east": {"uv": [2.66667, 2, 5.33333, 4], "texture": "#0"},
				"south": {"uv": [2.66667, 4, 5.33333, 6], "texture": "#0"},
				"west": {"uv": [0, 5.33333, 2.66667, 7.33333], "texture": "#0"},
				"up": {"uv": [2.66667, 2.66667, 0, 0], "texture": "#0"},
				"down": {"uv": [2.66667, 2.66667, 0, 5.33333], "texture": "#0"}
			}
		},
		{
			"from": [5, 1, 5],
			"to": [11, 7, 11],
			"rotation": {"angle": 0, "axis": "y", "origin": [1, 1, 1]},
			"faces": {
				"north": {"uv": [6.66667, 2.66667, 8.66667, 4.66667], "texture": "#0"},
				"east": {"uv": [0, 7.33333, 2, 9.33333], "texture": "#0"},
				"south": {"uv": [7.33333, 4.66667, 9.33333, 6.66667], "texture": "#0"},
				"west": {"uv": [7.33333, 6.66667, 9.33333, 8.66667], "texture": "#0"},
				"up": {"uv": [10.66667, 4.66667, 8.66667, 2.66667], "texture": "#0"}
			}
		},
		{
			"from": [6, 7, 6],
			"to": [10, 13, 10],
			"rotation": {"angle": 0, "axis": "y", "origin": [1, 7, 1]},
			"faces": {
				"north": {"uv": [5.66667, 9, 7, 11], "texture": "#0"},
				"east": {"uv": [9, 8.66667, 10.33333, 10.66667], "texture": "#0"},
				"south": {"uv": [0, 9.33333, 1.33333, 11.33333], "texture": "#0"},
				"west": {"uv": [1.33333, 9.33333, 2.66667, 11.33333], "texture": "#0"}
			}
		},
		{
			"from": [6, 13, 6],
			"to": [10, 17, 17],
			"rotation": {"angle": 0, "axis": "y", "origin": [1, 13, 1]},
			"faces": {
				"north": {"uv": [10.66667, 4, 12, 5.33333], "texture": "#0"},
				"east": {"uv": [5.33333, 0, 9, 1.33333], "texture": "#0"},
				"south": {"uv": [10.66667, 5.33333, 12, 6.66667], "texture": "#0"},
				"west": {"uv": [5.33333, 1.33333, 9, 2.66667], "texture": "#0"},
				"up": {"uv": [6.66667, 6.33333, 5.33333, 2.66667], "texture": "#0"},
				"down": {"uv": [4, 6, 2.66667, 9.66667], "texture": "#0"}
			}
		},
		{
			"from": [6, 17, 13],
			"to": [10, 23, 17],
			"rotation": {"angle": 0, "axis": "y", "origin": [1, 17, 1]},
			"faces": {
				"north": {"uv": [9.33333, 4.66667, 10.66667, 6.66667], "texture": "#0"},
				"east": {"uv": [9.33333, 6.66667, 10.66667, 8.66667], "texture": "#0"},
				"south": {"uv": [2.66667, 9.66667, 4, 11.66667], "texture": "#0"},
				"west": {"uv": [10.33333, 8.66667, 11.66667, 10.66667], "texture": "#0"},
				"up": {"uv": [12, 8, 10.66667, 6.66667], "texture": "#0"}
			}
		},
		{
			"from": [9.20651, 26.22261, 12.5],
			"to": [15.20651, 26.22261, 17.5],
			"rotation": {"angle": 22.5, "axis": "z", "origin": [17.33134, 24.72111, 15]},
			"faces": {
				"up": {"uv": [14.66667, 2, 13, 0], "rotation": 90, "texture": "#0"},
				"down": {"uv": [14.66667, 0, 13, 2], "rotation": 270, "texture": "#0"}
			}
		},
		{
			"from": [14.79328, 25.2951, 12.5],
			"to": [20.79328, 25.2951, 17.5],
			"rotation": {"angle": 0, "axis": "x", "origin": [17.33134, 24.72111, 15]},
			"faces": {
				"up": {"uv": [14.66667, 4, 13, 2], "rotation": 90, "texture": "#0"},
				"down": {"uv": [14.66667, 2, 13, 4], "rotation": 270, "texture": "#0"}
			}
		},
		{
			"from": [20.30971, 26.57616, 12.5],
			"to": [24.30971, 26.57616, 17.5],
			"rotation": {"angle": -22.5, "axis": "z", "origin": [17.33134, 24.72111, 15]},
			"faces": {
				"up": {"uv": [14.66667, 5.33333, 13, 4], "rotation": 90, "texture": "#0"},
				"down": {"uv": [14.66667, 4, 13, 5.33333], "rotation": 270, "texture": "#0"}
			}
		},
		{
			"from": [5.5, 25.41294, 23.58966],
			"to": [10.5, 25.41294, 25.58966],
			"rotation": {"angle": 22.5, "axis": "x", "origin": [8, 24.11735, 21.46194]},
			"faces": {
				"up": {"uv": [12.66667, 3.33333, 11, 2.66667], "rotation": 180, "texture": "#0"},
				"down": {"uv": [12.66667, 2.66667, 11, 3.33333], "rotation": 180, "texture": "#0"}
			}
		},
		{
			"from": [5.5, 24.5, 19.92388],
			"to": [10.5, 24.5, 23.92388],
			"rotation": {"angle": 0, "axis": "y", "origin": [8, 24.11735, 21.46194]},
			"faces": {
				"up": {"uv": [12.66667, 2.66667, 11, 1.33333], "rotation": 180, "texture": "#0"},
				"down": {"uv": [12.66667, 1.33333, 11, 2.66667], "rotation": 180, "texture": "#0"}
			}
		},
		{
			"from": [5.5, 25.05939, 16.18777],
			"to": [10.5, 25.05939, 20.18777],
			"rotation": {"angle": -22.5, "axis": "x", "origin": [8, 24.11735, 21.46194]},
			"faces": {
				"up": {"uv": [12.66667, 1.33333, 11, 0], "rotation": 180, "texture": "#0"},
				"down": {"uv": [12.66667, 0, 11, 1.33333], "rotation": 180, "texture": "#0"}
			}
		},
		{
			"from": [5.5, 25.75, -7],
			"to": [10.5, 25.75, -1],
			"rotation": {"angle": -22.5, "axis": "x", "origin": [5.5, 25.751, -1]},
			"faces": {
				"up": {"uv": [14.66667, 13, 13, 11], "texture": "#0"},
				"down": {"uv": [14.66667, 11, 13, 13], "texture": "#0"}
			}
		},
		{
			"from": [5.5, 25.75, -1],
			"to": [10.5, 25.75, 7],
			"rotation": {"angle": 0, "axis": "y", "origin": [8, 25.75, 4.5]},
			"faces": {
				"up": {"uv": [14.66667, 11, 13, 8.33333], "texture": "#0"},
				"down": {"uv": [14.66667, 8.33333, 13, 11], "texture": "#0"}
			}
		},
		{
			"from": [5.5, 25.75, 7],
			"to": [10.5, 25.75, 15],
			"rotation": {"angle": 22.5, "axis": "x", "origin": [5.5, 25.75, 7]},
			"faces": {
				"up": {"uv": [14.66667, 8.33333, 13, 5.66667], "texture": "#0"},
				"down": {"uv": [14.66667, 5.66667, 13, 8.33333], "texture": "#0"}
			}
		},
		{
			"from": [-8.30971, 26.57616, 12.5],
			"to": [-4.30971, 26.57616, 17.5],
			"rotation": {"angle": 22.5, "axis": "z", "origin": [-1.33134, 24.72111, 15]},
			"faces": {
				"up": {"uv": [14.66667, 4, 13, 5.33333], "rotation": 90, "texture": "#0"},
				"down": {"uv": [14.66667, 5.33333, 13, 4], "rotation": 270, "texture": "#0"}
			}
		},
		{
			"from": [-4.79328, 25.2951, 12.5],
			"to": [1.20672, 25.2951, 17.5],
			"rotation": {"angle": 0, "axis": "x", "origin": [-1.33134, 24.72111, 15]},
			"faces": {
				"up": {"uv": [14.66667, 2, 13, 4], "rotation": 90, "texture": "#0"},
				"down": {"uv": [14.66667, 4, 13, 2], "rotation": 270, "texture": "#0"}
			}
		},
		{
			"from": [0.79349, 26.22261, 12.5],
			"to": [6.79349, 26.22261, 17.5],
			"rotation": {"angle": -22.5, "axis": "z", "origin": [-1.33134, 24.72111, 15]},
			"faces": {
				"up": {"uv": [14.66667, 0, 13, 2], "rotation": 90, "texture": "#0"},
				"down": {"uv": [14.66667, 2, 13, 0], "rotation": 270, "texture": "#0"}
			}
		},
		{
			"from": [5.5, 29.32616, 0.77162],
			"to": [10.5, 29.32616, 4.77162],
			"rotation": {"angle": 0, "axis": "x", "origin": [8, 27.47111, 7.75]},
			"faces": {
				"up": {"uv": [14.66667, 4, 13, 5.33333], "rotation": 180, "texture": "#0"},
				"down": {"uv": [14.66667, 5.33333, 13, 4], "rotation": 180, "texture": "#0"}
			}
		},
		{
			"from": [5.5, 28.0451, 4.28806],
			"to": [10.5, 28.0451, 10.28806],
			"rotation": {"angle": 22.5, "axis": "x", "origin": [8, 27.47111, 7.75]},
			"faces": {
				"up": {"uv": [14.66667, 2, 13, 4], "rotation": 180, "texture": "#0"},
				"down": {"uv": [14.66667, 4, 13, 2], "rotation": 180, "texture": "#0"}
			}
		},
		{
			"from": [5.5, 28.97261, 9.87482],
			"to": [10.5, 28.97261, 15.87482],
			"rotation": {"angle": 45, "axis": "x", "origin": [8, 27.47111, 7.75]},
			"faces": {
				"up": {"uv": [14.66667, 0, 13, 2], "rotation": 180, "texture": "#0"},
				"down": {"uv": [14.66667, 2, 13, 0], "rotation": 180, "texture": "#0"}
			}
		},
		{
			"from": [5.5, 29.32616, 25.22838],
			"to": [10.5, 29.32616, 29.22838],
			"rotation": {"angle": 0, "axis": "x", "origin": [8, 27.47111, 22.25]},
			"faces": {
				"up": {"uv": [14.66667, 5.33333, 13, 4], "rotation": 180, "texture": "#0"},
				"down": {"uv": [14.66667, 4, 13, 5.33333], "rotation": 180, "texture": "#0"}
			}
		},
		{
			"from": [5.5, 28.0451, 19.71194],
			"to": [10.5, 28.0451, 25.71194],
			"rotation": {"angle": -22.5, "axis": "x", "origin": [8, 27.47111, 22.25]},
			"faces": {
				"up": {"uv": [14.66667, 4, 13, 2], "rotation": 180, "texture": "#0"},
				"down": {"uv": [14.66667, 2, 13, 4], "rotation": 180, "texture": "#0"}
			}
		},
		{
			"from": [5.5, 28.97261, 14.12518],
			"to": [10.5, 28.97261, 20.12518],
			"rotation": {"angle": -45, "axis": "x", "origin": [8, 27.47111, 22.25]},
			"faces": {
				"up": {"uv": [14.66667, 2, 13, 0], "rotation": 180, "texture": "#0"},
				"down": {"uv": [14.66667, 0, 13, 2], "rotation": 180, "texture": "#0"}
			}
		},
		{
			"from": [21.25848, 31.20979, 12.5],
			"to": [27.25848, 31.20979, 17.5],
			"rotation": {"angle": 0, "axis": "z", "origin": [17.42929, 28.79518, 15]},
			"faces": {
				"up": {"uv": [14.66667, 13, 13, 11], "rotation": 90, "texture": "#0"},
				"down": {"uv": [14.66667, 11, 13, 13], "rotation": 270, "texture": "#0"}
			}
		},
		{
			"from": [13.89142, 29.56054, 12.5],
			"to": [21.89142, 29.56054, 17.5],
			"rotation": {"angle": 22.5, "axis": "z", "origin": [17.42929, 28.79518, 15]},
			"faces": {
				"up": {"uv": [14.66667, 11, 13, 8.33333], "rotation": 90, "texture": "#0"},
				"down": {"uv": [14.66667, 8.33333, 13, 11], "rotation": 270, "texture": "#0"}
			}
		},
		{
			"from": [6.45362, 30.85617, 12.5],
			"to": [14.45362, 30.85617, 17.5],
			"rotation": {"angle": 45, "axis": "z", "origin": [17.42929, 28.79518, 15]},
			"faces": {
				"up": {"uv": [14.66667, 8.33333, 13, 5.66667], "rotation": 90, "texture": "#0"},
				"down": {"uv": [14.66667, 5.66667, 13, 8.33333], "rotation": 270, "texture": "#0"}
			}
		},
		{
			"from": [-11.25848, 31.20979, 12.5],
			"to": [-5.25848, 31.20979, 17.5],
			"rotation": {"angle": 0, "axis": "z", "origin": [-1.42929, 28.79518, 15]},
			"faces": {
				"up": {"uv": [14.66667, 11, 13, 13], "rotation": 90, "texture": "#0"},
				"down": {"uv": [14.66667, 13, 13, 11], "rotation": 270, "texture": "#0"}
			}
		},
		{
			"from": [-5.89142, 29.56054, 12.5],
			"to": [2.10858, 29.56054, 17.5],
			"rotation": {"angle": -22.5, "axis": "z", "origin": [-1.42929, 28.79518, 15]},
			"faces": {
				"up": {"uv": [14.66667, 8.33333, 13, 11], "rotation": 90, "texture": "#0"},
				"down": {"uv": [14.66667, 11, 13, 8.33333], "rotation": 270, "texture": "#0"}
			}
		},
		{
			"from": [1.54638, 30.85617, 12.5],
			"to": [9.54638, 30.85617, 17.5],
			"rotation": {"angle": -45, "axis": "z", "origin": [-1.42929, 28.79518, 15]},
			"faces": {
				"up": {"uv": [14.66667, 5.66667, 13, 8.33333], "rotation": 90, "texture": "#0"},
				"down": {"uv": [14.66667, 8.33333, 13, 5.66667], "rotation": 270, "texture": "#0"}
			}
		},
		{
			"from": [5.5, 17.73963, 6.99247],
			"to": [10.5, 19.73963, 6.99247],
			"rotation": {"angle": 45, "axis": "x", "origin": [8, 21.86735, 8.28806]},
			"faces": {
				"north": {"uv": [11, 3.33333, 12.66667, 2.66667], "rotation": 180, "texture": "#0"},
				"south": {"uv": [11, 2.66667, 12.66667, 3.33333], "texture": "#0"}
			}
		},
		{
			"from": [5.5, 22.25, 5.82612],
			"to": [10.5, 22.25, 9.82612],
			"rotation": {"angle": -22.5, "axis": "x", "origin": [8, 21.86735, 8.28806]},
			"faces": {
				"up": {"uv": [12.66667, 1.33333, 11, 2.66667], "rotation": 180, "texture": "#0"},
				"down": {"uv": [12.66667, 2.66667, 11, 1.33333], "rotation": 180, "texture": "#0"}
			}
		},
		{
			"from": [5.5, 22.80939, 9.56223],
			"to": [10.5, 22.80939, 13.56223],
			"rotation": {"angle": 0, "axis": "x", "origin": [8, 21.86735, 8.28806]},
			"faces": {
				"up": {"uv": [12.66667, 0, 11, 1.33333], "rotation": 180, "texture": "#0"},
				"down": {"uv": [12.66667, 1.33333, 11, 0], "rotation": 180, "texture": "#0"}
			}
		},
		{
			"from": [5.5, 17.73963, 23.00753],
			"to": [10.5, 19.73963, 23.00753],
			"rotation": {"angle": -45, "axis": "x", "origin": [8, 21.86735, 21.71194]},
			"faces": {
				"north": {"uv": [12.66667, 2.66667, 11, 3.33333], "texture": "#0"},
				"south": {"uv": [12.66667, 3.33333, 11, 2.66667], "rotation": 180, "texture": "#0"}
			}
		},
		{
			"from": [5.5, 22.25, 20.17388],
			"to": [10.5, 22.25, 24.17388],
			"rotation": {"angle": 22.5, "axis": "x", "origin": [8, 21.86735, 21.71194]},
			"faces": {
				"up": {"uv": [12.66667, 2.66667, 11, 1.33333], "rotation": 180, "texture": "#0"},
				"down": {"uv": [12.66667, 1.33333, 11, 2.66667], "rotation": 180, "texture": "#0"}
			}
		},
		{
			"from": [5.5, 22.80939, 16.43777],
			"to": [10.5, 22.80939, 20.43777],
			"rotation": {"angle": 0, "axis": "x", "origin": [8, 21.86735, 21.71194]},
			"faces": {
				"up": {"uv": [12.66667, 1.33333, 11, 0], "rotation": 180, "texture": "#0"},
				"down": {"uv": [12.66667, 0, 11, 1.33333], "rotation": 180, "texture": "#0"}
			}
		},
		{
			"from": [-0.29559, 17.73963, 12.71194],
			"to": [-0.29559, 19.73963, 17.71194],
			"rotation": {"angle": -45, "axis": "z", "origin": [1, 21.86735, 15.21194]},
			"faces": {
				"east": {"uv": [12.66667, 2.66667, 11, 3.33333], "texture": "#0"},
				"west": {"uv": [12.66667, 3.33333, 11, 2.66667], "rotation": 180, "texture": "#0"}
			}
		},
		{
			"from": [-1.46194, 22.25, 12.71194],
			"to": [2.53806, 22.25, 17.71194],
			"rotation": {"angle": 22.5, "axis": "z", "origin": [1, 21.86735, 15.21194]},
			"faces": {
				"up": {"uv": [12.66667, 2.66667, 11, 1.33333], "rotation": 270, "texture": "#0"},
				"down": {"uv": [12.66667, 1.33333, 11, 2.66667], "rotation": 90, "texture": "#0"}
			}
		},
		{
			"from": [2.27417, 22.80939, 12.71194],
			"to": [6.27417, 22.80939, 17.71194],
			"rotation": {"angle": 0, "axis": "x", "origin": [1, 21.86735, 15.21194]},
			"faces": {
				"up": {"uv": [12.66667, 1.33333, 11, 0], "rotation": 270, "texture": "#0"},
				"down": {"uv": [12.66667, 0, 11, 1.33333], "rotation": 90, "texture": "#0"}
			}
		},
		{
			"from": [16.29559, 17.73963, 12.71194],
			"to": [16.29559, 19.73963, 17.71194],
			"rotation": {"angle": 45, "axis": "z", "origin": [15, 21.86735, 15.21194]},
			"faces": {
				"east": {"uv": [11, 3.33333, 12.66667, 2.66667], "rotation": 180, "texture": "#0"},
				"west": {"uv": [11, 2.66667, 12.66667, 3.33333], "texture": "#0"}
			}
		},
		{
			"from": [13.46194, 22.25, 12.71194],
			"to": [17.46194, 22.25, 17.71194],
			"rotation": {"angle": -22.5, "axis": "z", "origin": [15, 21.86735, 15.21194]},
			"faces": {
				"up": {"uv": [12.66667, 1.33333, 11, 2.66667], "rotation": 270, "texture": "#0"},
				"down": {"uv": [12.66667, 2.66667, 11, 1.33333], "rotation": 90, "texture": "#0"}
			}
		},
		{
			"from": [9.72583, 22.80939, 12.71194],
			"to": [13.72583, 22.80939, 17.71194],
			"rotation": {"angle": 0, "axis": "x", "origin": [15, 21.86735, 15.21194]},
			"faces": {
				"up": {"uv": [12.66667, 0, 11, 1.33333], "rotation": 270, "texture": "#0"},
				"down": {"uv": [12.66667, 1.33333, 11, 0], "rotation": 90, "texture": "#0"}
			}
		},
		{
			"from": [7.51924, 16, 17.30993],
			"to": [11.51924, 20, 21.30993],
			"rotation": {"angle": 22.5, "axis": "y", "origin": [9.52674, 19.75, 18.80993]},
			"faces": {
				"north": {"uv": [8, 4, 4, 8], "texture": "#1"},
				"east": {"uv": [8, 0, 4, 4], "texture": "#1"},
				"south": {"uv": [4, 4, 0, 8], "texture": "#1"},
				"west": {"uv": [4, 0, 0, 4], "texture": "#1"},
				"up": {"uv": [0, 12, 4, 8], "rotation": 270, "texture": "#1"},
				"down": {"uv": [8, 0, 12, 4], "rotation": 90, "texture": "#1"}
			}
		},
		{
			"from": [3.46924, 17, 16.05993],
			"to": [7.46924, 21, 20.05993],
			"rotation": {"angle": -22.5, "axis": "y", "origin": [5.47674, 20.75, 17.55993]},
			"faces": {
				"north": {"uv": [8, 4, 4, 8], "texture": "#1"},
				"east": {"uv": [8, 0, 4, 4], "texture": "#1"},
				"south": {"uv": [4, 4, 0, 8], "texture": "#1"},
				"west": {"uv": [4, 0, 0, 4], "texture": "#1"},
				"up": {"uv": [0, 12, 4, 8], "rotation": 270, "texture": "#1"},
				"down": {"uv": [8, 0, 12, 4], "rotation": 90, "texture": "#1"}
			}
		},
		{
			"from": [9.51924, 20, 15.80993],
			"to": [9.54924, 23, 18.80993],
			"rotation": {"angle": 22.5, "axis": "y", "origin": [9.52674, 19.75, 17.80993]},
			"faces": {
				"east": {"uv": [4, 8, 7, 11], "texture": "#1"},
				"west": {"uv": [7, 8, 4, 11], "texture": "#1"}
			}
		},
		{
			"from": [5.46924, 20, 15.55993],
			"to": [5.49924, 23, 18.55993],
			"rotation": {"angle": -45, "axis": "y", "origin": [5.47674, 19.75, 17.55993]},
			"faces": {
				"east": {"uv": [4, 8, 7, 11], "texture": "#1"},
				"west": {"uv": [7, 8, 4, 11], "texture": "#1"}
			}
		}
	],
	"gui_light": "front",
	"display": {
		"thirdperson_righthand": {
			"rotation": [55.25, 0, 0],
			"translation": [0, 6.75, 6.75]
		},
		"thirdperson_lefthand": {
			"rotation": [55.25, 0, 0],
			"translation": [0, 6.75, 6.75],
			"scale": [0.7, 0.7, 0.7]
		},
		"firstperson_righthand": {
			"rotation": [-16.25, 0, 0],
			"translation": [1.75, 4.75, 0],
			"scale": [0.63086, 0.63086, 0.63086]
		},
		"firstperson_lefthand": {
			"rotation": [-16.25, 0, 0],
			"translation": [1.75, 4.75, 0],
			"scale": [0.63086, 0.63086, 0.63086]
		},
		"ground": {
			"translation": [0, 5, 0],
			"scale": [0.7, 0.7, 0.7]
		},
		"gui": {
			"rotation": [25, 135, 0],
			"translation": [0, -3.25, 0],
			"scale": [0.5, 0.5, 0.5]
		},
		"head": {
			"rotation": [0, -180, 0],
			"translation": [0, -4.25, 0],
			"scale": [3, 3, 3]
		},
		"fixed": {
			"rotation": [-90, 0, 0],
			"translation": [0, 0, -51.5],
			"scale": [4, 4, 4]
		}
	},
	"groups": [
		{
			"name": "group",
			"origin": [15, 21.86735, 15.21194],
			"color": 0,
			"children": [0, 1, 2, 3, 4, 5, 6, 7, 8, 9, 10, 11, 12, 13, 14, 15, 16, 17, 18, 19, 20, 21, 22, 23, 24, 25, 26, 27, 28, 29, 30, 31, 32, 33, 34, 35, 36, 37, 38, 39, 40]
		},
		41,
		42,
		43,
		44
	],
	"USER": "35501",
	"NONCE": "fd0a3968caabfed9a9ad5b86a4815863",
	"TIMESTAMP": "1747349830",
	"RESOURCE": "12054",
	"MCMODELS": "1",
	"mcmodels": "fd0a3968caabfed9a9ad5b86a4815863"
}