{
	"format_version": "1.21.6",
	"credit": "Created by Workshop Six",
	"texture_size": [64, 64],
	"textures": {
		"1": "furniture:item/fish_hanging_rack",
		"particle": "furniture:item/fish_hanging_rack"
	},
	"elements": [
		{
			"from": [-2.75, -13, 6.875],
			"to": [18.75, -10, 8.875],
			"rotation": {"angle": 0, "axis": "y", "origin": [32.5, 1, 7.375]},
			"faces": {
				"north": {"uv": [8, 0, 13.5, 0.75], "texture": "#1"},
				"east": {"uv": [0, 12.25, 0.5, 13], "texture": "#1"},
				"south": {"uv": [8, 0.75, 13.5, 1.5], "texture": "#1"},
				"west": {"uv": [0.5, 12.25, 1, 13], "texture": "#1"},
				"up": {"uv": [13.5, 2, 8, 1.5], "texture": "#1"},
				"down": {"uv": [13.5, 2, 8, 2.5], "texture": "#1"}
			}
		},
		{
			"from": [-3.5, 26.5, 6.875],
			"to": [18.5, 28.5, 8.875],
			"rotation": {"angle": -45, "axis": "x", "origin": [9.25, 27.5, 7.875]},
			"faces": {
				"north": {"uv": [8, 2.5, 13.5, 3], "texture": "#1"},
				"east": {"uv": [12.5, 10.75, 13, 11.25], "texture": "#1"},
				"south": {"uv": [8, 3, 13.5, 3.5], "texture": "#1"},
				"west": {"uv": [12.5, 11.25, 13, 11.75], "texture": "#1"},
				"up": {"uv": [13.5, 4, 8, 3.5], "texture": "#1"},
				"down": {"uv": [13.5, 4, 8, 4.5], "texture": "#1"}
			}
		},
		{
			"from": [0.5, 26.25, 6.625],
			"to": [3.5, 28.75, 9.125],
			"rotation": {"angle": -45, "axis": "x", "origin": [8.75, 27.5, 7.875]},
			"faces": {
				"north": {"uv": [11, 8.5, 11.75, 9.25], "texture": "#1"},
				"east": {"uv": [11, 9.25, 11.75, 10], "texture": "#1"},
				"south": {"uv": [11, 10, 11.75, 10.75], "texture": "#1"},
				"west": {"uv": [10.5, 11, 11.25, 11.75], "texture": "#1"},
				"up": {"uv": [9.75, 12, 9, 11.25], "texture": "#1"},
				"down": {"uv": [10.5, 11.25, 9.75, 12], "texture": "#1"}
			}
		},
		{
			"from": [18, -16, -0.625],
			"to": [22, -14, 16.375],
			"rotation": {"angle": 0, "axis": "y", "origin": [14, -1, 7.375]},
			"faces": {
				"north": {"uv": [11.75, 10.25, 12.75, 10.75], "texture": "#1"},
				"east": {"uv": [8, 7.5, 12.25, 8], "texture": "#1"},
				"south": {"uv": [6, 12, 7, 12.5], "texture": "#1"},
				"west": {"uv": [8, 8, 12.25, 8.5], "texture": "#1"},
				"up": {"uv": [8, 4.25, 7, 0], "texture": "#1"},
				"down": {"uv": [8, 4.25, 7, 8.5], "texture": "#1"}
			}
		},
		{
			"from": [6.5, 26.25, 6.625],
			"to": [9.5, 28.75, 9.125],
			"rotation": {"angle": -45, "axis": "x", "origin": [14.75, 27.5, 7.875]},
			"faces": {
				"north": {"uv": [11, 8.5, 11.75, 9.25], "texture": "#1"},
				"east": {"uv": [11, 9.25, 11.75, 10], "texture": "#1"},
				"south": {"uv": [11, 10, 11.75, 10.75], "texture": "#1"},
				"west": {"uv": [10.5, 11, 11.25, 11.75], "texture": "#1"},
				"up": {"uv": [9.75, 12, 9, 11.25], "texture": "#1"},
				"down": {"uv": [10.5, 11.25, 9.75, 12], "texture": "#1"}
			}
		},
		{
			"from": [12.5, 26.25, 6.625],
			"to": [15.5, 28.75, 9.125],
			"rotation": {"angle": -45, "axis": "x", "origin": [20.75, 27.5, 7.875]},
			"faces": {
				"north": {"uv": [11, 8.5, 11.75, 9.25], "texture": "#1"},
				"east": {"uv": [11, 9.25, 11.75, 10], "texture": "#1"},
				"south": {"uv": [11, 10, 11.75, 10.75], "texture": "#1"},
				"west": {"uv": [10.5, 11, 11.25, 11.75], "texture": "#1"},
				"up": {"uv": [9.75, 12, 9, 11.25], "texture": "#1"},
				"down": {"uv": [10.5, 11.25, 9.75, 12], "texture": "#1"}
			}
		},
		{
			"from": [1.5, 23.5, 8.125],
			"to": [2.5, 26.5, 8.125],
			"rotation": {"angle": 0, "axis": "y", "origin": [2, 17.5, 8.125]},
			"faces": {
				"north": {"uv": [2.25, 12.75, 2.5, 13.5], "texture": "#1"},
				"east": {"uv": [0, 0, 0, 0.75], "texture": "#1"},
				"south": {"uv": [12.75, 11.75, 13, 12.5], "texture": "#1"},
				"west": {"uv": [0, 0, 0, 0.75], "texture": "#1"},
				"up": {"uv": [0.25, 0, 0, 0], "texture": "#1"},
				"down": {"uv": [0.25, 0, 0, 0], "texture": "#1"}
			}
		},
		{
			"from": [7.5, 22.5, 8.125],
			"to": [8.5, 26.5, 8.125],
			"rotation": {"angle": 0, "axis": "y", "origin": [8, 16.5, 8.125]},
			"faces": {
				"north": {"uv": [12.5, 11.75, 12.75, 12.75], "texture": "#1"},
				"east": {"uv": [0, 0, 0, 1], "texture": "#1"},
				"south": {"uv": [1, 12.75, 1.25, 13.75], "texture": "#1"},
				"west": {"uv": [0, 0, 0, 1], "texture": "#1"},
				"up": {"uv": [0.25, 0, 0, 0], "texture": "#1"},
				"down": {"uv": [0.25, 0, 0, 0], "texture": "#1"}
			}
		},
		{
			"from": [13.5, 23.5, 8.125],
			"to": [14.5, 26.5, 8.125],
			"rotation": {"angle": 0, "axis": "y", "origin": [14, 17.5, 8.125]},
			"faces": {
				"north": {"uv": [12, 12.75, 12.25, 13.5], "texture": "#1"},
				"east": {"uv": [0, 0, 0, 0.75], "texture": "#1"},
				"south": {"uv": [12.25, 12.75, 12.5, 13.5], "texture": "#1"},
				"west": {"uv": [0, 0, 0, 0.75], "texture": "#1"},
				"up": {"uv": [0.25, 0, 0, 0], "texture": "#1"},
				"down": {"uv": [0.25, 0, 0, 0], "texture": "#1"}
			}
		},
		{
			"from": [18.5, -16, 6.375],
			"to": [21.5, 30, 9.375],
			"rotation": {"angle": 0, "axis": "y", "origin": [14.5, -1, 7.375]},
			"faces": {
				"north": {"uv": [0, 0, 0.75, 11.5], "texture": "#1"},
				"east": {"uv": [0.75, 0, 1.5, 11.5], "texture": "#1"},
				"south": {"uv": [1.5, 0, 2.25, 11.5], "texture": "#1"},
				"west": {"uv": [2.25, 0, 3, 11.5], "texture": "#1"},
				"up": {"uv": [12, 11.5, 11.25, 10.75], "texture": "#1"},
				"down": {"uv": [0.75, 11.5, 0, 12.25], "texture": "#1"}
			}
		},
		{
			"from": [13.5, 4.5, 8.125],
			"to": [14.5, 7.5, 8.125],
			"rotation": {"angle": 0, "axis": "y", "origin": [20, -2.5, 8.125]},
			"faces": {
				"north": {"uv": [12.5, 12.75, 12.75, 13.5], "texture": "#1"},
				"east": {"uv": [0, 0, 0, 0.75], "texture": "#1"},
				"south": {"uv": [12.75, 12.5, 13, 13.25], "texture": "#1"},
				"west": {"uv": [0, 0, 0, 0.75], "texture": "#1"},
				"up": {"uv": [0.25, 0, 0, 0], "texture": "#1"},
				"down": {"uv": [0.25, 0, 0, 0], "texture": "#1"}
			}
		},
		{
			"from": [7.5, 4.5, 8.125],
			"to": [8.5, 7.5, 8.125],
			"rotation": {"angle": 0, "axis": "y", "origin": [2, -2.5, 8.125]},
			"faces": {
				"north": {"uv": [0, 13, 0.25, 13.75], "texture": "#1"},
				"east": {"uv": [0, 0, 0, 0.75], "texture": "#1"},
				"south": {"uv": [0.25, 13, 0.5, 13.75], "texture": "#1"},
				"west": {"uv": [0, 0, 0, 0.75], "texture": "#1"},
				"up": {"uv": [0.25, 0, 0, 0], "texture": "#1"},
				"down": {"uv": [0.25, 0, 0, 0], "texture": "#1"}
			}
		},
		{
			"from": [0.5, 6.25, 6.625],
			"to": [3.5, 8.75, 9.125],
			"rotation": {"angle": -45, "axis": "x", "origin": [-4.75, 7.5, 7.875]},
			"faces": {
				"north": {"uv": [11, 8.5, 11.75, 9.25], "texture": "#1"},
				"east": {"uv": [11, 9.25, 11.75, 10], "texture": "#1"},
				"south": {"uv": [11, 10, 11.75, 10.75], "texture": "#1"},
				"west": {"uv": [10.5, 11, 11.25, 11.75], "texture": "#1"},
				"up": {"uv": [9.75, 12, 9, 11.25], "texture": "#1"},
				"down": {"uv": [10.5, 11.25, 9.75, 12], "texture": "#1"}
			}
		},
		{
			"from": [6.5, 6.25, 6.625],
			"to": [9.5, 8.75, 9.125],
			"rotation": {"angle": -45, "axis": "x", "origin": [1.25, 7.5, 7.875]},
			"faces": {
				"north": {"uv": [11, 8.5, 11.75, 9.25], "texture": "#1"},
				"east": {"uv": [11, 9.25, 11.75, 10], "texture": "#1"},
				"south": {"uv": [11, 10, 11.75, 10.75], "texture": "#1"},
				"west": {"uv": [10.5, 11, 11.25, 11.75], "texture": "#1"},
				"up": {"uv": [9.75, 12, 9, 11.25], "texture": "#1"},
				"down": {"uv": [10.5, 11.25, 9.75, 12], "texture": "#1"}
			}
		},
		{
			"from": [1.5, 2.5, 8.125],
			"to": [2.5, 7.5, 8.125],
			"rotation": {"angle": 0, "axis": "y", "origin": [14, -2.5, 8.125]},
			"faces": {
				"north": {"uv": [10.25, 12, 10.5, 13.25], "texture": "#1"},
				"east": {"uv": [0, 0, 0, 1.25], "texture": "#1"},
				"south": {"uv": [6.75, 12.5, 7, 13.75], "texture": "#1"},
				"west": {"uv": [0, 0, 0, 1.25], "texture": "#1"},
				"up": {"uv": [0.25, 0, 0, 0], "texture": "#1"},
				"down": {"uv": [0.25, 0, 0, 0], "texture": "#1"}
			}
		},
		{
			"from": [12.5, 6.25, 6.625],
			"to": [15.5, 8.75, 9.125],
			"rotation": {"angle": -45, "axis": "x", "origin": [7.25, 7.5, 7.875]},
			"faces": {
				"north": {"uv": [11, 8.5, 11.75, 9.25], "texture": "#1"},
				"east": {"uv": [11, 9.25, 11.75, 10], "texture": "#1"},
				"south": {"uv": [11, 10, 11.75, 10.75], "texture": "#1"},
				"west": {"uv": [10.5, 11, 11.25, 11.75], "texture": "#1"},
				"up": {"uv": [9.75, 12, 9, 11.25], "texture": "#1"},
				"down": {"uv": [10.5, 11.25, 9.75, 12], "texture": "#1"}
			}
		},
		{
			"from": [-2.5, 6.5, 6.875],
			"to": [18.5, 8.5, 8.875],
			"rotation": {"angle": -45, "axis": "x", "origin": [24.75, 7.5, 7.875]},
			"faces": {
				"north": {"uv": [8, 4.5, 13.25, 5], "texture": "#1"},
				"east": {"uv": [1.25, 12.75, 1.75, 13.25], "texture": "#1"},
				"south": {"uv": [8, 5, 13.25, 5.5], "texture": "#1"},
				"west": {"uv": [1.75, 12.75, 2.25, 13.25], "texture": "#1"},
				"up": {"uv": [13.25, 6, 8, 5.5], "texture": "#1"},
				"down": {"uv": [13.25, 6, 8, 6.5], "texture": "#1"}
			}
		},
		{
			"from": [-6, -16, -0.625],
			"to": [-2, -14, 16.375],
			"rotation": {"angle": 0, "axis": "y", "origin": [2, -1, 7.375]},
			"faces": {
				"north": {"uv": [11.75, 9.25, 12.75, 9.75], "texture": "#1"},
				"east": {"uv": [8, 6.5, 12.25, 7], "texture": "#1"},
				"south": {"uv": [11.75, 9.75, 12.75, 10.25], "texture": "#1"},
				"west": {"uv": [8, 7, 12.25, 7.5], "texture": "#1"},
				"up": {"uv": [7, 4.25, 6, 0], "texture": "#1"},
				"down": {"uv": [7, 4.25, 6, 8.5], "texture": "#1"}
			}
		},
		{
			"from": [-5.5, -16, 6.375],
			"to": [-2.5, 30, 9.375],
			"rotation": {"angle": 0, "axis": "y", "origin": [1.5, -1, 7.375]},
			"faces": {
				"north": {"uv": [3, 0, 3.75, 11.5], "texture": "#1"},
				"east": {"uv": [3.75, 0, 4.5, 11.5], "texture": "#1"},
				"south": {"uv": [4.5, 0, 5.25, 11.5], "texture": "#1"},
				"west": {"uv": [5.25, 0, 6, 11.5], "texture": "#1"},
				"up": {"uv": [1.5, 12.25, 0.75, 11.5], "texture": "#1"},
				"down": {"uv": [2.25, 11.5, 1.5, 12.25], "texture": "#1"}
			}
		},
		{
			"from": [12.5, 14, 7.10324],
			"to": [15.5, 21, 9.10324],
			"rotation": {"angle": 0, "axis": "y", "origin": [17, 12.75, 6.375]},
			"faces": {
				"north": {"uv": [6, 8.5, 6.75, 10.25], "texture": "#1"},
				"east": {"uv": [6, 10.25, 6.5, 12], "texture": "#1"},
				"south": {"uv": [6.75, 8.5, 7.5, 10.25], "texture": "#1"},
				"west": {"uv": [6.5, 10.25, 7, 12], "texture": "#1"},
				"up": {"uv": [1.75, 12.75, 1, 12.25], "texture": "#1"},
				"down": {"uv": [2.5, 12.25, 1.75, 12.75], "texture": "#1"}
			}
		},
		{
			"from": [11.5, 15.5, 8.10324],
			"to": [13.5, 19.5, 8.10324],
			"rotation": {"angle": 0, "axis": "y", "origin": [17, 12.75, 6.375]},
			"faces": {
				"north": {"uv": [10.5, 11.75, 11, 12.75], "texture": "#1"},
				"east": {"uv": [0, 0, 0, 1], "texture": "#1"},
				"south": {"uv": [7, 12, 7.5, 13], "texture": "#1"},
				"west": {"uv": [0, 0, 0, 1], "texture": "#1"},
				"up": {"uv": [0.5, 0, 0, 0], "texture": "#1"},
				"down": {"uv": [0.5, 0, 0, 0], "texture": "#1"}
			}
		},
		{
			"from": [12.5, 20.5, 8.10324],
			"to": [15.5, 23.5, 8.10324],
			"rotation": {"angle": 0, "axis": "y", "origin": [17, 12.75, 6.375]},
			"faces": {
				"north": {"uv": [2.25, 11.5, 3, 12.25], "texture": "#1"},
				"east": {"uv": [0, 0, 0, 0.75], "texture": "#1"},
				"south": {"uv": [3, 11.5, 3.75, 12.25], "texture": "#1"},
				"west": {"uv": [0, 0, 0, 0.75], "texture": "#1"},
				"up": {"uv": [0.75, 0, 0, 0], "texture": "#1"},
				"down": {"uv": [0.75, 0, 0, 0], "texture": "#1"}
			}
		},
		{
			"from": [14.5, 16, 8.10324],
			"to": [16.5, 19, 8.10324],
			"rotation": {"angle": 0, "axis": "y", "origin": [17, 12.75, 6.375]},
			"faces": {
				"north": {"uv": [2.5, 12.25, 3, 13], "texture": "#1"},
				"east": {"uv": [0, 0, 0, 0.75], "texture": "#1"},
				"south": {"uv": [3, 12.25, 3.5, 13], "texture": "#1"},
				"west": {"uv": [0, 0, 0, 0.75], "texture": "#1"},
				"up": {"uv": [0.5, 0, 0, 0], "texture": "#1"},
				"down": {"uv": [0.5, 0, 0, 0], "texture": "#1"}
			}
		},
		{
			"from": [13.5, 13, 7.10324],
			"to": [15.5, 14, 9.10324],
			"rotation": {"angle": 0, "axis": "y", "origin": [17, 12.75, 6.375]},
			"faces": {
				"north": {"uv": [12.75, 8, 13.25, 8.25], "texture": "#1"},
				"east": {"uv": [12.75, 10.5, 13.25, 10.75], "texture": "#1"},
				"south": {"uv": [0.5, 13, 1, 13.25], "texture": "#1"},
				"west": {"uv": [2.5, 13, 3, 13.25], "texture": "#1"},
				"up": {"uv": [4, 13.25, 3.5, 12.75], "texture": "#1"},
				"down": {"uv": [4.5, 12.75, 4, 13.25], "texture": "#1"}
			}
		},
		{
			"from": [0.5, 15, 7.10324],
			"to": [3.5, 21, 9.10324],
			"rotation": {"angle": 0, "axis": "y", "origin": [11, 11.75, 6.375]},
			"faces": {
				"north": {"uv": [9, 8.5, 9.75, 10], "texture": "#1"},
				"east": {"uv": [8, 10.25, 8.5, 11.75], "texture": "#1"},
				"south": {"uv": [9.75, 8.5, 10.5, 10], "texture": "#1"},
				"west": {"uv": [8.5, 10.25, 9, 11.75], "texture": "#1"},
				"up": {"uv": [4.25, 12.75, 3.5, 12.25], "texture": "#1"},
				"down": {"uv": [5, 12.25, 4.25, 12.75], "texture": "#1"}
			}
		},
		{
			"from": [-0.5, 16.5, 8.10324],
			"to": [1.5, 20.5, 8.10324],
			"rotation": {"angle": 0, "axis": "y", "origin": [11, 11.75, 6.375]},
			"faces": {
				"north": {"uv": [7.5, 12, 8, 13], "texture": "#1"},
				"east": {"uv": [0, 0, 0, 1], "texture": "#1"},
				"south": {"uv": [8.75, 12, 9.25, 13], "texture": "#1"},
				"west": {"uv": [0, 0, 0, 1], "texture": "#1"},
				"up": {"uv": [0.5, 0, 0, 0], "texture": "#1"},
				"down": {"uv": [0.5, 0, 0, 0], "texture": "#1"}
			}
		},
		{
			"from": [0.5, 20.5, 8.10324],
			"to": [3.5, 23.5, 8.10324],
			"rotation": {"angle": 0, "axis": "y", "origin": [11, 11.75, 6.375]},
			"faces": {
				"north": {"uv": [3.75, 11.5, 4.5, 12.25], "texture": "#1"},
				"east": {"uv": [0, 0, 0, 0.75], "texture": "#1"},
				"south": {"uv": [4.5, 11.5, 5.25, 12.25], "texture": "#1"},
				"west": {"uv": [0, 0, 0, 0.75], "texture": "#1"},
				"up": {"uv": [0.75, 0, 0, 0], "texture": "#1"},
				"down": {"uv": [0.75, 0, 0, 0], "texture": "#1"}
			}
		},
		{
			"from": [2.5, 16, 8.10324],
			"to": [4.5, 19, 8.10324],
			"rotation": {"angle": 0, "axis": "y", "origin": [11, 11.75, 6.375]},
			"faces": {
				"north": {"uv": [5, 12.25, 5.5, 13], "texture": "#1"},
				"east": {"uv": [0, 0, 0, 0.75], "texture": "#1"},
				"south": {"uv": [5.5, 12.25, 6, 13], "texture": "#1"},
				"west": {"uv": [0, 0, 0, 0.75], "texture": "#1"},
				"up": {"uv": [0.5, 0, 0, 0], "texture": "#1"},
				"down": {"uv": [0.5, 0, 0, 0], "texture": "#1"}
			}
		},
		{
			"from": [1.5, 14, 7.10324],
			"to": [3.5, 15, 9.10324],
			"rotation": {"angle": 0, "axis": "y", "origin": [11, 11.75, 6.375]},
			"faces": {
				"north": {"uv": [3, 13, 3.5, 13.25], "texture": "#1"},
				"east": {"uv": [5, 13, 5.5, 13.25], "texture": "#1"},
				"south": {"uv": [5.5, 13, 6, 13.25], "texture": "#1"},
				"west": {"uv": [6, 13, 6.5, 13.25], "texture": "#1"},
				"up": {"uv": [5, 13.25, 4.5, 12.75], "texture": "#1"},
				"down": {"uv": [13.25, 7.5, 12.75, 8], "texture": "#1"}
			}
		},
		{
			"from": [12.5, -4, 7.10324],
			"to": [15.5, 2, 9.10324],
			"rotation": {"angle": 0, "axis": "y", "origin": [23, -7.25, 6.375]},
			"faces": {
				"north": {"uv": [9, 8.5, 9.75, 10], "texture": "#1"},
				"east": {"uv": [8, 10.25, 8.5, 11.75], "texture": "#1"},
				"south": {"uv": [9.75, 8.5, 10.5, 10], "texture": "#1"},
				"west": {"uv": [8.5, 10.25, 9, 11.75], "texture": "#1"},
				"up": {"uv": [4.25, 12.75, 3.5, 12.25], "texture": "#1"},
				"down": {"uv": [5, 12.25, 4.25, 12.75], "texture": "#1"}
			}
		},
		{
			"from": [11.5, -2.5, 8.10324],
			"to": [13.5, 1.5, 8.10324],
			"rotation": {"angle": 0, "axis": "y", "origin": [23, -7.25, 6.375]},
			"faces": {
				"north": {"uv": [7.5, 12, 8, 13], "texture": "#1"},
				"east": {"uv": [0, 0, 0, 1], "texture": "#1"},
				"south": {"uv": [8.75, 12, 9.25, 13], "texture": "#1"},
				"west": {"uv": [0, 0, 0, 1], "texture": "#1"},
				"up": {"uv": [0.5, 0, 0, 0], "texture": "#1"},
				"down": {"uv": [0.5, 0, 0, 0], "texture": "#1"}
			}
		},
		{
			"from": [12.5, 1.5, 8.10324],
			"to": [15.5, 4.5, 8.10324],
			"rotation": {"angle": 0, "axis": "y", "origin": [23, -7.25, 6.375]},
			"faces": {
				"north": {"uv": [3.75, 11.5, 4.5, 12.25], "texture": "#1"},
				"east": {"uv": [0, 0, 0, 0.75], "texture": "#1"},
				"south": {"uv": [4.5, 11.5, 5.25, 12.25], "texture": "#1"},
				"west": {"uv": [0, 0, 0, 0.75], "texture": "#1"},
				"up": {"uv": [0.75, 0, 0, 0], "texture": "#1"},
				"down": {"uv": [0.75, 0, 0, 0], "texture": "#1"}
			}
		},
		{
			"from": [14.5, -3, 8.10324],
			"to": [16.5, 0, 8.10324],
			"rotation": {"angle": 0, "axis": "y", "origin": [23, -7.25, 6.375]},
			"faces": {
				"north": {"uv": [5, 12.25, 5.5, 13], "texture": "#1"},
				"east": {"uv": [0, 0, 0, 0.75], "texture": "#1"},
				"south": {"uv": [5.5, 12.25, 6, 13], "texture": "#1"},
				"west": {"uv": [0, 0, 0, 0.75], "texture": "#1"},
				"up": {"uv": [0.5, 0, 0, 0], "texture": "#1"},
				"down": {"uv": [0.5, 0, 0, 0], "texture": "#1"}
			}
		},
		{
			"from": [13.5, -5, 7.10324],
			"to": [15.5, -4, 9.10324],
			"rotation": {"angle": 0, "axis": "y", "origin": [23, -7.25, 6.375]},
			"faces": {
				"north": {"uv": [3, 13, 3.5, 13.25], "texture": "#1"},
				"east": {"uv": [5, 13, 5.5, 13.25], "texture": "#1"},
				"south": {"uv": [5.5, 13, 6, 13.25], "texture": "#1"},
				"west": {"uv": [6, 13, 6.5, 13.25], "texture": "#1"},
				"up": {"uv": [5, 13.25, 4.5, 12.75], "texture": "#1"},
				"down": {"uv": [13.25, 7.5, 12.75, 8], "texture": "#1"}
			}
		},
		{
			"from": [0.5, -7, 7.10324],
			"to": [3.5, 0, 9.10324],
			"rotation": {"angle": 0, "axis": "y", "origin": [-7, -7.25, 6.375]},
			"faces": {
				"north": {"uv": [7.5, 8.5, 8.25, 10.25], "texture": "#1"},
				"east": {"uv": [7, 10.25, 7.5, 12], "texture": "#1"},
				"south": {"uv": [8.25, 8.5, 9, 10.25], "texture": "#1"},
				"west": {"uv": [7.5, 10.25, 8, 12], "texture": "#1"},
				"up": {"uv": [13, 7, 12.25, 6.5], "texture": "#1"},
				"down": {"uv": [13, 7, 12.25, 7.5], "texture": "#1"}
			}
		},
		{
			"from": [-0.5, -4.5, 8.10324],
			"to": [1.5, -0.5, 8.10324],
			"rotation": {"angle": 0, "axis": "y", "origin": [-7, -7.25, 6.375]},
			"faces": {
				"north": {"uv": [9.25, 12, 9.75, 13], "texture": "#1"},
				"east": {"uv": [0, 0, 0, 1], "texture": "#1"},
				"south": {"uv": [9.75, 12, 10.25, 13], "texture": "#1"},
				"west": {"uv": [0, 0, 0, 1], "texture": "#1"},
				"up": {"uv": [0.5, 0, 0, 0], "texture": "#1"},
				"down": {"uv": [0.5, 0, 0, 0], "texture": "#1"}
			}
		},
		{
			"from": [0.5, -0.5, 8.10324],
			"to": [3.5, 2.5, 8.10324],
			"rotation": {"angle": 0, "axis": "y", "origin": [-7, -7.25, 6.375]},
			"faces": {
				"north": {"uv": [5.25, 11.5, 6, 12.25], "texture": "#1"},
				"east": {"uv": [0, 0, 0, 0.75], "texture": "#1"},
				"south": {"uv": [11.25, 11.5, 12, 12.25], "texture": "#1"},
				"west": {"uv": [0, 0, 0, 0.75], "texture": "#1"},
				"up": {"uv": [0.75, 0, 0, 0], "texture": "#1"},
				"down": {"uv": [0.75, 0, 0, 0], "texture": "#1"}
			}
		},
		{
			"from": [2.5, -5, 8.10324],
			"to": [4.5, -2, 8.10324],
			"rotation": {"angle": 0, "axis": "y", "origin": [-7, -7.25, 6.375]},
			"faces": {
				"north": {"uv": [12.25, 7.5, 12.75, 8.25], "texture": "#1"},
				"east": {"uv": [0, 0, 0, 0.75], "texture": "#1"},
				"south": {"uv": [11, 12.25, 11.5, 13], "texture": "#1"},
				"west": {"uv": [0, 0, 0, 0.75], "texture": "#1"},
				"up": {"uv": [0.5, 0, 0, 0], "texture": "#1"},
				"down": {"uv": [0.5, 0, 0, 0], "texture": "#1"}
			}
		},
		{
			"from": [1.5, -8, 7.10324],
			"to": [3.5, -7, 9.10324],
			"rotation": {"angle": 0, "axis": "y", "origin": [-7, -7.25, 6.375]},
			"faces": {
				"north": {"uv": [13, 6.5, 13.5, 6.75], "texture": "#1"},
				"east": {"uv": [13, 6.75, 13.5, 7], "texture": "#1"},
				"south": {"uv": [7, 13, 7.5, 13.25], "texture": "#1"},
				"west": {"uv": [13, 7, 13.5, 7.25], "texture": "#1"},
				"up": {"uv": [13.25, 9.5, 12.75, 9], "texture": "#1"},
				"down": {"uv": [13.25, 9.5, 12.75, 10], "texture": "#1"}
			}
		},
		{
			"from": [6.5, -3, 7.10324],
			"to": [9.5, 2, 9.10324],
			"rotation": {"angle": 0, "axis": "y", "origin": [5, -7.25, 6.375]},
			"faces": {
				"north": {"uv": [9, 10, 9.75, 11.25], "texture": "#1"},
				"east": {"uv": [10.5, 8.5, 11, 9.75], "texture": "#1"},
				"south": {"uv": [9.75, 10, 10.5, 11.25], "texture": "#1"},
				"west": {"uv": [10.5, 9.75, 11, 11], "texture": "#1"},
				"up": {"uv": [6.75, 13, 6, 12.5], "texture": "#1"},
				"down": {"uv": [8.75, 12.5, 8, 13], "texture": "#1"}
			}
		},
		{
			"from": [5.5, -2.5, 8.10324],
			"to": [7.5, 1.5, 8.10324],
			"rotation": {"angle": 0, "axis": "y", "origin": [5, -7.25, 6.375]},
			"faces": {
				"north": {"uv": [12, 10.75, 12.5, 11.75], "texture": "#1"},
				"east": {"uv": [0, 0, 0, 1], "texture": "#1"},
				"south": {"uv": [12, 11.75, 12.5, 12.75], "texture": "#1"},
				"west": {"uv": [0, 0, 0, 1], "texture": "#1"},
				"up": {"uv": [0.5, 0, 0, 0], "texture": "#1"},
				"down": {"uv": [0.5, 0, 0, 0], "texture": "#1"}
			}
		},
		{
			"from": [6.5, 1.5, 8.10324],
			"to": [9.5, 4.5, 8.10324],
			"rotation": {"angle": 0, "axis": "y", "origin": [5, -7.25, 6.375]},
			"faces": {
				"north": {"uv": [8, 11.75, 8.75, 12.5], "texture": "#1"},
				"east": {"uv": [0, 0, 0, 0.75], "texture": "#1"},
				"south": {"uv": [11.75, 8.5, 12.5, 9.25], "texture": "#1"},
				"west": {"uv": [0, 0, 0, 0.75], "texture": "#1"},
				"up": {"uv": [0.75, 0, 0, 0], "texture": "#1"},
				"down": {"uv": [0.75, 0, 0, 0], "texture": "#1"}
			}
		},
		{
			"from": [8.5, -2, 8.10324],
			"to": [10.5, 1, 8.10324],
			"rotation": {"angle": 0, "axis": "y", "origin": [5, -7.25, 6.375]},
			"faces": {
				"north": {"uv": [11.5, 12.25, 12, 13], "texture": "#1"},
				"east": {"uv": [0, 0, 0, 0.75], "texture": "#1"},
				"south": {"uv": [12.5, 8.25, 13, 9], "texture": "#1"},
				"west": {"uv": [0, 0, 0, 0.75], "texture": "#1"},
				"up": {"uv": [0.5, 0, 0, 0], "texture": "#1"},
				"down": {"uv": [0.5, 0, 0, 0], "texture": "#1"}
			}
		},
		{
			"from": [7.5, -4, 7.10324],
			"to": [9.5, -3, 9.10324],
			"rotation": {"angle": 0, "axis": "y", "origin": [5, -7.25, 6.375]},
			"faces": {
				"north": {"uv": [13, 7.25, 13.5, 7.5], "texture": "#1"},
				"east": {"uv": [7.5, 13, 8, 13.25], "texture": "#1"},
				"south": {"uv": [8, 13, 8.5, 13.25], "texture": "#1"},
				"west": {"uv": [13, 8.25, 13.5, 8.5], "texture": "#1"},
				"up": {"uv": [13.25, 10.5, 12.75, 10], "texture": "#1"},
				"down": {"uv": [11, 12.75, 10.5, 13.25], "texture": "#1"}
			}
		},
		{
			"from": [6.5, 13, 7.10324],
			"to": [9.5, 20, 9.10324],
			"rotation": {"angle": 0, "axis": "y", "origin": [-1, 12.75, 6.375]},
			"faces": {
				"north": {"uv": [7.5, 8.5, 8.25, 10.25], "texture": "#1"},
				"east": {"uv": [7, 10.25, 7.5, 12], "texture": "#1"},
				"south": {"uv": [8.25, 8.5, 9, 10.25], "texture": "#1"},
				"west": {"uv": [7.5, 10.25, 8, 12], "texture": "#1"},
				"up": {"uv": [13, 7, 12.25, 6.5], "texture": "#1"},
				"down": {"uv": [13, 7, 12.25, 7.5], "texture": "#1"}
			}
		},
		{
			"from": [5.5, 15.5, 8.10324],
			"to": [7.5, 19.5, 8.10324],
			"rotation": {"angle": 0, "axis": "y", "origin": [-1, 12.75, 6.375]},
			"faces": {
				"north": {"uv": [9.25, 12, 9.75, 13], "texture": "#1"},
				"east": {"uv": [0, 0, 0, 1], "texture": "#1"},
				"south": {"uv": [9.75, 12, 10.25, 13], "texture": "#1"},
				"west": {"uv": [0, 0, 0, 1], "texture": "#1"},
				"up": {"uv": [0.5, 0, 0, 0], "texture": "#1"},
				"down": {"uv": [0.5, 0, 0, 0], "texture": "#1"}
			}
		},
		{
			"from": [6.5, 19.5, 8.10324],
			"to": [9.5, 22.5, 8.10324],
			"rotation": {"angle": 0, "axis": "y", "origin": [-1, 12.75, 6.375]},
			"faces": {
				"north": {"uv": [5.25, 11.5, 6, 12.25], "texture": "#1"},
				"east": {"uv": [0, 0, 0, 0.75], "texture": "#1"},
				"south": {"uv": [11.25, 11.5, 12, 12.25], "texture": "#1"},
				"west": {"uv": [0, 0, 0, 0.75], "texture": "#1"},
				"up": {"uv": [0.75, 0, 0, 0], "texture": "#1"},
				"down": {"uv": [0.75, 0, 0, 0], "texture": "#1"}
			}
		},
		{
			"from": [8.5, 15, 8.10324],
			"to": [10.5, 18, 8.10324],
			"rotation": {"angle": 0, "axis": "y", "origin": [-1, 12.75, 6.375]},
			"faces": {
				"north": {"uv": [12.25, 7.5, 12.75, 8.25], "texture": "#1"},
				"east": {"uv": [0, 0, 0, 0.75], "texture": "#1"},
				"south": {"uv": [11, 12.25, 11.5, 13], "texture": "#1"},
				"west": {"uv": [0, 0, 0, 0.75], "texture": "#1"},
				"up": {"uv": [0.5, 0, 0, 0], "texture": "#1"},
				"down": {"uv": [0.5, 0, 0, 0], "texture": "#1"}
			}
		},
		{
			"from": [7.5, 12, 7.10324],
			"to": [9.5, 13, 9.10324],
			"rotation": {"angle": 0, "axis": "y", "origin": [-1, 12.75, 6.375]},
			"faces": {
				"north": {"uv": [13, 6.5, 13.5, 6.75], "texture": "#1"},
				"east": {"uv": [13, 6.75, 13.5, 7], "texture": "#1"},
				"south": {"uv": [7, 13, 7.5, 13.25], "texture": "#1"},
				"west": {"uv": [13, 7, 13.5, 7.25], "texture": "#1"},
				"up": {"uv": [13.25, 9.5, 12.75, 9], "texture": "#1"},
				"down": {"uv": [13.25, 9.5, 12.75, 10], "texture": "#1"}
			}
		},
		{
			"name": "cube inverted",
			"from": [15.5, 28.75, 9.125],
			"to": [12.5, 26.25, 6.625],
			"rotation": {"angle": -45, "axis": "x", "origin": [20.75, 27.5, 7.875]},
			"faces": {
				"north": {"uv": [11, 10.75, 11.75, 10], "texture": "#1"},
				"east": {"uv": [10.5, 11.75, 11.25, 11], "texture": "#1"},
				"south": {"uv": [11, 9.25, 11.75, 8.5], "texture": "#1"},
				"west": {"uv": [11, 10, 11.75, 9.25], "texture": "#1"},
				"up": {"uv": [9.75, 11.25, 10.5, 12], "texture": "#1"},
				"down": {"uv": [9, 12, 9.75, 11.25], "texture": "#1"}
			}
		},
		{
			"name": "cube inverted",
			"from": [9.5, 28.75, 9.125],
			"to": [6.5, 26.25, 6.625],
			"rotation": {"angle": -45, "axis": "x", "origin": [14.75, 27.5, 7.875]},
			"faces": {
				"north": {"uv": [11, 10.75, 11.75, 10], "texture": "#1"},
				"east": {"uv": [10.5, 11.75, 11.25, 11], "texture": "#1"},
				"south": {"uv": [11, 9.25, 11.75, 8.5], "texture": "#1"},
				"west": {"uv": [11, 10, 11.75, 9.25], "texture": "#1"},
				"up": {"uv": [9.75, 11.25, 10.5, 12], "texture": "#1"},
				"down": {"uv": [9, 12, 9.75, 11.25], "texture": "#1"}
			}
		},
		{
			"name": "cube inverted",
			"from": [3.5, 28.75, 9.125],
			"to": [0.5, 26.25, 6.625],
			"rotation": {"angle": -45, "axis": "x", "origin": [8.75, 27.5, 7.875]},
			"faces": {
				"north": {"uv": [11, 10.75, 11.75, 10], "texture": "#1"},
				"east": {"uv": [10.5, 11.75, 11.25, 11], "texture": "#1"},
				"south": {"uv": [11, 9.25, 11.75, 8.5], "texture": "#1"},
				"west": {"uv": [11, 10, 11.75, 9.25], "texture": "#1"},
				"up": {"uv": [9.75, 11.25, 10.5, 12], "texture": "#1"},
				"down": {"uv": [9, 12, 9.75, 11.25], "texture": "#1"}
			}
		},
		{
			"name": "cube inverted",
			"from": [3.5, 8.75, 9.125],
			"to": [0.5, 6.25, 6.625],
			"rotation": {"angle": -45, "axis": "x", "origin": [-4.75, 7.5, 7.875]},
			"faces": {
				"north": {"uv": [11, 10.75, 11.75, 10], "texture": "#1"},
				"east": {"uv": [10.5, 11.75, 11.25, 11], "texture": "#1"},
				"south": {"uv": [11, 9.25, 11.75, 8.5], "texture": "#1"},
				"west": {"uv": [11, 10, 11.75, 9.25], "texture": "#1"},
				"up": {"uv": [9.75, 11.25, 10.5, 12], "texture": "#1"},
				"down": {"uv": [9, 12, 9.75, 11.25], "texture": "#1"}
			}
		},
		{
			"name": "cube inverted",
			"from": [9.5, 8.75, 9.125],
			"to": [6.5, 6.25, 6.625],
			"rotation": {"angle": -45, "axis": "x", "origin": [1.25, 7.5, 7.875]},
			"faces": {
				"north": {"uv": [11, 10.75, 11.75, 10], "texture": "#1"},
				"east": {"uv": [10.5, 11.75, 11.25, 11], "texture": "#1"},
				"south": {"uv": [11, 9.25, 11.75, 8.5], "texture": "#1"},
				"west": {"uv": [11, 10, 11.75, 9.25], "texture": "#1"},
				"up": {"uv": [9.75, 11.25, 10.5, 12], "texture": "#1"},
				"down": {"uv": [9, 12, 9.75, 11.25], "texture": "#1"}
			}
		},
		{
			"name": "cube inverted",
			"from": [15.5, 8.75, 9.125],
			"to": [12.5, 6.25, 6.625],
			"rotation": {"angle": -45, "axis": "x", "origin": [7.25, 7.5, 7.875]},
			"faces": {
				"north": {"uv": [11, 10.75, 11.75, 10], "texture": "#1"},
				"east": {"uv": [10.5, 11.75, 11.25, 11], "texture": "#1"},
				"south": {"uv": [11, 9.25, 11.75, 8.5], "texture": "#1"},
				"west": {"uv": [11, 10, 11.75, 9.25], "texture": "#1"},
				"up": {"uv": [9.75, 11.25, 10.5, 12], "texture": "#1"},
				"down": {"uv": [9, 12, 9.75, 11.25], "texture": "#1"}
			}
		}
	],
	"gui_light": "front",
	"display": {
		"thirdperson_righthand": {
			"rotation": [65, 0, 0],
			"translation": [1.5, 0.5, -0.5],
			"scale": [0.17016, 0.17016, 0.17016]
		},
		"thirdperson_lefthand": {
			"rotation": [65, 0, 0],
			"translation": [-1.5, 0.5, -0.5],
			"scale": [0.17016, 0.17016, 0.17016]
		},
		"firstperson_righthand": {
			"rotation": [-180, 76.75, -180],
			"translation": [0, 5, 1.25],
			"scale": [0.18, 0.18, 0.18]
		},
		"firstperson_lefthand": {
			"rotation": [-180, 76.75, -180],
			"translation": [0, 5, 3.75],
			"scale": [0.18, 0.18, 0.18]
		},
		"ground": {
			"translation": [1.25, 6.5, 0],
			"scale": [0.25, 0.25, 0.25]
		},
		"gui": {
			"rotation": [18.25, 158, 0],
			"translation": [-2.25, 0.75, 0],
			"scale": [0.3, 0.3, 0.3]
		},
		"head": {
			"translation": [-1.75, -5, 0],
			"scale": [0, 0, 0]
		},
		"fixed": {
			"rotation": [-90, 0, 0],
			"translation": [0, 0, -48],
			"scale": [2, 2, 2]
		}
	},
	"groups": [
		{
			"name": "group",
			"origin": [-1, 12.75, 6.375],
			"color": 0,
			"children": [
				0,
				1,
				2,
				3,
				4,
				5,
				6,
				7,
				8,
				9,
				10,
				11,
				12,
				13,
				14,
				15,
				16,
				17,
				18,
				19,
				20,
				21,
				22,
				23,
				24,
				25,
				26,
				27,
				28,
				29,
				30,
				31,
				32,
				33,
				34,
				35,
				36,
				37,
				38,
				39,
				40,
				41,
				42,
				43,
				44,
				45,
				46,
				47,
				48,
				49,
				50,
				51,
				52,
				53,
				54
			]
		}
	],
	"mcmodels": "0b5420e9fdf2b6bb410f6b5c3d83ab7b"
}