{
	"format_version": "1.21.6",
	"credit": "Created by Workshop Six",
	"texture_size": [128, 128],
	"textures": {
		"1": "furniture:item/fish_drying_rack",
		"particle": "furniture:item/fish_drying_rack"
	},
	"elements": [
		{
			"from": [18.5, 0, 11.62886],
			"to": [20.5, 20, 14.62886],
			"rotation": {"angle": 0, "axis": "y", "origin": [25, 15, 13.62886]},
			"faces": {
				"north": {"uv": [0.75, 4.5, 1, 7], "texture": "#1"},
				"east": {"uv": [3.375, 0.75, 3.75, 3.25], "texture": "#1"},
				"south": {"uv": [1, 4.5, 1.25, 7], "texture": "#1"},
				"west": {"uv": [3.375, 3.25, 3.75, 5.75], "texture": "#1"},
				"up": {"uv": [6.25, 7, 6, 6.625], "texture": "#1"},
				"down": {"uv": [6.875, 6.5, 6.625, 6.875], "texture": "#1"}
			}
		},
		{
			"from": [18.5, 0, 1.62886],
			"to": [20.5, 10, 4.62886],
			"rotation": {"angle": 0, "axis": "y", "origin": [25, 15, 13.62886]},
			"faces": {
				"north": {"uv": [2.5, 5.75, 2.75, 7], "texture": "#1"},
				"east": {"uv": [4.5, 4.25, 4.875, 5.5], "texture": "#1"},
				"south": {"uv": [2.75, 5.75, 3, 7], "texture": "#1"},
				"west": {"uv": [4.875, 4.25, 5.25, 5.5], "texture": "#1"},
				"up": {"uv": [7, 0.375, 6.75, 0], "texture": "#1"},
				"down": {"uv": [4.5, 6.75, 4.25, 7.125], "texture": "#1"}
			}
		},
		{
			"from": [18.5, 20, 13.62886],
			"to": [20.5, 21, 14.62886],
			"rotation": {"angle": 0, "axis": "y", "origin": [25, 15, 13.62886]},
			"faces": {
				"north": {"uv": [6.125, 0.625, 6.375, 0.75], "texture": "#1"},
				"east": {"uv": [5.875, 5.75, 6, 5.875], "texture": "#1"},
				"south": {"uv": [3.5, 6.125, 3.75, 6.25], "texture": "#1"},
				"west": {"uv": [4, 6.125, 4.125, 6.25], "texture": "#1"},
				"up": {"uv": [4, 6.25, 3.75, 6.125], "texture": "#1"},
				"down": {"uv": [6.625, 0.625, 6.375, 0.75], "texture": "#1"}
			}
		},
		{
			"from": [18.5, 10, 3.62886],
			"to": [20.5, 11, 4.62886],
			"rotation": {"angle": 0, "axis": "y", "origin": [25, 15, 13.62886]},
			"faces": {
				"north": {"uv": [6.375, 5.375, 6.625, 5.5], "texture": "#1"},
				"east": {"uv": [5.875, 6.125, 6, 6.25], "texture": "#1"},
				"south": {"uv": [6.625, 0.625, 6.875, 0.75], "texture": "#1"},
				"west": {"uv": [6.875, 0.625, 7, 0.75], "texture": "#1"},
				"up": {"uv": [6.875, 5.5, 6.625, 5.375], "texture": "#1"},
				"down": {"uv": [7.125, 4.5, 6.875, 4.625], "texture": "#1"}
			}
		},
		{
			"from": [18, 0, -0.37114],
			"to": [21, 2, 16.62886],
			"rotation": {"angle": 0, "axis": "y", "origin": [12.18209, 4.29865, 2.79241]},
			"faces": {
				"north": {"uv": [6.625, 4, 7, 4.25], "texture": "#1"},
				"east": {"uv": [4.5, 3.25, 6.625, 3.5], "texture": "#1"},
				"south": {"uv": [5, 6.75, 5.375, 7], "texture": "#1"},
				"west": {"uv": [4.5, 3.5, 6.625, 3.75], "texture": "#1"},
				"up": {"uv": [4.5, 2.875, 4.125, 0.75], "texture": "#1"},
				"down": {"uv": [4.5, 2.875, 4.125, 5], "texture": "#1"}
			}
		},
		{
			"from": [-2.75, 5, 12.12886],
			"to": [19.25, 8, 14.12886],
			"rotation": {"angle": 0, "axis": "y", "origin": [0, 17, 13.62886]},
			"faces": {
				"north": {"uv": [3.375, 0, 6.125, 0.375], "texture": "#1"},
				"east": {"uv": [5.375, 6.75, 5.625, 7.125], "texture": "#1"},
				"south": {"uv": [3.375, 0.375, 6.125, 0.75], "texture": "#1"},
				"west": {"uv": [5.625, 6.75, 5.875, 7.125], "texture": "#1"},
				"up": {"uv": [7.25, 2, 4.5, 1.75], "texture": "#1"},
				"down": {"uv": [7.25, 2, 4.5, 2.25], "texture": "#1"}
			}
		},
		{
			"from": [8.13582, 19.26903, 16.45916],
			"to": [14.13582, 22.26903, 18.45916],
			"rotation": {"angle": 45, "axis": "x", "origin": [12, 28.76903, 12.78319]},
			"faces": {
				"north": {"uv": [5.625, 5.125, 6.375, 5.5], "texture": "#1"},
				"east": {"uv": [0, 6.875, 0.25, 7.25], "texture": "#1"},
				"south": {"uv": [1.75, 5.875, 2.5, 6.25], "texture": "#1"},
				"west": {"uv": [0.25, 6.875, 0.5, 7.25], "texture": "#1"},
				"up": {"uv": [2.5, 6.5, 1.75, 6.25], "texture": "#1"},
				"down": {"uv": [4.25, 6.25, 3.5, 6.5], "texture": "#1"}
			}
		},
		{
			"from": [7.13582, 19.26903, 16.45916],
			"to": [8.13582, 21.26903, 18.45916],
			"rotation": {"angle": 45, "axis": "x", "origin": [12, 28.76903, 12.78319]},
			"faces": {
				"north": {"uv": [2.5, 5.5, 2.625, 5.75], "texture": "#1"},
				"east": {"uv": [7, 6, 7.25, 6.25], "texture": "#1"},
				"south": {"uv": [6.25, 6.625, 6.375, 6.875], "texture": "#1"},
				"west": {"uv": [7, 6.25, 7.25, 6.5], "texture": "#1"},
				"up": {"uv": [3.5, 7.25, 3.375, 7], "texture": "#1"},
				"down": {"uv": [7.25, 2.75, 7.125, 3], "texture": "#1"}
			}
		},
		{
			"from": [9.21194, 18.26903, 17.84185],
			"to": [12.21194, 20.26903, 17.84185],
			"rotation": {"angle": 45, "axis": "x", "origin": [12, 28.76903, 12.78319]},
			"faces": {
				"north": {"uv": [1.75, 6.875, 2.125, 7.125], "texture": "#1"},
				"east": {"uv": [0, 0, 0, 0.25], "texture": "#1"},
				"south": {"uv": [2.125, 6.875, 2.5, 7.125], "texture": "#1"},
				"west": {"uv": [0, 0, 0, 0.25], "texture": "#1"},
				"up": {"uv": [0.375, 0, 0, 0], "texture": "#1"},
				"down": {"uv": [0.375, 0, 0, 0], "texture": "#1"}
			}
		},
		{
			"from": [13.63582, 19.26903, 17.45916],
			"to": [16.63582, 22.26903, 17.45916],
			"rotation": {"angle": 45, "axis": "x", "origin": [12, 28.76903, 12.78319]},
			"faces": {
				"north": {"uv": [5.5, 6.375, 5.875, 6.75], "texture": "#1"},
				"east": {"uv": [0, 0, 0, 0.375], "texture": "#1"},
				"south": {"uv": [1.75, 6.5, 2.125, 6.875], "texture": "#1"},
				"west": {"uv": [0, 0, 0, 0.375], "texture": "#1"},
				"up": {"uv": [0.375, 0, 0, 0], "texture": "#1"},
				"down": {"uv": [0.375, 0, 0, 0], "texture": "#1"}
			}
		},
		{
			"from": [9.63582, 21.26903, 17.45916],
			"to": [13.63582, 23.26903, 17.45916],
			"rotation": {"angle": 45, "axis": "x", "origin": [12, 28.76903, 12.78319]},
			"faces": {
				"north": {"uv": [0, 6.625, 0.5, 6.875], "texture": "#1"},
				"east": {"uv": [0, 0, 0, 0.25], "texture": "#1"},
				"south": {"uv": [6.625, 3.25, 7.125, 3.5], "texture": "#1"},
				"west": {"uv": [0, 0, 0, 0.25], "texture": "#1"},
				"up": {"uv": [0.5, 0, 0, 0], "texture": "#1"},
				"down": {"uv": [0.5, 0, 0, 0], "texture": "#1"}
			}
		},
		{
			"from": [8.86418, 8.16903, 16.45916],
			"to": [14.86418, 11.16903, 18.45916],
			"rotation": {"angle": 45, "axis": "x", "origin": [20, 28.76903, 12.78319]},
			"faces": {
				"north": {"uv": [6.375, 5.125, 5.625, 5.5], "texture": "#1"},
				"east": {"uv": [0.5, 6.875, 0.25, 7.25], "texture": "#1"},
				"south": {"uv": [2.5, 5.875, 1.75, 6.25], "texture": "#1"},
				"west": {"uv": [0.25, 6.875, 0, 7.25], "texture": "#1"},
				"up": {"uv": [1.75, 6.5, 2.5, 6.25], "texture": "#1"},
				"down": {"uv": [3.5, 6.25, 4.25, 6.5], "texture": "#1"}
			}
		},
		{
			"from": [14.86418, 8.26903, 16.45916],
			"to": [15.86418, 10.26903, 18.45916],
			"rotation": {"angle": 45, "axis": "x", "origin": [20, 28.76903, 12.78319]},
			"faces": {
				"north": {"uv": [2.625, 5.5, 2.5, 5.75], "texture": "#1"},
				"east": {"uv": [7.25, 6.25, 7, 6.5], "texture": "#1"},
				"south": {"uv": [6.375, 6.625, 6.25, 6.875], "texture": "#1"},
				"west": {"uv": [7.25, 6, 7, 6.25], "texture": "#1"},
				"up": {"uv": [3.375, 7.25, 3.5, 7], "texture": "#1"},
				"down": {"uv": [7.125, 2.75, 7.25, 3], "texture": "#1"}
			}
		},
		{
			"from": [10.78806, 7.16903, 17.84185],
			"to": [13.78806, 9.16903, 17.84185],
			"rotation": {"angle": 45, "axis": "x", "origin": [20, 28.76903, 12.78319]},
			"faces": {
				"north": {"uv": [2.125, 6.875, 1.75, 7.125], "texture": "#1"},
				"east": {"uv": [0, 0, 0, 0.25], "texture": "#1"},
				"south": {"uv": [2.5, 6.875, 2.125, 7.125], "texture": "#1"},
				"west": {"uv": [0, 0, 0, 0.25], "texture": "#1"},
				"up": {"uv": [0, 0, 0.375, 0], "texture": "#1"},
				"down": {"uv": [0, 0, 0.375, 0], "texture": "#1"}
			}
		},
		{
			"from": [9.36418, 10.16903, 17.45916],
			"to": [13.36418, 12.16903, 17.45916],
			"rotation": {"angle": 45, "axis": "x", "origin": [20, 28.76903, 12.78319]},
			"faces": {
				"north": {"uv": [0.5, 6.625, 0, 6.875], "texture": "#1"},
				"east": {"uv": [0, 0, 0, 0.25], "texture": "#1"},
				"south": {"uv": [7.125, 3.25, 6.625, 3.5], "texture": "#1"},
				"west": {"uv": [0, 0, 0, 0.25], "texture": "#1"},
				"up": {"uv": [0, 0, 0.5, 0], "texture": "#1"},
				"down": {"uv": [0, 0, 0.5, 0], "texture": "#1"}
			}
		},
		{
			"from": [6.36418, 8.16903, 17.45916],
			"to": [9.36418, 11.16903, 17.45916],
			"rotation": {"angle": 45, "axis": "x", "origin": [20, 28.76903, 12.78319]},
			"faces": {
				"north": {"uv": [5.875, 6.375, 5.5, 6.75], "texture": "#1"},
				"east": {"uv": [0, 0, 0, 0.375], "texture": "#1"},
				"south": {"uv": [2.125, 6.5, 1.75, 6.875], "texture": "#1"},
				"west": {"uv": [0, 0, 0, 0.375], "texture": "#1"},
				"up": {"uv": [0, 0, 0.375, 0], "texture": "#1"},
				"down": {"uv": [0, 0, 0.375, 0], "texture": "#1"}
			}
		},
		{
			"from": [6.71194, 13.76903, 16.84185],
			"to": [13.71194, 16.76903, 18.84185],
			"rotation": {"angle": 45, "axis": "x", "origin": [12, 28.76903, 12.78319]},
			"faces": {
				"north": {"uv": [5, 5.5, 5.875, 5.875], "texture": "#1"},
				"east": {"uv": [4, 6.875, 4.25, 7.25], "texture": "#1"},
				"south": {"uv": [5.625, 4.25, 6.5, 4.625], "texture": "#1"},
				"west": {"uv": [6.875, 5.375, 7.125, 5.75], "texture": "#1"},
				"up": {"uv": [7, 0.625, 6.125, 0.375], "texture": "#1"},
				"down": {"uv": [5.875, 6.125, 5, 6.375], "texture": "#1"}
			}
		},
		{
			"from": [8.28806, 15.76903, 18.22453],
			"to": [12.28806, 17.76903, 18.22453],
			"rotation": {"angle": 45, "axis": "x", "origin": [12, 28.76903, 12.78319]},
			"faces": {
				"north": {"uv": [6.625, 3.5, 7.125, 3.75], "texture": "#1"},
				"east": {"uv": [0, 0, 0, 0.25], "texture": "#1"},
				"south": {"uv": [6.625, 3.75, 7.125, 4], "texture": "#1"},
				"west": {"uv": [0, 0, 0, 0.25], "texture": "#1"},
				"up": {"uv": [0.5, 0, 0, 0], "texture": "#1"},
				"down": {"uv": [0.5, 0, 0, 0], "texture": "#1"}
			}
		},
		{
			"from": [13.21194, 13.76903, 17.84185],
			"to": [16.21194, 16.76903, 17.84185],
			"rotation": {"angle": 45, "axis": "x", "origin": [12, 28.76903, 12.78319]},
			"faces": {
				"north": {"uv": [3.875, 6.5, 4.25, 6.875], "texture": "#1"},
				"east": {"uv": [0, 0, 0, 0.375], "texture": "#1"},
				"south": {"uv": [6.5, 4.25, 6.875, 4.625], "texture": "#1"},
				"west": {"uv": [0, 0, 0, 0.375], "texture": "#1"},
				"up": {"uv": [0.375, 0, 0, 0], "texture": "#1"},
				"down": {"uv": [0.375, 0, 0, 0], "texture": "#1"}
			}
		},
		{
			"from": [8.78806, 12.76903, 18.22453],
			"to": [11.78806, 14.76903, 18.22453],
			"rotation": {"angle": 45, "axis": "x", "origin": [12, 28.76903, 12.78319]},
			"faces": {
				"north": {"uv": [6.875, 6.5, 7.25, 6.75], "texture": "#1"},
				"east": {"uv": [0, 0, 0, 0.25], "texture": "#1"},
				"south": {"uv": [6.625, 6.875, 7, 7.125], "texture": "#1"},
				"west": {"uv": [0, 0, 0, 0.25], "texture": "#1"},
				"up": {"uv": [0.375, 0, 0, 0], "texture": "#1"},
				"down": {"uv": [0.375, 0, 0, 0], "texture": "#1"}
			}
		},
		{
			"from": [5.78806, 13.76903, 16.84953],
			"to": [6.78806, 15.76903, 18.84953],
			"rotation": {"angle": 45, "axis": "x", "origin": [12, 28.76903, 12.78319]},
			"faces": {
				"north": {"uv": [4.25, 7.125, 4.375, 7.375], "texture": "#1"},
				"east": {"uv": [2, 7.125, 2.25, 7.375], "texture": "#1"},
				"south": {"uv": [4.375, 7.125, 4.5, 7.375], "texture": "#1"},
				"west": {"uv": [2.25, 7.125, 2.5, 7.375], "texture": "#1"},
				"up": {"uv": [4.625, 7.375, 4.5, 7.125], "texture": "#1"},
				"down": {"uv": [4.75, 7.125, 4.625, 7.375], "texture": "#1"}
			}
		},
		{
			"from": [0.04981, 10.19268, -3.27987],
			"to": [3.04981, 21.19268, -1.27987],
			"rotation": {"angle": 45, "axis": "x", "origin": [12.18209, 4.29865, 2.79241]},
			"faces": {
				"north": {"uv": [1.75, 4.5, 2.125, 5.875], "texture": "#1"},
				"east": {"uv": [4.5, 5.5, 4.75, 6.875], "texture": "#1"},
				"south": {"uv": [2.125, 4.5, 2.5, 5.875], "texture": "#1"},
				"west": {"uv": [4.75, 5.5, 5, 6.875], "texture": "#1"},
				"up": {"uv": [7.375, 0.25, 7, 0], "texture": "#1"},
				"down": {"uv": [7.375, 0.25, 7, 0.5], "texture": "#1"}
			}
		},
		{
			"from": [2.04981, 13.69268, -2.27987],
			"to": [4.04981, 17.69268, -2.27987],
			"rotation": {"angle": 45, "axis": "x", "origin": [12.18209, 4.29865, 2.79241]},
			"faces": {
				"north": {"uv": [4.25, 6.25, 4.5, 6.75], "texture": "#1"},
				"east": {"uv": [0, 0, 0, 0.5], "texture": "#1"},
				"south": {"uv": [6.375, 6.5, 6.625, 7], "texture": "#1"},
				"west": {"uv": [0, 0, 0, 0.5], "texture": "#1"},
				"up": {"uv": [0.25, 0, 0, 0], "texture": "#1"},
				"down": {"uv": [0.25, 0, 0, 0], "texture": "#1"}
			}
		},
		{
			"from": [-0.45019, 7.69268, -2.27987],
			"to": [3.54981, 10.69268, -2.27987],
			"rotation": {"angle": 45, "axis": "x", "origin": [12.18209, 4.29865, 2.79241]},
			"faces": {
				"north": {"uv": [5.875, 6.25, 6.375, 6.625], "texture": "#1"},
				"east": {"uv": [0, 0, 0, 0.375], "texture": "#1"},
				"south": {"uv": [5, 6.375, 5.5, 6.75], "texture": "#1"},
				"west": {"uv": [0, 0, 0, 0.375], "texture": "#1"},
				"up": {"uv": [0.5, 0, 0, 0], "texture": "#1"},
				"down": {"uv": [0.5, 0, 0, 0], "texture": "#1"}
			}
		},
		{
			"from": [-0.95019, 16.11656, -1.89719],
			"to": [1.04981, 19.11656, -1.89719],
			"rotation": {"angle": 45, "axis": "x", "origin": [12.18209, 4.29865, 2.79241]},
			"faces": {
				"north": {"uv": [0.75, 7, 1, 7.375], "texture": "#1"},
				"east": {"uv": [0, 0, 0, 0.375], "texture": "#1"},
				"south": {"uv": [1, 7, 1.25, 7.375], "texture": "#1"},
				"west": {"uv": [0, 0, 0, 0.375], "texture": "#1"},
				"up": {"uv": [0.25, 0, 0, 0], "texture": "#1"},
				"down": {"uv": [0.25, 0, 0, 0], "texture": "#1"}
			}
		},
		{
			"from": [-0.95019, 12.11656, -1.89719],
			"to": [1.04981, 15.11656, -1.89719],
			"rotation": {"angle": 45, "axis": "x", "origin": [12.18209, 4.29865, 2.79241]},
			"faces": {
				"north": {"uv": [1.25, 7, 1.5, 7.375], "texture": "#1"},
				"east": {"uv": [0, 0, 0, 0.375], "texture": "#1"},
				"south": {"uv": [1.5, 7, 1.75, 7.375], "texture": "#1"},
				"west": {"uv": [0, 0, 0, 0.375], "texture": "#1"},
				"up": {"uv": [0.25, 0, 0, 0], "texture": "#1"},
				"down": {"uv": [0.25, 0, 0, 0], "texture": "#1"}
			}
		},
		{
			"from": [0.04981, 21.11656, -3.27219],
			"to": [2.04981, 22.11656, -1.27219],
			"rotation": {"angle": 45, "axis": "x", "origin": [12.18209, 4.29865, 2.79241]},
			"faces": {
				"north": {"uv": [7.125, 4.5, 7.375, 4.625], "texture": "#1"},
				"east": {"uv": [5.375, 7.125, 5.625, 7.25], "texture": "#1"},
				"south": {"uv": [7.125, 5.375, 7.375, 5.5], "texture": "#1"},
				"west": {"uv": [7.125, 5.5, 7.375, 5.625], "texture": "#1"},
				"up": {"uv": [7.375, 2.5, 7.125, 2.25], "texture": "#1"},
				"down": {"uv": [7.375, 2.5, 7.125, 2.75], "texture": "#1"}
			}
		},
		{
			"from": [-2.5, 15.25, -1.57114],
			"to": [18.5, 16.25, 0.42886],
			"rotation": {"angle": -45, "axis": "x", "origin": [8, 13.05546, 9.34853]},
			"faces": {
				"north": {"uv": [5.625, 4.625, 8.25, 4.75], "texture": "#1"},
				"east": {"uv": [5.625, 7.125, 5.875, 7.25], "texture": "#1"},
				"south": {"uv": [5.625, 4.75, 8.25, 4.875], "texture": "#1"},
				"west": {"uv": [7.125, 5.625, 7.375, 5.75], "texture": "#1"},
				"up": {"uv": [7.125, 2.5, 4.5, 2.25], "texture": "#1"},
				"down": {"uv": [7.125, 2.5, 4.5, 2.75], "texture": "#1"}
			}
		},
		{
			"from": [-2.5, 21.58866, 13.57107],
			"to": [18.5, 22.58866, 15.57107],
			"rotation": {"angle": -45, "axis": "x", "origin": [8, 22.08866, 14.57107]},
			"faces": {
				"north": {"uv": [5.625, 4.875, 8.25, 5], "texture": "#1"},
				"east": {"uv": [6.625, 7.125, 6.875, 7.25], "texture": "#1"},
				"south": {"uv": [5.625, 5, 8.25, 5.125], "texture": "#1"},
				"west": {"uv": [0, 7.25, 0.25, 7.375], "texture": "#1"},
				"up": {"uv": [7.125, 3, 4.5, 2.75], "texture": "#1"},
				"down": {"uv": [7.125, 3, 4.5, 3.25], "texture": "#1"}
			}
		},
		{
			"from": [-2.5, 15.5, 0.42886],
			"to": [18.5, 15.5, 18.42886],
			"rotation": {"angle": -45, "axis": "x", "origin": [8, 13.05546, 9.34853]},
			"faces": {
				"north": {"uv": [0, 0, 2.625, 0], "texture": "#1"},
				"east": {"uv": [0, 0, 2.25, 0], "texture": "#1"},
				"south": {"uv": [0, 0, 2.625, 0], "texture": "#1"},
				"west": {"uv": [0, 0, 2.25, 0], "texture": "#1"},
				"up": {"uv": [2.625, 2.25, 0, 0], "texture": "#1"},
				"down": {"uv": [2.625, 2.25, 0, 4.5], "texture": "#1"}
			}
		},
		{
			"from": [18, 16.70406, -8.52064],
			"to": [21, 18.70406, 14.47936],
			"rotation": {"angle": -45, "axis": "x", "origin": [7.75, 21.70406, 8.47936]},
			"faces": {
				"north": {"uv": [7, 0.5, 7.375, 0.75], "texture": "#1"},
				"east": {"uv": [4.5, 0.75, 7.375, 1], "texture": "#1"},
				"south": {"uv": [2.5, 7, 2.875, 7.25], "texture": "#1"},
				"west": {"uv": [4.5, 1, 7.375, 1.25], "texture": "#1"},
				"up": {"uv": [3, 2.875, 2.625, 0], "texture": "#1"},
				"down": {"uv": [3, 2.875, 2.625, 5.75], "texture": "#1"}
			}
		},
		{
			"from": [19, 5.61827, 4.57556],
			"to": [20, 7.61827, 12.57556],
			"rotation": {"angle": 0, "axis": "y", "origin": [8, 13.05546, 9.34853]},
			"faces": {
				"north": {"uv": [4.75, 7.125, 4.875, 7.375], "texture": "#1"},
				"east": {"uv": [5, 5.875, 6, 6.125], "texture": "#1"},
				"south": {"uv": [6.875, 7.125, 7, 7.375], "texture": "#1"},
				"west": {"uv": [5.875, 5.5, 6.875, 5.75], "texture": "#1"},
				"up": {"uv": [2.625, 5.5, 2.5, 4.5], "texture": "#1"},
				"down": {"uv": [0.625, 6.625, 0.5, 7.625], "texture": "#1"}
			}
		},
		{
			"from": [-4.75, 0, 11.62886],
			"to": [-2.75, 20, 14.62886],
			"rotation": {"angle": 0, "axis": "y", "origin": [-9.25, 15, 13.62886]},
			"faces": {
				"north": {"uv": [1.25, 4.5, 1.5, 7], "texture": "#1"},
				"east": {"uv": [3.75, 0.75, 4.125, 3.25], "texture": "#1"},
				"south": {"uv": [1.5, 4.5, 1.75, 7], "texture": "#1"},
				"west": {"uv": [3.75, 3.25, 4.125, 5.75], "texture": "#1"},
				"up": {"uv": [3.125, 7.375, 2.875, 7], "texture": "#1"},
				"down": {"uv": [3.375, 7, 3.125, 7.375], "texture": "#1"}
			}
		},
		{
			"from": [-4, 5.61827, 4.57556],
			"to": [-3, 7.61827, 12.57556],
			"rotation": {"angle": 0, "axis": "y", "origin": [8, 13.05546, 9.34853]},
			"faces": {
				"north": {"uv": [0.25, 7.25, 0.375, 7.5], "texture": "#1"},
				"east": {"uv": [6, 5.75, 7, 6], "texture": "#1"},
				"south": {"uv": [0.375, 7.25, 0.5, 7.5], "texture": "#1"},
				"west": {"uv": [6, 6, 7, 6.25], "texture": "#1"},
				"up": {"uv": [0.75, 7.625, 0.625, 6.625], "texture": "#1"},
				"down": {"uv": [6, 6.625, 5.875, 7.625], "texture": "#1"}
			}
		},
		{
			"from": [-4.75, 20, 13.62886],
			"to": [-2.75, 21, 14.62886],
			"rotation": {"angle": 0, "axis": "y", "origin": [-9.25, 15, 13.62886]},
			"faces": {
				"north": {"uv": [7.25, 1.75, 7.5, 1.875], "texture": "#1"},
				"east": {"uv": [4.875, 6.875, 5, 7], "texture": "#1"},
				"south": {"uv": [7.25, 1.875, 7.5, 2], "texture": "#1"},
				"west": {"uv": [6.25, 6.875, 6.375, 7], "texture": "#1"},
				"up": {"uv": [7.5, 2.125, 7.25, 2], "texture": "#1"},
				"down": {"uv": [7.5, 2.125, 7.25, 2.25], "texture": "#1"}
			}
		},
		{
			"from": [-4.75, 0, 1.62886],
			"to": [-2.75, 10, 4.62886],
			"rotation": {"angle": 0, "axis": "y", "origin": [-9.25, 15, 13.62886]},
			"faces": {
				"north": {"uv": [3, 5.75, 3.25, 7], "texture": "#1"},
				"east": {"uv": [4.125, 5, 4.5, 6.25], "texture": "#1"},
				"south": {"uv": [3.25, 5.75, 3.5, 7], "texture": "#1"},
				"west": {"uv": [5.25, 4.25, 5.625, 5.5], "texture": "#1"},
				"up": {"uv": [5.125, 7.375, 4.875, 7], "texture": "#1"},
				"down": {"uv": [5.375, 7, 5.125, 7.375], "texture": "#1"}
			}
		},
		{
			"from": [-4.75, 10, 3.62886],
			"to": [-2.75, 11, 4.62886],
			"rotation": {"angle": 0, "axis": "y", "origin": [-9.25, 15, 13.62886]},
			"faces": {
				"north": {"uv": [2.5, 7.25, 2.75, 7.375], "texture": "#1"},
				"east": {"uv": [6.875, 6.75, 7, 6.875], "texture": "#1"},
				"south": {"uv": [7.25, 2.75, 7.5, 2.875], "texture": "#1"},
				"west": {"uv": [2.75, 7.25, 2.875, 7.375], "texture": "#1"},
				"up": {"uv": [7.5, 3, 7.25, 2.875], "texture": "#1"},
				"down": {"uv": [7.5, 3, 7.25, 3.125], "texture": "#1"}
			}
		},
		{
			"from": [-5.25, 0, -0.37114],
			"to": [-2.25, 2, 16.62886],
			"rotation": {"angle": 0, "axis": "y", "origin": [3.56791, 4.29865, 2.79241]},
			"faces": {
				"north": {"uv": [7, 4, 7.375, 4.25], "texture": "#1"},
				"east": {"uv": [4.5, 3.75, 6.625, 4], "texture": "#1"},
				"south": {"uv": [7, 5.125, 7.375, 5.375], "texture": "#1"},
				"west": {"uv": [4.5, 4, 6.625, 4.25], "texture": "#1"},
				"up": {"uv": [0.375, 6.625, 0, 4.5], "texture": "#1"},
				"down": {"uv": [0.75, 4.5, 0.375, 6.625], "texture": "#1"}
			}
		},
		{
			"from": [-5.25, 16.70406, -8.52064],
			"to": [-2.25, 18.70406, 14.47936],
			"rotation": {"angle": -45, "axis": "x", "origin": [7.5, 21.70406, 8.47936]},
			"faces": {
				"north": {"uv": [7, 5.75, 7.375, 6], "texture": "#1"},
				"east": {"uv": [4.5, 1.25, 7.375, 1.5], "texture": "#1"},
				"south": {"uv": [6, 7, 6.375, 7.25], "texture": "#1"},
				"west": {"uv": [4.5, 1.5, 7.375, 1.75], "texture": "#1"},
				"up": {"uv": [3.375, 2.875, 3, 0], "texture": "#1"},
				"down": {"uv": [3.375, 2.875, 3, 5.75], "texture": "#1"}
			}
		}
	],
	"gui_light": "front",
	"display": {
		"thirdperson_righthand": {
			"rotation": [49, 0, 0],
			"translation": [1.75, 1, -0.5],
			"scale": [0.25, 0.25, 0.25]
		},
		"thirdperson_lefthand": {
			"rotation": [49, 0, 0],
			"translation": [-1, 1, -0.5],
			"scale": [0.25, 0.25, 0.25]
		},
		"firstperson_righthand": {
			"rotation": [-180, 76.75, -180],
			"translation": [-1.25, 4.5, 2.75],
			"scale": [0.14, 0.14, 0.14]
		},
		"firstperson_lefthand": {
			"rotation": [-180, 76.75, -180],
			"translation": [-1.25, 5.75, 5.25],
			"scale": [0.14, 0.14, 0.14]
		},
		"ground": {
			"translation": [2, 3.25, 0],
			"scale": [0.25, 0.25, 0.25]
		},
		"gui": {
			"rotation": [18.25, 158, 0],
			"translation": [-3.25, -1, 0],
			"scale": [0.41, 0.41, 0.41]
		},
		"head": {
			"scale": [0, 0, 0]
		},
		"fixed": {
			"rotation": [-90, 0, 0],
			"translation": [-15.75, 0, -16],
			"scale": [2, 2, 2]
		}
	},
	"groups": [
		{
			"name": "group",
			"origin": [9, -1, -5.87886],
			"color": 0,
			"children": [
				0,
				1,
				2,
				3,
				4,
				5,
				{
					"name": "group",
					"origin": [15, 15.5, 2.62114],
					"color": 0,
					"children": [6, 7, 8, 9, 10, 11, 12, 13, 14, 15, 16, 17, 18, 19, 20, 21, 22, 23, 24, 25, 26]
				},
				27,
				28,
				29,
				30,
				31,
				32,
				33,
				34,
				35,
				36,
				37,
				38
			]
		}
	],
	"mcmodels": "0b5420e9fdf2b6bb410f6b5c3d83ab7b"
}