{
	"format_version": "1.21.6",
	"credit": "Made with Blockbench",
	"texture_size": [128, 128],
	"textures": {
		"1": "furniture:item/hanging_lantern_flame",
		"4": "furniture:item/hanging_lantern",
		"particle": "furniture:item/hanging_lantern_flame"
	},
	"elements": [
		{
			"from": [0, 3, 8],
			"to": [16, 15, 8],
			"rotation": {"angle": 0, "axis": "y", "origin": [8, 4.65, 8]},
			"faces": {
				"north": {"uv": [0, 0, 16, 16], "texture": "#1"},
				"east": {"uv": [0, 0, 0, 3], "texture": "#1"},
				"south": {"uv": [0, 0, 16, 16], "texture": "#1"},
				"west": {"uv": [0, 0, 0, 3], "texture": "#1"},
				"up": {"uv": [0, 0, 0, 3], "rotation": 270, "texture": "#1"},
				"down": {"uv": [0, 0, 0, 3], "rotation": 90, "texture": "#1"}
			}
		},
		{
			"from": [8, 3, 0],
			"to": [8, 15, 16],
			"rotation": {"angle": 0, "axis": "y", "origin": [8, 4.65, 8]},
			"faces": {
				"north": {"uv": [0, 0, 0, 3], "texture": "#1"},
				"east": {"uv": [0, 0, 16, 16], "texture": "#1"},
				"south": {"uv": [0, 0, 0, 3], "texture": "#1"},
				"west": {"uv": [0, 0, 16, 16], "texture": "#1"},
				"up": {"uv": [0, 0, 0, 3], "rotation": 180, "texture": "#1"},
				"down": {"uv": [0, 0, 0, 3], "rotation": 180, "texture": "#1"}
			}
		},
		{
			"from": [-6.12847, 0.5412, 7.999],
			"to": [-3.12847, 29.5412, 7.999],
			"rotation": {"angle": -22.5, "axis": "z", "origin": [-4.12847, 1.5412, 7.999]},
			"faces": {
				"north": {"uv": [1.375, 5, 1.75, 8.625], "texture": "#4"},
				"south": {"uv": [1.375, 5, 1.75, 8.625], "texture": "#4"}
			}
		},
		{
			"from": [19.12847, 0.5412, 7.999],
			"to": [22.12847, 29.5412, 7.999],
			"rotation": {"angle": 22.5, "axis": "z", "origin": [20.12847, 1.5412, 7.999]},
			"faces": {
				"north": {"uv": [1.375, 5, 1.75, 8.625], "texture": "#4"},
				"south": {"uv": [1.75, 5, 1.375, 8.625], "texture": "#4"}
			}
		},
		{
			"from": [8, -3.1362, -0.36005],
			"to": [8, 25.8638, 2.63995],
			"rotation": {"angle": 22.5, "axis": "x", "origin": [8, 14.20491, 7.999]},
			"faces": {
				"east": {"uv": [1.75, 5, 1.375, 8.625], "texture": "#4"},
				"west": {"uv": [1.375, 5, 1.75, 8.625], "texture": "#4"}
			}
		},
		{
			"from": [8, -3.1362, 13.35805],
			"to": [8, 25.8638, 16.35805],
			"rotation": {"angle": -22.5, "axis": "x", "origin": [8, 14.20491, 7.999]},
			"faces": {
				"east": {"uv": [1.375, 5, 1.75, 8.625], "texture": "#4"},
				"west": {"uv": [1.75, 5, 1.375, 8.625], "texture": "#4"}
			}
		},
		{
			"from": [5.5, 27, 5.5],
			"to": [10.5, 28, 10.5],
			"rotation": {"angle": 0, "axis": "y", "origin": [6.5, 25, 6.5]},
			"faces": {
				"north": {"uv": [6.375, 3, 7, 3.125], "texture": "#4"},
				"east": {"uv": [6.375, 3.25, 7, 3.375], "texture": "#4"},
				"south": {"uv": [6.375, 3.5, 7, 3.625], "texture": "#4"},
				"west": {"uv": [6.375, 3.75, 7, 3.875], "texture": "#4"},
				"up": {"uv": [3.25, 6.375, 2.625, 5.75], "texture": "#4"},
				"down": {"uv": [4, 5.75, 3.375, 6.375], "texture": "#4"}
			}
		},
		{
			"from": [6.5, 28, 6.5],
			"to": [9.5, 31, 9.5],
			"rotation": {"angle": 0, "axis": "y", "origin": [6.5, 28, 6.5]},
			"faces": {
				"north": {"uv": [3.625, 5, 4, 5.375], "texture": "#4"},
				"east": {"uv": [5.875, 3, 6.25, 3.375], "texture": "#4"},
				"south": {"uv": [5.875, 3.5, 6.25, 3.875], "texture": "#4"},
				"west": {"uv": [5.875, 4, 6.25, 4.375], "texture": "#4"},
				"up": {"uv": [4.5, 6.5, 4.125, 6.125], "texture": "#4"},
				"down": {"uv": [5, 6.125, 4.625, 6.5], "texture": "#4"}
			}
		},
		{
			"from": [5.5, 31, 5.5],
			"to": [10.5, 32, 10.5],
			"rotation": {"angle": 0, "axis": "y", "origin": [6.5, 29, 6.5]},
			"faces": {
				"north": {"uv": [5.875, 4.5, 6.5, 4.625], "texture": "#4"},
				"east": {"uv": [5.125, 6.25, 5.75, 6.375], "texture": "#4"},
				"south": {"uv": [5.875, 6.25, 6.5, 6.375], "texture": "#4"},
				"west": {"uv": [0, 6.375, 0.625, 6.5], "texture": "#4"},
				"up": {"uv": [6.25, 6.125, 5.625, 5.5], "texture": "#4"},
				"down": {"uv": [2.5, 5.75, 1.875, 6.375], "texture": "#4"}
			}
		},
		{
			"from": [1.5, -2.2, 1.5],
			"to": [14.5, 2.8, 14.5],
			"rotation": {"angle": 45, "axis": "y", "origin": [8, 4.65, 8]},
			"faces": {
				"north": {"uv": [5, 0, 6.625, 0.625], "texture": "#4"},
				"east": {"uv": [5, 0.75, 6.625, 1.375], "texture": "#4"},
				"south": {"uv": [1.875, 5, 3.5, 5.625], "texture": "#4"},
				"west": {"uv": [5.625, 4.75, 7.25, 5.375], "texture": "#4"},
				"up": {"uv": [4.125, 3.125, 2.5, 1.5], "texture": "#4"},
				"down": {"uv": [4.125, 3.25, 2.5, 4.875], "texture": "#4"}
			}
		},
		{
			"from": [3, -4, 3],
			"to": [13, -2, 13],
			"rotation": {"angle": 45, "axis": "y", "origin": [8, -3, 8]},
			"faces": {
				"north": {"uv": [5.875, 1.5, 7.125, 1.75], "texture": "#4"},
				"east": {"uv": [5.875, 1.875, 7.125, 2.125], "texture": "#4"},
				"south": {"uv": [5.875, 2.25, 7.125, 2.5], "texture": "#4"},
				"west": {"uv": [5.875, 2.625, 7.125, 2.875], "texture": "#4"},
				"up": {"uv": [5.5, 6, 4.25, 4.75], "texture": "#4"},
				"down": {"uv": [1.25, 5, 0, 6.25], "texture": "#4"}
			}
		},
		{
			"from": [-3, -6, -2.12132],
			"to": [16, 5, 16.87868],
			"rotation": {"angle": 45, "axis": "y", "origin": [8, -4, 5.87868]},
			"faces": {
				"north": {"uv": [2.5, 0, 4.875, 1.375], "texture": "#4"},
				"east": {"uv": [2.5, 0, 4.875, 1.375], "texture": "#4"},
				"south": {"uv": [2.5, 0, 4.875, 1.375], "texture": "#4"},
				"west": {"uv": [2.5, 0, 4.875, 1.375], "texture": "#4"},
				"up": {"uv": [2.375, 2.375, 0, 0], "texture": "#4"},
				"down": {"uv": [2.375, 2.5, 0, 4.875], "texture": "#4"}
			}
		},
		{
			"from": [10.43503, -6, -15.55635],
			"to": [-8.56497, 5, 3.44365],
			"rotation": {"angle": 45, "axis": "y", "origin": [21.43503, -4, -7.55635]},
			"faces": {
				"north": {"uv": [2.5, 0, 4.875, 1.375], "texture": "#4"},
				"east": {"uv": [2.5, 0, 4.875, 1.375], "texture": "#4"},
				"south": {"uv": [2.5, 0, 4.875, 1.375], "texture": "#4"},
				"west": {"uv": [2.5, 0, 4.875, 1.375], "texture": "#4"},
				"up": {"uv": [2.375, 2.375, 0, 0], "texture": "#4"},
				"down": {"uv": [2.375, 2.5, 0, 4.875], "texture": "#4"}
			}
		},
		{
			"from": [3.5, -16, 2.62132],
			"to": [15.5, -4, 14.62132],
			"rotation": {"angle": 45, "axis": "y", "origin": [8, -9, 10.12132]},
			"faces": {
				"north": {"uv": [4.25, 1.5, 5.75, 3], "texture": "#4"},
				"east": {"uv": [4.25, 1.5, 5.75, 3], "texture": "#4"},
				"south": {"uv": [4.25, 1.5, 5.75, 3], "texture": "#4"},
				"west": {"uv": [4.25, 1.5, 5.75, 3], "texture": "#4"},
				"up": {"uv": [5.75, 4.625, 4.25, 3.125], "texture": "#4"}
			}
		},
		{
			"from": [11.98528, -16, -5.86396],
			"to": [-0.01472, -4, 6.13604],
			"rotation": {"angle": 45, "axis": "y", "origin": [16.48528, -9, 1.63604]},
			"faces": {
				"north": {"uv": [4.25, 1.5, 5.75, 3], "texture": "#4"},
				"east": {"uv": [4.25, 1.5, 5.75, 3], "texture": "#4"},
				"south": {"uv": [4.25, 1.5, 5.75, 3], "texture": "#4"},
				"west": {"uv": [4.25, 1.5, 5.75, 3], "texture": "#4"}
			}
		}
	],
	"gui_light": "front",
	"display": {
		"thirdperson_righthand": {
			"rotation": [75, 45, 0],
			"translation": [0, 2.5, 0],
			"scale": [0.25, 0.25, 0.25]
		},
		"thirdperson_lefthand": {
			"rotation": [75, 45, 0],
			"translation": [0, 2.5, 0],
			"scale": [0.25, 0.25, 0.25]
		},
		"firstperson_righthand": {
			"rotation": [0, 45, 0],
			"scale": [0.25, 0.25, 0.25]
		},
		"firstperson_lefthand": {
			"rotation": [0, -135, 0],
			"scale": [0.25, 0.25, 0.25]
		},
		"ground": {
			"translation": [0, 3, 0],
			"scale": [0.25, 0.25, 0.25]
		},
		"gui": {
			"rotation": [15, 150, 0],
			"translation": [0, -0.25, 0],
			"scale": [0.3, 0.3, 0.3]
		},
		"fixed": {
			"rotation": [-90, 45, -180],
			"translation": [0, 0, -48],
			"scale": [2, 2, 2]
		}
	},
	"groups": [
		{
			"name": "group2",
			"origin": [8, 18.8, 6],
			"color": 0,
			"children": [
				{
					"name": "bone",
					"origin": [8, 19, 8],
					"color": 0,
					"children": [0, 1]
				},
				{
					"name": "group",
					"origin": [8, 8, 8],
					"color": 0,
					"children": [
						{
							"name": "group",
							"origin": [8, 14.20491, 7.999],
							"color": 0,
							"children": [2, 3, 4, 5]
						},
						{
							"name": "group",
							"origin": [6.5, 29, 6.5],
							"color": 0,
							"children": [6, 7, 8]
						}
					]
				},
				{
					"name": "group",
					"origin": [8, 1, 8],
					"color": 0,
					"children": [
						9,
						10,
						{
							"name": "group",
							"origin": [21.43503, 1, -7.55635],
							"color": 0,
							"children": [11, 12, 13, 14]
						}
					]
				}
			]
		}
	]
}