{
	"format_version": "1.21.6",
	"credit": "Made with Blockbench",
	"ambientocclusion": false,
	"texture_size": [64, 64],
	"textures": {
		"0": "furniture:item/heart_bear",
		"particle": "furniture:item/heart_bear"
	},
	"elements": [
		{
			"from": [2.75, 9, 5.5],
			"to": [13.25, 18, 13],
			"rotation": {"angle": 0, "axis": "y", "origin": [5.75, 0, 7]},
			"faces": {
				"north": {"uv": [1.75, 1.75, 4.25, 4], "texture": "#0"},
				"east": {"uv": [0, 1.75, 1.75, 4], "texture": "#0"},
				"south": {"uv": [6, 1.75, 8.5, 4], "texture": "#0"},
				"west": {"uv": [4.25, 1.75, 6, 4], "texture": "#0"},
				"up": {"uv": [4.25, 1.75, 1.75, 0], "texture": "#0"},
				"down": {"uv": [6.75, 0, 4.25, 1.75], "texture": "#0"}
			}
		},
		{
			"from": [1.25, 16.5, 7],
			"to": [5.75, 21, 8.5],
			"rotation": {"angle": 0, "axis": "y", "origin": [5.75, 0, 7]},
			"faces": {
				"north": {"uv": [8.75, 2, 9.75, 3], "texture": "#0"},
				"east": {"uv": [8.5, 2, 8.75, 3], "texture": "#0"},
				"south": {"uv": [10, 2, 11, 3], "texture": "#0"},
				"west": {"uv": [9.75, 2, 10, 3], "texture": "#0"},
				"up": {"uv": [9.75, 2, 8.75, 1.75], "texture": "#0"},
				"down": {"uv": [10.75, 1.75, 9.75, 2], "texture": "#0"}
			}
		},
		{
			"from": [10.25, 16.5, 7],
			"to": [14.75, 21, 8.5],
			"rotation": {"angle": 0, "axis": "y", "origin": [14.75, 0, 7]},
			"faces": {
				"north": {"uv": [8.25, 5.75, 9.25, 6.75], "texture": "#0"},
				"east": {"uv": [8, 5.75, 8.25, 6.75], "texture": "#0"},
				"south": {"uv": [9.5, 5.75, 10.5, 6.75], "texture": "#0"},
				"west": {"uv": [9.25, 5.75, 9.5, 6.75], "texture": "#0"},
				"up": {"uv": [9.25, 5.75, 8.25, 5.5], "texture": "#0"},
				"down": {"uv": [10.25, 5.5, 9.25, 5.75], "texture": "#0"}
			}
		},
		{
			"from": [4.25, 9, 2.5],
			"to": [11.75, 13.5, 5.5],
			"rotation": {"angle": 0, "axis": "y", "origin": [5.75, 0, 7]},
			"faces": {
				"north": {"uv": [7.5, 0.75, 9.25, 1.75], "texture": "#0"},
				"east": {"uv": [6.75, 0.75, 7.5, 1.75], "texture": "#0"},
				"south": {"uv": [10, 0.75, 11.75, 1.75], "texture": "#0"},
				"west": {"uv": [9.25, 0.75, 10, 1.75], "texture": "#0"},
				"up": {"uv": [9.25, 0.75, 7.5, 0], "texture": "#0"},
				"down": {"uv": [11, 0, 9.25, 0.75], "texture": "#0"}
			}
		},
		{
			"from": [3.5, 0, 5.5],
			"to": [12.5, 9, 13],
			"rotation": {"angle": 0, "axis": "y", "origin": [5, 0, 7]},
			"faces": {
				"north": {"uv": [1.75, 5.75, 4, 8], "texture": "#0"},
				"east": {"uv": [0, 5.75, 1.75, 8], "texture": "#0"},
				"south": {"uv": [5.75, 5.75, 8, 8], "texture": "#0"},
				"west": {"uv": [4, 5.75, 5.75, 8], "texture": "#0"},
				"up": {"uv": [4, 5.75, 1.75, 4], "texture": "#0"},
				"down": {"uv": [6.25, 4, 4, 5.75], "texture": "#0"}
			}
		},
		{
			"from": [-1, 1.5, 7],
			"to": [2, 9, 11.5],
			"rotation": {"angle": -22.5, "axis": "z", "origin": [5, 0, 7]},
			"faces": {
				"north": {"uv": [4.5, 9, 5.25, 10.75], "texture": "#0"},
				"east": {"uv": [3.5, 9, 4.5, 10.75], "texture": "#0"},
				"south": {"uv": [6.25, 9, 7, 10.75], "texture": "#0"},
				"west": {"uv": [5.25, 9, 6.25, 10.75], "texture": "#0"},
				"up": {"uv": [5.25, 9, 4.5, 8], "texture": "#0"},
				"down": {"uv": [6, 8, 5.25, 9], "texture": "#0"}
			}
		},
		{
			"from": [14, 1.5, 7],
			"to": [17, 9, 11.5],
			"rotation": {"angle": 22.5, "axis": "z", "origin": [11, 0, 7]},
			"faces": {
				"north": {"uv": [1, 9, 1.75, 10.75], "texture": "#0"},
				"east": {"uv": [0, 9, 1, 10.75], "texture": "#0"},
				"south": {"uv": [2.75, 9, 3.5, 10.75], "texture": "#0"},
				"west": {"uv": [1.75, 9, 2.75, 10.75], "texture": "#0"},
				"up": {"uv": [1.75, 9, 1, 8], "texture": "#0"},
				"down": {"uv": [2.5, 8, 1.75, 9], "texture": "#0"}
			}
		},
		{
			"from": [9.5, 0, -0.5],
			"to": [14, 4.5, 4],
			"rotation": {"angle": -22.5, "axis": "y", "origin": [5, 0, 4]},
			"faces": {
				"north": {"uv": [11, 11.5, 12, 12.5], "texture": "#0"},
				"east": {"uv": [10, 11.5, 11, 12.5], "texture": "#0"},
				"south": {"uv": [13, 11.5, 14, 12.5], "texture": "#0"},
				"west": {"uv": [12, 11.5, 13, 12.5], "texture": "#0"},
				"up": {"uv": [12, 11.5, 11, 10.5], "texture": "#0"},
				"down": {"uv": [13, 10.5, 12, 11.5], "texture": "#0"}
			}
		},
		{
			"from": [2, 0, -0.5],
			"to": [6.5, 4.5, 4],
			"rotation": {"angle": 22.5, "axis": "y", "origin": [11, 0, 4]},
			"faces": {
				"north": {"uv": [8, 10.5, 9, 11.5], "texture": "#0"},
				"east": {"uv": [7, 10.5, 8, 11.5], "texture": "#0"},
				"south": {"uv": [10, 10.5, 11, 11.5], "texture": "#0"},
				"west": {"uv": [9, 10.5, 10, 11.5], "texture": "#0"},
				"up": {"uv": [9, 10.5, 8, 9.5], "texture": "#0"},
				"down": {"uv": [10, 9.5, 9, 10.5], "texture": "#0"}
			}
		},
		{
			"from": [9, 9, 1.25],
			"to": [15, 15, 5.25],
			"rotation": {"angle": -45, "axis": "z", "origin": [5, 9, 0.25]},
			"faces": {
				"north": {"uv": [8.5, 4, 10, 5.5], "texture": "#0"},
				"east": {"uv": [7.5, 4, 8.5, 5.5], "texture": "#0"},
				"south": {"uv": [11, 4, 12.5, 5.5], "texture": "#0"},
				"west": {"uv": [10, 4, 11, 5.5], "texture": "#0"},
				"up": {"uv": [10, 4, 8.5, 3], "texture": "#0"},
				"down": {"uv": [11.5, 3, 10, 4], "texture": "#0"}
			}
		},
		{
			"from": [3, 3, 1.25],
			"to": [15, 9, 5.25],
			"rotation": {"angle": -45, "axis": "z", "origin": [5, 9, 0.25]},
			"faces": {
				"north": {"uv": [8, 8, 11, 9.5], "texture": "#0"},
				"east": {"uv": [7, 8, 8, 9.5], "texture": "#0"},
				"south": {"uv": [12, 8, 15, 9.5], "texture": "#0"},
				"west": {"uv": [11, 8, 12, 9.5], "texture": "#0"},
				"up": {"uv": [11, 8, 8, 7], "texture": "#0"},
				"down": {"uv": [14, 7, 11, 8], "texture": "#0"}
			}
		}
	],
	"display": {
		"thirdperson_righthand": {
			"translation": [0, 0.5, 0],
			"scale": [0.5, 0.5, 0.5]
		},
		"thirdperson_lefthand": {
			"translation": [0, 0.25, 0],
			"scale": [0.5, 0.5, 0.5]
		},
		"firstperson_righthand": {
			"translation": [7, -4.5, -3.25]
		},
		"firstperson_lefthand": {
			"translation": [7.25, -4, -3]
		},
		"ground": {
			"scale": [0.5, 0.5, 0.5]
		},
		"gui": {
			"rotation": [12, -140, 0],
			"translation": [0, -0.75, 0],
			"scale": [0.7, 0.7, 0.7]
		},
		"head": {
			"translation": [0, -30.25, 0],
			"scale": [1.6, 1.6, 1.6]
		},
		"fixed": {
			"rotation": [-90, 0, 0],
			"translation": [0, 0, -15],
			"scale": [1.5, 1.5, 1.5]
		}
	},
	"groups": [
		{
			"name": "group",
			"origin": [8, 8, 8],
			"color": 0,
			"children": [
				0,
				1,
				2,
				3,
				4,
				5,
				6,
				7,
				8,
				{
					"name": "group",
					"origin": [5, 10, 0.25],
					"color": 0,
					"children": [9, 10]
				}
			]
		}
	],
	"mcmodels": "f7f59cf727622d94eafe89ef92b9698e"
}