{
	"format_version": "1.21.6",
	"credit": "MadewithBlockbench",
	"texture_size": [256, 256],
	"textures": {
		"0": "furniture:item/hockey_table",
		"particle": "furniture:item/hockey_table"
	},
	"elements": [
		{
			"from": [20, 14, -11],
			"to": [22, 16, 28],
			"rotation": {"angle": 0, "axis": "y", "origin": [6, 11, 16]},
			"faces": {
				"north": {"uv": [5.125, 6.0625, 5.25, 6.1875], "texture": "#0"},
				"east": {"uv": [2.6875, 6.0625, 5.125, 6.1875], "texture": "#0"},
				"south": {"uv": [7.6875, 6.0625, 7.8125, 6.1875], "texture": "#0"},
				"west": {"uv": [5.25, 6.0625, 7.6875, 6.1875], "texture": "#0"},
				"up": {"uv": [5.25, 6.0625, 5.125, 3.625], "texture": "#0"},
				"down": {"uv": [5.375, 3.625, 5.25, 6.0625], "texture": "#0"}
			}
		},
		{
			"from": [-6, 14, -11],
			"to": [-4, 16, 28],
			"rotation": {"angle": 0, "axis": "y", "origin": [6, 11, 16]},
			"faces": {
				"north": {"uv": [2.4375, 5.9375, 2.5625, 6.0625], "texture": "#0"},
				"east": {"uv": [0, 5.9375, 2.4375, 6.0625], "texture": "#0"},
				"south": {"uv": [5, 5.9375, 5.125, 6.0625], "texture": "#0"},
				"west": {"uv": [2.5625, 5.9375, 5, 6.0625], "texture": "#0"},
				"up": {"uv": [2.5625, 5.9375, 2.4375, 3.5], "texture": "#0"},
				"down": {"uv": [2.6875, 3.5, 2.5625, 5.9375], "texture": "#0"}
			}
		},
		{
			"from": [-7, 12, 6.5],
			"to": [-5, 24, 9.5],
			"rotation": {"angle": 0, "axis": "y", "origin": [6, 9, 20.5]},
			"faces": {
				"north": {"uv": [0.8125, 3.6875, 0.9375, 4.4375], "texture": "#0"},
				"east": {"uv": [0.625, 3.6875, 0.8125, 4.4375], "texture": "#0"},
				"south": {"uv": [1.125, 3.6875, 1.25, 4.4375], "texture": "#0"},
				"west": {"uv": [0.9375, 3.6875, 1.125, 4.4375], "texture": "#0"},
				"up": {"uv": [0.9375, 3.6875, 0.8125, 3.5], "texture": "#0"},
				"down": {"uv": [1.0625, 3.5, 0.9375, 3.6875], "texture": "#0"}
			}
		},
		{
			"from": [-1.35, 27.655, 6.5],
			"to": [17.35, 29.655, 9.5],
			"rotation": {"angle": 0, "axis": "y", "origin": [6, 9, 20.5]},
			"faces": {
				"north": {"uv": [0.1875, 0.1875, 1.3125, 0.3125], "texture": "#0"},
				"east": {"uv": [0, 0.1875, 0.1875, 0.3125], "texture": "#0"},
				"south": {"uv": [1.5, 0.1875, 2.625, 0.3125], "texture": "#0"},
				"west": {"uv": [1.3125, 0.1875, 1.5, 0.3125], "texture": "#0"},
				"up": {"uv": [1.3125, 0.1875, 0.1875, 0], "texture": "#0"},
				"down": {"uv": [2.4375, 0, 1.3125, 0.1875], "texture": "#0"}
			}
		},
		{
			"from": [-7, 24, 6.5025],
			"to": [-5, 32, 9.4975],
			"rotation": {"angle": -45, "axis": "z", "origin": [-7, 24, 8.5]},
			"faces": {
				"north": {"uv": [0.625, 2.5, 0.75, 3], "texture": "#0"},
				"east": {"uv": [0.5, 2.5, 0.625, 3], "texture": "#0"},
				"south": {"uv": [0.875, 2.5, 1, 3], "texture": "#0"},
				"west": {"uv": [0.75, 2.5, 0.875, 3], "texture": "#0"},
				"up": {"uv": [0.75, 2.5, 0.625, 2.375], "texture": "#0"},
				"down": {"uv": [0.875, 2.375, 0.75, 2.5], "texture": "#0"}
			}
		},
		{
			"from": [21, 24, 6.5025],
			"to": [23, 32, 9.4975],
			"rotation": {"angle": 45, "axis": "z", "origin": [23, 24, 8.5]},
			"faces": {
				"north": {"uv": [0.75, 2.5, 0.625, 3], "texture": "#0"},
				"east": {"uv": [0.875, 2.5, 0.75, 3], "texture": "#0"},
				"south": {"uv": [1, 2.5, 0.875, 3], "texture": "#0"},
				"west": {"uv": [0.625, 2.5, 0.5, 3], "texture": "#0"},
				"up": {"uv": [0.625, 2.5, 0.75, 2.375], "texture": "#0"},
				"down": {"uv": [0.75, 2.375, 0.875, 2.5], "texture": "#0"}
			}
		},
		{
			"from": [21, 12, 6.5],
			"to": [23, 24, 9.5],
			"rotation": {"angle": 0, "axis": "y", "origin": [10, 9, 20.5]},
			"faces": {
				"north": {"uv": [0.9375, 3.6875, 0.8125, 4.4375], "texture": "#0"},
				"east": {"uv": [1.125, 3.6875, 0.9375, 4.4375], "texture": "#0"},
				"south": {"uv": [1.25, 3.6875, 1.125, 4.4375], "texture": "#0"},
				"west": {"uv": [0.8125, 3.6875, 0.625, 4.4375], "texture": "#0"},
				"up": {"uv": [0.8125, 3.6875, 0.9375, 3.5], "texture": "#0"},
				"down": {"uv": [0.9375, 3.5, 1.0625, 3.6875], "texture": "#0"}
			}
		},
		{
			"from": [3, 26, 6],
			"to": [13, 31, 10],
			"rotation": {"angle": 0, "axis": "y", "origin": [-8.75, 40.25, 1.5]},
			"faces": {
				"north": {"uv": [0.25, 0.5625, 0.875, 0.875], "texture": "#0"},
				"east": {"uv": [0, 0.5625, 0.25, 0.875], "texture": "#0"},
				"south": {"uv": [0.25, 0.5625, 0.875, 0.875], "texture": "#0"},
				"west": {"uv": [0.875, 0.5625, 1.125, 0.875], "texture": "#0"},
				"up": {"uv": [0.875, 0.5625, 0.25, 0.3125], "texture": "#0"},
				"down": {"uv": [1.5, 0.3125, 0.875, 0.5625], "texture": "#0"}
			}
		},
		{
			"from": [-6, 14, -16],
			"to": [22, 16, -11],
			"rotation": {"angle": 0, "axis": "y", "origin": [6, 11, 16]},
			"faces": {
				"north": {"uv": [5.6875, 3.8125, 7.4375, 3.9375], "texture": "#0"},
				"east": {"uv": [5.375, 3.8125, 5.6875, 3.9375], "texture": "#0"},
				"south": {"uv": [7.75, 3.8125, 9.5, 3.9375], "texture": "#0"},
				"west": {"uv": [7.4375, 3.8125, 7.75, 3.9375], "texture": "#0"},
				"up": {"uv": [7.4375, 3.8125, 5.6875, 3.5], "texture": "#0"},
				"down": {"uv": [9.1875, 3.5, 7.4375, 3.8125], "texture": "#0"}
			}
		},
		{
			"from": [0.5, 14, -6.5],
			"to": [4.5, 15, -2.5],
			"rotation": {"angle": 0, "axis": "y", "origin": [6, 11, 16]},
			"faces": {
				"north": {"uv": [2.25, 1.5625, 2.5, 1.625], "texture": "#0"},
				"east": {"uv": [2, 1.5625, 2.25, 1.625], "texture": "#0"},
				"south": {"uv": [2.75, 1.5625, 3, 1.625], "texture": "#0"},
				"west": {"uv": [2.5, 1.5625, 2.75, 1.625], "texture": "#0"},
				"up": {"uv": [2.5, 1.5625, 2.25, 1.3125], "texture": "#0"},
				"down": {"uv": [2.75, 1.3125, 2.5, 1.5625], "texture": "#0"}
			}
		},
		{
			"from": [1.5, 15, -5.5],
			"to": [3.5, 16, -3.5],
			"rotation": {"angle": 0, "axis": "y", "origin": [6, 11, 16]},
			"faces": {
				"north": {"uv": [0.875, 1.875, 1, 1.9375], "texture": "#0"},
				"east": {"uv": [0.75, 1.875, 0.875, 1.9375], "texture": "#0"},
				"south": {"uv": [1.125, 1.875, 1.25, 1.9375], "texture": "#0"},
				"west": {"uv": [1, 1.875, 1.125, 1.9375], "texture": "#0"},
				"up": {"uv": [1, 1.875, 0.875, 1.75], "texture": "#0"},
				"down": {"uv": [1.125, 1.75, 1, 1.875], "texture": "#0"}
			}
		},
		{
			"from": [10.5, 14, 19.5],
			"to": [14.5, 15, 23.5],
			"rotation": {"angle": 0, "axis": "y", "origin": [6, 11, 16]},
			"faces": {
				"north": {"uv": [2.125, 1.25, 2.375, 1.3125], "texture": "#0"},
				"east": {"uv": [1.875, 1.25, 2.125, 1.3125], "texture": "#0"},
				"south": {"uv": [2.625, 1.25, 2.875, 1.3125], "texture": "#0"},
				"west": {"uv": [2.375, 1.25, 2.625, 1.3125], "texture": "#0"},
				"up": {"uv": [2.375, 1.25, 2.125, 1], "texture": "#0"},
				"down": {"uv": [2.625, 1, 2.375, 1.25], "texture": "#0"}
			}
		},
		{
			"from": [6.5, 14, 7],
			"to": [9.5, 15, 10],
			"rotation": {"angle": 0, "axis": "y", "origin": [6, 11, 16]},
			"faces": {
				"north": {"uv": [1.6875, 0.5, 1.875, 0.5625], "texture": "#0"},
				"east": {"uv": [1.5, 0.5, 1.6875, 0.5625], "texture": "#0"},
				"south": {"uv": [2.0625, 0.5, 2.25, 0.5625], "texture": "#0"},
				"west": {"uv": [1.875, 0.5, 2.0625, 0.5625], "texture": "#0"},
				"up": {"uv": [1.875, 0.5, 1.6875, 0.3125], "texture": "#0"},
				"down": {"uv": [2.0625, 0.3125, 1.875, 0.5], "texture": "#0"}
			}
		},
		{
			"from": [11.5, 15, 20.5],
			"to": [13.5, 16, 22.5],
			"rotation": {"angle": 0, "axis": "y", "origin": [6, 11, 16]},
			"faces": {
				"north": {"uv": [1.0625, 1.5625, 1.1875, 1.625], "texture": "#0"},
				"east": {"uv": [0.9375, 1.5625, 1.0625, 1.625], "texture": "#0"},
				"south": {"uv": [1.3125, 1.5625, 1.4375, 1.625], "texture": "#0"},
				"west": {"uv": [1.1875, 1.5625, 1.3125, 1.625], "texture": "#0"},
				"up": {"uv": [1.1875, 1.5625, 1.0625, 1.4375], "texture": "#0"},
				"down": {"uv": [1.3125, 1.4375, 1.1875, 1.5625], "texture": "#0"}
			}
		},
		{
			"from": [-6, 14, 28],
			"to": [22, 16, 32],
			"rotation": {"angle": 0, "axis": "y", "origin": [6, 11, 16]},
			"faces": {
				"north": {"uv": [5.625, 4.1875, 7.375, 4.3125], "texture": "#0"},
				"east": {"uv": [5.375, 4.1875, 5.625, 4.3125], "texture": "#0"},
				"south": {"uv": [7.625, 4.1875, 9.375, 4.3125], "texture": "#0"},
				"west": {"uv": [7.375, 4.1875, 7.625, 4.3125], "texture": "#0"},
				"up": {"uv": [7.375, 4.1875, 5.625, 3.9375], "texture": "#0"},
				"down": {"uv": [9.125, 3.9375, 7.375, 4.1875], "texture": "#0"}
			}
		},
		{
			"from": [-6, 6, -16],
			"to": [22, 14, 32],
			"rotation": {"angle": 0, "axis": "y", "origin": [8, 5, 8]},
			"faces": {
				"north": {"uv": [9.5, 3, 7.75, 3.5], "texture": "#0"},
				"east": {"uv": [0, 3, 3, 3.5], "texture": "#0"},
				"south": {"uv": [9.5, 3, 7.75, 3.5], "texture": "#0"},
				"west": {"uv": [0, 3, 3, 3.5], "texture": "#0"},
				"up": {"uv": [4.75, 3, 3, 0], "texture": "#0"},
				"down": {"uv": [6.5, 0, 4.75, 3], "texture": "#0"}
			}
		},
		{
			"from": [-5.5, 0, -16],
			"to": [-0.5, 2, -11],
			"rotation": {"angle": 0, "axis": "y", "origin": [-3, 6, -9]},
			"faces": {
				"north": {"uv": [0.3125, 1.625, 0.625, 1.75], "texture": "#0"},
				"east": {"uv": [0, 1.625, 0.3125, 1.75], "texture": "#0"},
				"south": {"uv": [0.9375, 1.625, 1.25, 1.75], "texture": "#0"},
				"west": {"uv": [0.625, 1.625, 0.9375, 1.75], "texture": "#0"},
				"up": {"uv": [0.625, 1.625, 0.3125, 1.3125], "texture": "#0"},
				"down": {"uv": [0.9375, 1.3125, 0.625, 1.625], "texture": "#0"}
			}
		},
		{
			"from": [-5, 0, -13],
			"to": [-1, 6, -9],
			"rotation": {"angle": 22.5, "axis": "x", "origin": [-3, 6, -9]},
			"faces": {
				"north": {"uv": [2.25, 2.0625, 2.5, 2.4375], "texture": "#0"},
				"east": {"uv": [2, 2.0625, 2.25, 2.4375], "texture": "#0"},
				"south": {"uv": [2.75, 2.0625, 3, 2.4375], "texture": "#0"},
				"west": {"uv": [2.5, 2.0625, 2.75, 2.4375], "texture": "#0"},
				"up": {"uv": [2.5, 2.0625, 2.25, 1.8125], "texture": "#0"},
				"down": {"uv": [2.75, 1.8125, 2.5, 2.0625], "texture": "#0"}
			}
		},
		{
			"from": [17, 0, -13],
			"to": [21, 6, -9],
			"rotation": {"angle": 22.5, "axis": "x", "origin": [19, 6, -9]},
			"faces": {
				"north": {"uv": [2.5, 2.0625, 2.25, 2.4375], "texture": "#0"},
				"east": {"uv": [2.75, 2.0625, 2.5, 2.4375], "texture": "#0"},
				"south": {"uv": [3, 2.0625, 2.75, 2.4375], "texture": "#0"},
				"west": {"uv": [2.25, 2.0625, 2, 2.4375], "texture": "#0"},
				"up": {"uv": [2.25, 2.0625, 2.5, 1.8125], "texture": "#0"},
				"down": {"uv": [2.5, 1.8125, 2.75, 2.0625], "texture": "#0"}
			}
		},
		{
			"from": [16.5, 0, -16],
			"to": [21.5, 2, -11],
			"rotation": {"angle": 0, "axis": "y", "origin": [19, 6, -9]},
			"faces": {
				"north": {"uv": [0.625, 1.625, 0.3125, 1.75], "texture": "#0"},
				"east": {"uv": [0.9375, 1.625, 0.625, 1.75], "texture": "#0"},
				"south": {"uv": [1.25, 1.625, 0.9375, 1.75], "texture": "#0"},
				"west": {"uv": [0.3125, 1.625, 0, 1.75], "texture": "#0"},
				"up": {"uv": [0.3125, 1.625, 0.625, 1.3125], "texture": "#0"},
				"down": {"uv": [0.625, 1.3125, 0.9375, 1.625], "texture": "#0"}
			}
		},
		{
			"from": [17, 0, 25],
			"to": [21, 6, 29],
			"rotation": {"angle": -22.5, "axis": "x", "origin": [19, 6, 25]},
			"faces": {
				"north": {"uv": [2.75, 2.0625, 3, 2.4375], "texture": "#0"},
				"east": {"uv": [2.5, 2.0625, 2.75, 2.4375], "texture": "#0"},
				"south": {"uv": [2.25, 2.0625, 2.5, 2.4375], "texture": "#0"},
				"west": {"uv": [2, 2.0625, 2.25, 2.4375], "texture": "#0"},
				"up": {"uv": [2.25, 1.8125, 2.5, 2.0625], "texture": "#0"},
				"down": {"uv": [2.5, 2.0625, 2.75, 1.8125], "texture": "#0"}
			}
		},
		{
			"from": [16.5, 0, 27],
			"to": [21.5, 2, 32],
			"rotation": {"angle": 0, "axis": "y", "origin": [19, 6, 25]},
			"faces": {
				"north": {"uv": [0.9375, 1.625, 1.25, 1.75], "texture": "#0"},
				"east": {"uv": [0.625, 1.625, 0.9375, 1.75], "texture": "#0"},
				"south": {"uv": [0.3125, 1.625, 0.625, 1.75], "texture": "#0"},
				"west": {"uv": [0, 1.625, 0.3125, 1.75], "texture": "#0"},
				"up": {"uv": [0.3125, 1.3125, 0.625, 1.625], "texture": "#0"},
				"down": {"uv": [0.625, 1.625, 0.9375, 1.3125], "texture": "#0"}
			}
		},
		{
			"from": [-5, 0, 25],
			"to": [-1, 6, 29],
			"rotation": {"angle": -22.5, "axis": "x", "origin": [-3, 6, 25]},
			"faces": {
				"north": {"uv": [3, 2.0625, 2.75, 2.4375], "texture": "#0"},
				"east": {"uv": [2.25, 2.0625, 2, 2.4375], "texture": "#0"},
				"south": {"uv": [2.5, 2.0625, 2.25, 2.4375], "texture": "#0"},
				"west": {"uv": [2.75, 2.0625, 2.5, 2.4375], "texture": "#0"},
				"up": {"uv": [2.5, 1.8125, 2.25, 2.0625], "texture": "#0"},
				"down": {"uv": [2.75, 2.0625, 2.5, 1.8125], "texture": "#0"}
			}
		},
		{
			"from": [-5.5, 0, 27],
			"to": [-0.5, 2, 32],
			"rotation": {"angle": 0, "axis": "y", "origin": [-3, 6, 25]},
			"faces": {
				"north": {"uv": [1.25, 1.625, 0.9375, 1.75], "texture": "#0"},
				"east": {"uv": [0.3125, 1.625, 0, 1.75], "texture": "#0"},
				"south": {"uv": [0.625, 1.625, 0.3125, 1.75], "texture": "#0"},
				"west": {"uv": [0.9375, 1.625, 0.625, 1.75], "texture": "#0"},
				"up": {"uv": [0.625, 1.3125, 0.3125, 1.625], "texture": "#0"},
				"down": {"uv": [0.9375, 1.625, 0.625, 1.3125], "texture": "#0"}
			}
		}
	],
	"gui_light": "front",
	"display": {
		"thirdperson_righthand": {
			"rotation": [67.5, 0, 0],
			"translation": [0, 2.25, 0],
			"scale": [0.13281, 0.13281, 0.13281]
		},
		"thirdperson_lefthand": {
			"rotation": [67.5, 0, 0],
			"translation": [0, 2.25, 0],
			"scale": [0.13281, 0.13281, 0.13281]
		},
		"firstperson_righthand": {
			"translation": [-0.25, 2, 0],
			"scale": [0.26563, 0.26563, 0.26563]
		},
		"firstperson_lefthand": {
			"translation": [-0.25, 2, 0],
			"scale": [0.26563, 0.26563, 0.26563]
		},
		"ground": {
			"translation": [0, 5.75, 0],
			"scale": [0.25, 0.25, 0.25]
		},
		"gui": {
			"rotation": [30, 45, 0],
			"translation": [0, -0.6, 0],
			"scale": [0.25, 0.25, 0.25]
		},
		"head": {
			"rotation": [0, -180, 0],
			"translation": [0, -30.4, 0],
			"scale": [0, 0, 0]
		},
		"fixed": {
			"rotation": [-90, -180, 0],
			"translation": [0, 0, -18.25],
			"scale": [2.2, 2.2, 2.2]
		}
	},
	"groups": [
		{
			"name": "body",
			"origin": [6, 1, 16],
			"color": 0,
			"children": [
				{
					"name": "bone",
					"origin": [6, 2, 16],
					"color": 0,
					"children": [0, 1, 2, 3, 4, 5, 6, 7, 8, 9, 10, 11, 12, 13, 14, 15]
				},
				{
					"name": "leg3",
					"origin": [-9, 1, 26],
					"color": 0,
					"children": [16, 17, 18, 19, 20, 21, 22, 23]
				}
			]
		}
	],
	"mcmodels": "606a15f3645c7f9d3a325e579e822fe4"
}