{
	"format_version": "1.21.6",
	"credit": "Made with Blockbench",
	"texture_size": [128, 128],
	"textures": {
		"0": "furniture:item/iron_platform"
	},
	"elements": [
		{
			"from": [0, 0, 0],
			"to": [16, 14, 16],
			"faces": {
				"north": {"uv": [2, 7.75, 4, 9.5], "texture": "#0"},
				"east": {"uv": [0, 7.75, 2, 9.5], "texture": "#0"},
				"south": {"uv": [6, 7.75, 8, 9.5], "texture": "#0"},
				"west": {"uv": [4, 7.75, 6, 9.5], "texture": "#0"},
				"up": {"uv": [4, 7.75, 2, 5.75], "texture": "#0"},
				"down": {"uv": [6, 5.75, 4, 7.75], "texture": "#0"}
			}
		},
		{
			"from": [13, 10, -1.5],
			"to": [17, 13, 1.5],
			"rotation": {"angle": 45, "axis": "y", "origin": [16, 11, 0]},
			"faces": {
				"north": {"uv": [0.375, 9.875, 0.875, 10.25], "texture": "#0"},
				"east": {"uv": [0, 9.875, 0.375, 10.25], "texture": "#0"},
				"south": {"uv": [1.25, 9.875, 1.75, 10.25], "texture": "#0"},
				"west": {"uv": [0.875, 9.875, 1.25, 10.25], "texture": "#0"},
				"up": {"uv": [0.875, 9.875, 0.375, 9.5], "texture": "#0"},
				"down": {"uv": [1.375, 9.5, 0.875, 9.875], "texture": "#0"}
			}
		},
		{
			"from": [-1, 10, -1.5],
			"to": [3, 13, 1.5],
			"rotation": {"angle": -45, "axis": "y", "origin": [0, 11, 0]},
			"faces": {
				"north": {"uv": [0.875, 9.875, 0.375, 10.25], "texture": "#0"},
				"east": {"uv": [1.25, 9.875, 0.875, 10.25], "texture": "#0"},
				"south": {"uv": [1.75, 9.875, 1.25, 10.25], "texture": "#0"},
				"west": {"uv": [0.375, 9.875, 0, 10.25], "texture": "#0"},
				"up": {"uv": [0.375, 9.875, 0.875, 9.5], "texture": "#0"},
				"down": {"uv": [0.875, 9.5, 1.375, 9.875], "texture": "#0"}
			}
		},
		{
			"from": [13, 10, 14.5],
			"to": [17, 13, 17.5],
			"rotation": {"angle": -45, "axis": "y", "origin": [16, 11, 16]},
			"faces": {
				"north": {"uv": [0.375, 9.875, 0.875, 10.25], "texture": "#0"},
				"east": {"uv": [0, 9.875, 0.375, 10.25], "texture": "#0"},
				"south": {"uv": [1.25, 9.875, 1.75, 10.25], "texture": "#0"},
				"west": {"uv": [0.875, 9.875, 1.25, 10.25], "texture": "#0"},
				"up": {"uv": [0.875, 9.875, 0.375, 9.5], "texture": "#0"},
				"down": {"uv": [1.375, 9.5, 0.875, 9.875], "texture": "#0"}
			}
		},
		{
			"from": [-1, 10, 14.5],
			"to": [3, 13, 17.5],
			"rotation": {"angle": 45, "axis": "y", "origin": [0, 11, 16]},
			"faces": {
				"north": {"uv": [0.875, 9.875, 0.375, 10.25], "texture": "#0"},
				"east": {"uv": [1.25, 9.875, 0.875, 10.25], "texture": "#0"},
				"south": {"uv": [1.75, 9.875, 1.25, 10.25], "texture": "#0"},
				"west": {"uv": [0.375, 9.875, 0, 10.25], "texture": "#0"},
				"up": {"uv": [0.375, 9.875, 0.875, 9.5], "texture": "#0"},
				"down": {"uv": [0.875, 9.5, 1.375, 9.875], "texture": "#0"}
			}
		},
		{
			"from": [-2, 13, -2],
			"to": [18, 16, 18],
			"faces": {
				"north": {"uv": [2.5, 5.375, 5, 5.75], "texture": "#0"},
				"east": {"uv": [0, 5.375, 2.5, 5.75], "texture": "#0"},
				"south": {"uv": [7.5, 5.375, 10, 5.75], "texture": "#0"},
				"west": {"uv": [5, 5.375, 7.5, 5.75], "texture": "#0"},
				"up": {"uv": [5, 5.375, 2.5, 2.875], "texture": "#0"},
				"down": {"uv": [7.5, 2.875, 5, 5.375], "texture": "#0"}
			}
		}
	],
	"display": {
		"thirdperson_righthand": {
			"scale": [0.3, 0.3, 0.3]
		},
		"thirdperson_lefthand": {
			"scale": [0.3, 0.3, 0.3]
		},
		"firstperson_righthand": {
			"scale": [0.5, 0.5, 0.5]
		},
		"firstperson_lefthand": {
			"scale": [0.5, 0.5, 0.5]
		},
		"ground": {
			"translation": [0, 2.75, 0],
			"scale": [0.5, 0.5, 0.5]
		},
		"gui": {
			"rotation": [45, 45, 0],
			"translation": [0, -1, 0],
			"scale": [0.5, 0.5, 0.5]
		}
	},
	"groups": [
		{
			"name": "group",
			"origin": [0, 0, 0],
			"color": 0,
			"children": [0, 1, 2, 3, 4, 5]
		}
	],
	"mcmodels": "f68bd23e7934990a3296eaed33d44305"
}