{
	"format_version": "1.21.6",
	"credit": "Madebykron",
	"texture_size": [64, 64],
	"textures": {
		"0": "furniture:item/treechest",
		"2": "furniture:item/nature_animation",
		"particle": "furniture:item/treechest"
	},
	"elements": [
		{
			"from": [0, 2, 3],
			"to": [16, 6, 14],
			"rotation": {"angle": 0, "axis": "y", "origin": [16, -11, -6]},
			"faces": {
				"north": {"uv": [6.5, 6.5, 10.5, 7.5], "texture": "#0"},
				"east": {"uv": [10, 1.5, 12.75, 2.5], "texture": "#0"},
				"south": {"uv": [6.5, 6.5, 10.5, 7.5], "texture": "#0"},
				"west": {"uv": [10, 1.5, 12.75, 2.5], "texture": "#0"}
			}
		},
		{
			"from": [-3, 0, 2],
			"to": [19, 2, 15],
			"rotation": {"angle": 0, "axis": "y", "origin": [8, 5, 14]},
			"faces": {
				"north": {"uv": [10, 3.5, 15.5, 4], "texture": "#0"},
				"east": {"uv": [10.5, 6.25, 13.75, 6.75], "texture": "#0"},
				"south": {"uv": [10, 3.5, 15.5, 4], "texture": "#0"},
				"west": {"uv": [10.5, 6.25, 13.75, 6.75], "texture": "#0"},
				"up": {"uv": [5.5, 3.25, 0, 0], "texture": "#0"},
				"down": {"uv": [5.5, 3.25, 0, 6.5], "texture": "#0"}
			}
		},
		{
			"from": [-1, 11, 2],
			"to": [17, 13, 15],
			"rotation": {"angle": 0, "axis": "y", "origin": [8, 6, 14]},
			"faces": {
				"north": {"uv": [10, 4.5, 14.5, 5], "texture": "#0"},
				"east": {"uv": [10.5, 6.75, 13.75, 7.25], "texture": "#0"},
				"south": {"uv": [10, 4.5, 14.5, 5], "texture": "#0"},
				"west": {"uv": [10.5, 6.75, 13.75, 7.25], "texture": "#0"},
				"up": {"uv": [10, 3.25, 5.5, 0], "texture": "#0"},
				"down": {"uv": [10, 3.25, 5.5, 6.5], "texture": "#0"}
			}
		},
		{
			"from": [-1, 6, 2],
			"to": [17, 8, 15],
			"rotation": {"angle": 0, "axis": "y", "origin": [8, 6, 14]},
			"faces": {
				"north": {"uv": [10, 4.5, 14.5, 5], "texture": "#0"},
				"east": {"uv": [10.5, 6.75, 13.75, 7.25], "texture": "#0"},
				"south": {"uv": [10, 4.5, 14.5, 5], "texture": "#0"},
				"west": {"uv": [10.5, 6.75, 13.75, 7.25], "texture": "#0"},
				"up": {"uv": [10, 3.25, 5.5, 0], "texture": "#0"},
				"down": {"uv": [10, 3.25, 5.5, 6.5], "texture": "#0"}
			}
		},
		{
			"from": [0, 8, 3],
			"to": [16, 11, 14],
			"rotation": {"angle": 0, "axis": "y", "origin": [8, 6, 14]},
			"faces": {
				"north": {"uv": [10, 0, 14, 0.75], "texture": "#0"},
				"east": {"uv": [10, 5.5, 12.75, 6.25], "texture": "#0"},
				"south": {"uv": [10, 0, 14, 0.75], "texture": "#0"},
				"west": {"uv": [10, 5.5, 12.75, 6.25], "texture": "#0"}
			}
		},
		{
			"from": [0, 12, 5],
			"to": [16, 15, 12],
			"rotation": {"angle": 0, "axis": "y", "origin": [8, 6, 14]},
			"faces": {
				"north": {"uv": [0, 9.25, 4, 10], "texture": "#0"},
				"east": {"uv": [4, 9, 5.75, 9.75], "texture": "#0"},
				"south": {"uv": [0, 10, 4, 10.75], "texture": "#0"},
				"west": {"uv": [4, 9, 5.75, 9.75], "texture": "#0"},
				"up": {"uv": [4, 8.25, 0, 6.5], "texture": "#0"}
			}
		},
		{
			"from": [0, 11, 5],
			"to": [16, 15, 8],
			"rotation": {"angle": 45, "axis": "x", "origin": [8, 15, 5]},
			"faces": {
				"north": {"uv": [0, 8.25, 4, 9.25], "texture": "#0"},
				"east": {"uv": [7.5, 11.75, 8.25, 12.75], "texture": "#0"},
				"west": {"uv": [8.25, 11.75, 7.5, 12.75], "texture": "#0"}
			}
		},
		{
			"from": [0, 11, 9],
			"to": [16, 15, 12],
			"rotation": {"angle": -45, "axis": "x", "origin": [8, 15, 12]},
			"faces": {
				"east": {"uv": [8.25, 11.75, 7.5, 12.75], "texture": "#0"},
				"south": {"uv": [4, 8.25, 0, 9.25], "texture": "#0"},
				"west": {"uv": [7.5, 11.75, 8.25, 12.75], "texture": "#0"}
			}
		},
		{
			"from": [7, 7, 1],
			"to": [9, 9, 3],
			"faces": {
				"north": {"uv": [9.25, 13.25, 9.75, 13.75], "texture": "#0"},
				"east": {"uv": [10.75, 13.25, 11.25, 13.75], "texture": "#0"},
				"south": {"uv": [12.25, 13.25, 12.75, 13.75], "texture": "#0"},
				"west": {"uv": [12.75, 13.25, 13.25, 13.75], "texture": "#0"},
				"up": {"uv": [13.75, 13.75, 13.25, 13.25], "texture": "#0"},
				"down": {"uv": [1, 13.5, 0.5, 14], "texture": "#0"}
			}
		},
		{
			"from": [5, 4, 1],
			"to": [11, 7, 3],
			"faces": {
				"north": {"uv": [10.75, 10.75, 12.25, 11.5], "texture": "#0"},
				"east": {"uv": [0, 13.25, 0.5, 14], "texture": "#0"},
				"south": {"uv": [6.75, 11, 8.25, 11.75], "texture": "#0"},
				"west": {"uv": [5.75, 13.25, 6.25, 14], "texture": "#0"},
				"up": {"uv": [9.75, 12.75, 8.25, 12.25], "texture": "#0"},
				"down": {"uv": [13.75, 10.75, 12.25, 11.25], "texture": "#0"}
			}
		},
		{
			"from": [6, 3, 1],
			"to": [10, 4, 3],
			"faces": {
				"north": {"uv": [12.75, 6, 13.75, 6.25], "texture": "#0"},
				"east": {"uv": [10, 6.25, 10.5, 6.5], "texture": "#0"},
				"south": {"uv": [1, 13.5, 2, 13.75], "texture": "#0"},
				"west": {"uv": [10, 10.5, 10.5, 10.75], "texture": "#0"},
				"up": {"uv": [13.75, 8.75, 12.75, 8.25], "texture": "#0"},
				"down": {"uv": [9.5, 12.75, 8.5, 13.25], "texture": "#0"}
			}
		},
		{
			"from": [-3, 3.97535, 3.18239],
			"to": [0, 8.97535, 6.18239],
			"rotation": {"angle": -22.5, "axis": "x", "origin": [-1.45, 7.35212, 8.90804]},
			"faces": {
				"north": {"uv": [8.25, 11, 9, 12.25], "texture": "#0"},
				"east": {"uv": [9, 11, 9.75, 12.25], "texture": "#0"},
				"south": {"uv": [3.75, 11.25, 4.5, 12.5], "texture": "#0"},
				"west": {"uv": [4.5, 11.25, 5.25, 12.5], "texture": "#0"},
				"up": {"uv": [6.5, 13.25, 5.75, 12.5], "texture": "#0"},
				"down": {"uv": [13, 12.5, 12.25, 13.25], "texture": "#0"}
			}
		},
		{
			"from": [-2.9, 1.97057, 4.93092],
			"to": [0, 4.97057, 10.93092],
			"rotation": {"angle": 0, "axis": "y", "origin": [-1.45, 7.35212, 8.90804]},
			"faces": {
				"north": {"uv": [0.75, 12.75, 1.5, 13.5], "texture": "#0"},
				"east": {"uv": [10.5, 7.75, 12, 8.5], "texture": "#0"},
				"south": {"uv": [1.5, 12.75, 2.25, 13.5], "texture": "#0"},
				"west": {"uv": [10.5, 8.5, 12, 9.25], "texture": "#0"},
				"up": {"uv": [6.5, 10.5, 5.75, 9], "texture": "#0"},
				"down": {"uv": [11.25, 9.25, 10.5, 10.75], "texture": "#0"}
			}
		},
		{
			"from": [-2.9, 9.0735, 4.226],
			"to": [0, 11.0735, 10.226],
			"rotation": {"angle": -45, "axis": "x", "origin": [-1.45, 7.35212, 8.90804]},
			"faces": {
				"north": {"uv": [10.75, 12.75, 11.5, 13.25], "texture": "#0"},
				"east": {"uv": [12, 8.75, 13.5, 9.25], "texture": "#0"},
				"south": {"uv": [11.5, 13, 12.25, 13.5], "texture": "#0"},
				"west": {"uv": [12, 9.25, 13.5, 9.75], "texture": "#0"},
				"up": {"uv": [0.75, 12.25, 0, 10.75], "texture": "#0"},
				"down": {"uv": [1.5, 10.75, 0.75, 12.25], "texture": "#0"}
			}
		},
		{
			"from": [-2.5, 6.8235, 11.676],
			"to": [-0.5, 8.3235, 16.676],
			"rotation": {"angle": -45, "axis": "x", "origin": [-1.45, 7.35212, 8.90804]},
			"faces": {
				"north": {"uv": [13.5, 1.5, 14, 1.875], "texture": "#0"},
				"east": {"uv": [12.75, 9.75, 14, 10.125], "texture": "#0"},
				"south": {"uv": [2, 13.5, 2.5, 13.875], "texture": "#0"},
				"west": {"uv": [12.75, 10.25, 14, 10.625], "texture": "#0"},
				"up": {"uv": [10.25, 13.5, 9.75, 12.25], "texture": "#0"},
				"down": {"uv": [10.75, 12.25, 10.25, 13.5], "texture": "#0"}
			}
		},
		{
			"from": [-2.8, 8.91547, 7.20856],
			"to": [0, 10.91547, 11.20856],
			"rotation": {"angle": 0, "axis": "y", "origin": [-1.45, 7.35212, 8.90804]},
			"faces": {
				"north": {"uv": [13, 12.25, 13.75, 12.75], "texture": "#0"},
				"east": {"uv": [12.75, 3, 13.75, 3.5], "texture": "#0"},
				"south": {"uv": [13, 12.75, 13.75, 13.25], "texture": "#0"},
				"west": {"uv": [12.75, 5.5, 13.75, 6], "texture": "#0"},
				"up": {"uv": [12.75, 10.75, 12, 9.75], "texture": "#0"},
				"down": {"uv": [12.75, 10.75, 12, 9.75], "texture": "#0"}
			}
		},
		{
			"from": [15.1, 2.91036, 3.33957],
			"to": [18, 4.91036, 9.33957],
			"rotation": {"angle": 22.5, "axis": "x", "origin": [16.55, 2.66036, 2.86457]},
			"faces": {
				"north": {"uv": [12.25, 13, 11.5, 13.5], "texture": "#0"},
				"east": {"uv": [13.5, 8.75, 12, 9.25], "texture": "#0"},
				"south": {"uv": [11.5, 12.75, 10.75, 13.25], "texture": "#0"},
				"west": {"uv": [13.5, 9.25, 12, 9.75], "texture": "#0"},
				"up": {"uv": [0.75, 10.75, 0, 12.25], "texture": "#0"},
				"down": {"uv": [1.5, 12.25, 0.75, 10.75], "texture": "#0"}
			}
		},
		{
			"from": [15.5, -1.41467, 0.42574],
			"to": [17.5, 3.58533, 1.92574],
			"rotation": {"angle": 22.5, "axis": "x", "origin": [16.5, 2.83533, -0.82426]},
			"faces": {
				"north": {"uv": [10.25, 12.25, 9.75, 13.5], "rotation": 180, "texture": "#0"},
				"east": {"uv": [14, 9.75, 12.75, 10.125], "rotation": 90, "texture": "#0"},
				"south": {"uv": [10.75, 13.5, 10.25, 12.25], "texture": "#0"},
				"west": {"uv": [14, 10.25, 12.75, 10.625], "rotation": 270, "texture": "#0"},
				"up": {"uv": [14, 1.5, 13.5, 1.875], "texture": "#0"},
				"down": {"uv": [2.5, 13.5, 2, 13.875], "rotation": 180, "texture": "#0"}
			}
		},
		{
			"from": [15.2, 1.91547, 0.79144],
			"to": [18, 3.91547, 4.79144],
			"rotation": {"angle": -22.5, "axis": "x", "origin": [16.55, 2.66036, 2.86457]},
			"faces": {
				"north": {"uv": [13.75, 12.75, 13, 13.25], "texture": "#0"},
				"east": {"uv": [13.75, 3, 12.75, 3.5], "texture": "#0"},
				"south": {"uv": [13.75, 12.25, 13, 12.75], "texture": "#0"},
				"west": {"uv": [13.75, 5.5, 12.75, 6], "texture": "#0"},
				"up": {"uv": [12.75, 9.75, 12, 10.75], "texture": "#0"},
				"down": {"uv": [12.75, 9.75, 12, 10.75], "texture": "#0"}
			}
		},
		{
			"from": [15.25, 1.57777, 10.53127],
			"to": [18.25, 4.57777, 15.53127],
			"rotation": {"angle": -22.5, "axis": "x", "origin": [16.7, -1.14788, 13.90804]},
			"faces": {
				"north": {"uv": [12.25, 12.5, 13, 13.25], "rotation": 180, "texture": "#0"},
				"east": {"uv": [4.5, 12.5, 5.25, 11.25], "rotation": 90, "texture": "#0"},
				"south": {"uv": [5.75, 13.25, 6.5, 12.5], "texture": "#0"},
				"west": {"uv": [9, 12.25, 9.75, 11], "rotation": 270, "texture": "#0"},
				"up": {"uv": [9, 11, 8.25, 12.25], "rotation": 180, "texture": "#0"},
				"down": {"uv": [4.5, 11.25, 3.75, 12.5], "texture": "#0"}
			}
		},
		{
			"from": [15.25, 2.77895, 13.20468],
			"to": [18.15, 4.77895, 19.20468],
			"rotation": {"angle": 22.5, "axis": "x", "origin": [16.675, 4.75753, 13.23518]},
			"faces": {
				"north": {"uv": [11.5, 12.75, 10.75, 13.25], "texture": "#0"},
				"east": {"uv": [13.5, 9.25, 12, 9.75], "texture": "#0"},
				"south": {"uv": [12.25, 13, 11.5, 13.5], "texture": "#0"},
				"west": {"uv": [12, 9.25, 13.5, 9.75], "texture": "#0"},
				"up": {"uv": [0, 12.25, 0.75, 10.75], "texture": "#0"},
				"down": {"uv": [0.75, 10.75, 1.5, 12.25], "texture": "#0"}
			}
		},
		{
			"from": [15.25, -4.72897, 13.56355],
			"to": [18.05, -0.72897, 15.56355],
			"rotation": {"angle": -45, "axis": "x", "origin": [16.675, 4.75753, 13.23518]},
			"faces": {
				"north": {"uv": [12, 10.75, 12.75, 9.75], "rotation": 180, "texture": "#0"},
				"east": {"uv": [12.75, 6, 13.75, 5.5], "rotation": 90, "texture": "#0"},
				"south": {"uv": [12, 10.75, 12.75, 9.75], "texture": "#0"},
				"west": {"uv": [12.75, 5.5, 13.75, 6], "rotation": 90, "texture": "#0"},
				"up": {"uv": [13.75, 12.25, 13, 12.75], "rotation": 180, "texture": "#0"},
				"down": {"uv": [13.75, 12.75, 13, 13.25], "texture": "#0"}
			}
		},
		{
			"from": [18, 2, 5],
			"to": [18, 10, 13],
			"rotation": {"angle": -22.5, "axis": "y", "origin": [18, 6, 9]},
			"faces": {
				"east": {"uv": [8.5, 8.5, 10.5, 10.5], "texture": "#0"},
				"west": {"uv": [10.5, 8.5, 8.5, 10.5], "texture": "#0"}
			}
		},
		{
			"from": [14, 2, 9],
			"to": [22, 10, 9],
			"rotation": {"angle": -45, "axis": "y", "origin": [18, 6, 9]},
			"faces": {
				"north": {"uv": [8.5, 8.5, 10.5, 10.5], "texture": "#0"},
				"south": {"uv": [10.5, 8.5, 8.5, 10.5], "texture": "#0"}
			}
		},
		{
			"from": [-2, 2, -1],
			"to": [-2, 10, 7],
			"rotation": {"angle": -45, "axis": "y", "origin": [-2, 6, 3]},
			"faces": {
				"east": {"uv": [8.5, 8.5, 10.5, 10.5], "texture": "#0"},
				"west": {"uv": [10.5, 8.5, 8.5, 10.5], "texture": "#0"}
			}
		},
		{
			"from": [-6, 2, 3],
			"to": [2, 10, 3],
			"rotation": {"angle": -45, "axis": "y", "origin": [-2, 6, 3]},
			"faces": {
				"north": {"uv": [8.5, 8.5, 10.5, 10.5], "texture": "#0"},
				"south": {"uv": [10.5, 8.5, 8.5, 10.5], "texture": "#0"}
			}
		},
		{
			"from": [14.22071, 14, 7.79254],
			"to": [14.22071, 24, 17.79254],
			"rotation": {"angle": -45, "axis": "y", "origin": [18.775, 22.64919, 9.33426]},
			"faces": {
				"east": {"uv": [4, 9, 6.5, 6.5], "texture": "#0"},
				"west": {"uv": [6.5, 9, 4, 6.5], "texture": "#0"}
			}
		},
		{
			"from": [15.31673, 14, -0.22003],
			"to": [15.31673, 24, 9.77997],
			"rotation": {"angle": 45, "axis": "y", "origin": [18.775, 22.64919, 9.33426]},
			"faces": {
				"east": {"uv": [6.5, 9, 4, 6.5], "texture": "#0"},
				"west": {"uv": [4, 9, 6.5, 6.5], "texture": "#0"}
			}
		},
		{
			"from": [4.55657, 13.68054, 7.55926],
			"to": [7.55657, 18.68054, 10.65926],
			"rotation": {"angle": 22.5, "axis": "z", "origin": [1.775, 20.64919, 8.33426]},
			"faces": {
				"north": {"uv": [4.5, 11.25, 5.25, 12.5], "texture": "#0"},
				"east": {"uv": [8.25, 11, 9, 12.25], "texture": "#0"},
				"south": {"uv": [4.5, 11.25, 5.25, 12.5], "texture": "#0"},
				"west": {"uv": [3.75, 11.25, 4.5, 12.5], "texture": "#0"},
				"up": {"uv": [6.5, 13.25, 5.75, 12.5], "rotation": 90, "texture": "#0"},
				"down": {"uv": [13, 12.5, 12.25, 13.25], "rotation": 270, "texture": "#0"}
			}
		},
		{
			"from": [-1.57077, 11.92777, 7.65926],
			"to": [4.42923, 14.92777, 10.55926],
			"rotation": {"angle": 45, "axis": "z", "origin": [1.775, 20.64919, 8.33426]},
			"faces": {
				"north": {"uv": [10.5, 8.5, 12, 9.25], "texture": "#0"},
				"east": {"uv": [0.75, 12.75, 1.5, 13.5], "texture": "#0"},
				"south": {"uv": [10.5, 8.5, 12, 9.25], "texture": "#0"},
				"west": {"uv": [1.5, 12.75, 2.25, 13.5], "texture": "#0"},
				"up": {"uv": [6.5, 10.5, 5.75, 9], "rotation": 90, "texture": "#0"},
				"down": {"uv": [11.25, 9.25, 10.5, 10.75], "rotation": 270, "texture": "#0"}
			}
		},
		{
			"from": [1.24741, 21.3643, 7.65926],
			"to": [7.24741, 23.3643, 10.55926],
			"rotation": {"angle": -22.5, "axis": "z", "origin": [1.775, 20.64919, 8.33426]},
			"faces": {
				"north": {"uv": [12, 9.25, 13.5, 9.75], "texture": "#0"},
				"east": {"uv": [10.75, 12.75, 11.5, 13.25], "texture": "#0"},
				"south": {"uv": [12, 8.75, 13.5, 9.25], "texture": "#0"},
				"west": {"uv": [11.5, 13, 12.25, 13.5], "texture": "#0"},
				"up": {"uv": [0.75, 12.25, 0, 10.75], "rotation": 90, "texture": "#0"},
				"down": {"uv": [1.5, 10.75, 0.75, 12.25], "rotation": 270, "texture": "#0"}
			}
		},
		{
			"from": [-5.20259, 19.1143, 8.05926],
			"to": [-0.20259, 20.6143, 10.05926],
			"rotation": {"angle": -22.5, "axis": "z", "origin": [1.775, 20.64919, 8.33426]},
			"faces": {
				"north": {"uv": [12.75, 10.25, 14, 10.625], "texture": "#0"},
				"east": {"uv": [13.5, 1.5, 14, 1.875], "texture": "#0"},
				"south": {"uv": [12.75, 9.75, 14, 10.125], "texture": "#0"},
				"west": {"uv": [2, 13.5, 2.5, 13.875], "texture": "#0"},
				"up": {"uv": [10.25, 13.5, 9.75, 12.25], "rotation": 90, "texture": "#0"},
				"down": {"uv": [10.75, 12.25, 10.25, 13.5], "rotation": 270, "texture": "#0"}
			}
		},
		{
			"from": [-0.67819, 20.94212, 7.75926],
			"to": [3.32181, 22.94212, 10.45926],
			"rotation": {"angle": 22.5, "axis": "z", "origin": [1.775, 20.64919, 8.33426]},
			"faces": {
				"north": {"uv": [12.75, 5.5, 13.75, 6], "texture": "#0"},
				"east": {"uv": [13, 12.25, 13.75, 12.75], "texture": "#0"},
				"south": {"uv": [12.75, 3, 13.75, 3.5], "texture": "#0"},
				"west": {"uv": [13, 12.75, 13.75, 13.25], "texture": "#0"},
				"up": {"uv": [12.75, 10.75, 12, 9.75], "rotation": 90, "texture": "#0"},
				"down": {"uv": [12.75, 10.75, 12, 9.75], "rotation": 270, "texture": "#0"}
			}
		},
		{
			"from": [-7.89074, 22, 3.55926],
			"to": [0.10926, 30, 11.55926],
			"rotation": {"angle": 0, "axis": "y", "origin": [1.775, 20.64919, 8.33426]},
			"faces": {
				"north": {"uv": [8.5, 10.5, 6.5, 8.5], "texture": "#0"},
				"east": {"uv": [8.5, 10.5, 6.5, 8.5], "texture": "#0"},
				"south": {"uv": [8.5, 10.5, 6.5, 8.5], "texture": "#0"},
				"west": {"uv": [8.5, 10.5, 6.5, 8.5], "texture": "#0"},
				"up": {"uv": [8.5, 10.5, 6.5, 8.5], "rotation": 90, "texture": "#0"},
				"down": {"uv": [8.5, 10.5, 6.5, 8.5], "rotation": 270, "texture": "#0"}
			}
		},
		{
			"from": [-1, 21, 3],
			"to": [3, 25, 7],
			"rotation": {"angle": 0, "axis": "y", "origin": [1.775, 20.64919, 8.33426]},
			"faces": {
				"north": {"uv": [8.125, 10.25, 7.125, 9.25], "texture": "#0"},
				"east": {"uv": [8.125, 10.25, 7.125, 9.25], "texture": "#0"},
				"south": {"uv": [8.125, 10.25, 7.125, 9.25], "texture": "#0"},
				"west": {"uv": [8.125, 10.25, 7.125, 9.25], "texture": "#0"},
				"up": {"uv": [8.125, 10.25, 7.125, 9.25], "rotation": 90, "texture": "#0"},
				"down": {"uv": [8.125, 10.25, 7.125, 9.25], "rotation": 270, "texture": "#0"}
			}
		},
		{
			"from": [-6, 20, 10],
			"to": [0, 26, 16],
			"rotation": {"angle": 0, "axis": "y", "origin": [1.775, 20.64919, 8.33426]},
			"faces": {
				"north": {"uv": [8.25, 10.25, 6.75, 8.75], "texture": "#0"},
				"east": {"uv": [8.25, 10.25, 6.75, 8.75], "texture": "#0"},
				"south": {"uv": [8.25, 10.25, 6.75, 8.75], "texture": "#0"},
				"west": {"uv": [8.25, 10.25, 6.75, 8.75], "texture": "#0"},
				"up": {"uv": [8.25, 10.25, 6.75, 8.75], "rotation": 90, "texture": "#0"},
				"down": {"uv": [8.25, 10.25, 6.75, 8.75], "rotation": 270, "texture": "#0"}
			}
		},
		{
			"from": [-2.89074, 23, 6.55926],
			"to": [5.10926, 28, 14.55926],
			"rotation": {"angle": 0, "axis": "y", "origin": [1.775, 20.64919, 8.33426]},
			"faces": {
				"north": {"uv": [8.5, 9.75, 6.5, 8.5], "texture": "#0"},
				"east": {"uv": [8.5, 9.75, 6.5, 8.5], "texture": "#0"},
				"south": {"uv": [8.5, 9.75, 6.5, 8.5], "texture": "#0"},
				"west": {"uv": [8.5, 9.75, 6.5, 8.5], "texture": "#0"},
				"up": {"uv": [8.5, 10.5, 6.5, 8.5], "rotation": 90, "texture": "#0"},
				"down": {"uv": [8.5, 10.5, 6.5, 8.5], "rotation": 270, "texture": "#0"}
			}
		},
		{
			"from": [10.25, 9, 14.25],
			"to": [21.25, 20, 14.25],
			"rotation": {"angle": 45, "axis": "y", "origin": [0.5, 17.5, 11]},
			"faces": {
				"north": {"uv": [0, 0, 16, 16], "texture": "#2"},
				"south": {"uv": [16, 0, 0, 16], "texture": "#2"}
			}
		},
		{
			"from": [15.75, 9, 8.75],
			"to": [15.75, 20, 19.75],
			"rotation": {"angle": 45, "axis": "y", "origin": [0.5, 17.5, 11]},
			"faces": {
				"east": {"uv": [0, 0, 16, 16], "texture": "#2"},
				"west": {"uv": [16, 0, 0, 16], "texture": "#2"}
			}
		},
		{
			"from": [-6, 9, 9],
			"to": [7, 22, 9],
			"rotation": {"angle": 45, "axis": "y", "origin": [0.5, 17.5, 11]},
			"faces": {
				"north": {"uv": [0, 0, 16, 16], "texture": "#2"},
				"south": {"uv": [16, 0, 0, 16], "texture": "#2"}
			}
		},
		{
			"from": [0.5, 9, 1.5],
			"to": [0.5, 22, 14.5],
			"rotation": {"angle": 45, "axis": "y", "origin": [0.5, 17.5, 11]},
			"faces": {
				"east": {"uv": [16, 0, 0, 16], "texture": "#2"},
				"west": {"uv": [0, 0, 16, 16], "texture": "#2"}
			}
		},
		{
			"from": [12.58569, 15.80103, 1.46661],
			"to": [14.58569, 20.80103, 2.96661],
			"rotation": {"angle": 0, "axis": "y", "origin": [13.79285, 17.85946, 3.82114]},
			"faces": {
				"north": {"uv": [10.75, 13.5, 10.25, 12.25], "rotation": 180, "texture": "#0"},
				"east": {"uv": [14, 9.75, 12.75, 10.125], "rotation": 270, "texture": "#0"},
				"south": {"uv": [10.25, 12.25, 9.75, 13.5], "texture": "#0"},
				"west": {"uv": [14, 10.25, 12.75, 10.625], "rotation": 90, "texture": "#0"},
				"up": {"uv": [2.5, 13.5, 2, 13.875], "rotation": 180, "texture": "#0"},
				"down": {"uv": [14, 1.5, 13.5, 1.875], "texture": "#0"}
			}
		},
		{
			"from": [12.28569, 14.71893, 3.64227],
			"to": [14.98569, 16.71893, 7.64227],
			"rotation": {"angle": 45, "axis": "x", "origin": [13.79285, 17.85946, 3.82114]},
			"faces": {
				"north": {"uv": [13.75, 12.75, 13, 13.25], "texture": "#0"},
				"east": {"uv": [13.75, 3, 12.75, 3.5], "texture": "#0"},
				"south": {"uv": [13.75, 12.25, 13, 12.75], "texture": "#0"},
				"west": {"uv": [13.75, 5.5, 12.75, 6], "texture": "#0"},
				"up": {"uv": [12.75, 9.75, 12, 10.75], "texture": "#0"},
				"down": {"uv": [12.75, 9.75, 12, 10.75], "texture": "#0"}
			}
		},
		{
			"from": [10.5, 20, -0.5],
			"to": [16.5, 26, 5.5],
			"rotation": {"angle": 0, "axis": "y", "origin": [13.79285, 17.85946, 3.82114]},
			"faces": {
				"north": {"uv": [6.75, 10.25, 8.25, 8.75], "texture": "#0"},
				"east": {"uv": [6.75, 10.25, 8.25, 8.75], "texture": "#0"},
				"south": {"uv": [6.75, 10.25, 8.25, 8.75], "texture": "#0"},
				"west": {"uv": [6.75, 10.25, 8.25, 8.75], "texture": "#0"},
				"up": {"uv": [8.25, 8.75, 6.75, 10.25], "rotation": 90, "texture": "#0"},
				"down": {"uv": [8.25, 8.75, 6.75, 10.25], "rotation": 270, "texture": "#0"}
			}
		}
	],
	"gui_light": "front",
	"display": {
		"thirdperson_righthand": {
			"rotation": [62, 0, 0],
			"translation": [0, 0, 1.75],
			"scale": [0.38, 0.38, 0.38]
		},
		"thirdperson_lefthand": {
			"rotation": [62, 0, 0],
			"translation": [0, 0, 1.75],
			"scale": [0.38, 0.38, 0.38]
		},
		"firstperson_righthand": {
			"rotation": [5, 1, 3],
			"translation": [-1.5, 4, 2.25],
			"scale": [0.34, 0.34, 0.34]
		},
		"firstperson_lefthand": {
			"rotation": [5, 1, 3],
			"translation": [-1.5, 4, 2.25],
			"scale": [0.34, 0.34, 0.34]
		},
		"ground": {
			"scale": [0.5, 0.5, 0.5]
		},
		"gui": {
			"rotation": [30, -135, 0],
			"translation": [0.25, -2, 0],
			"scale": [0.38172, 0.38172, 0.38172]
		},
		"head": {
			"translation": [0, -33, -1.5],
			"scale": [1.56, 1.56, 1.56]
		},
		"fixed": {
			"rotation": [-90, 0, 0],
			"translation": [0, -1.25, -19.75],
			"scale": [2.46484, 2.46484, 2.46484]
		}
	},
	"groups": [
		0,
		1,
		{
			"name": "group",
			"origin": [8, 5, 14],
			"color": 0,
			"children": [2, 3, 4, 5, 6, 7, 8, 9, 10]
		},
		{
			"name": "group",
			"origin": [2.5, 21.25, 7.4],
			"color": 0,
			"children": [
				11,
				12,
				{
					"name": "group",
					"origin": [-1.45, 7.35212, 8.90804],
					"color": 0,
					"children": [13, 14, 15]
				},
				{
					"name": "group",
					"origin": [-1.45, 7.35212, 8.90804],
					"color": 0,
					"children": [16, 17, 18]
				}
			]
		},
		{
			"name": "group",
			"origin": [2.5, 21.25, 7.4],
			"color": 0,
			"children": [
				19,
				{
					"name": "group",
					"origin": [16.7, 0.60212, 17.40804],
					"color": 0,
					"children": [20, 21]
				}
			]
		},
		{
			"name": "group",
			"origin": [0, 0, 0],
			"color": 0,
			"children": [22, 23]
		},
		{
			"name": "group",
			"origin": [0, 0, 0],
			"color": 0,
			"children": [24, 25]
		},
		{
			"name": "group",
			"origin": [11, 25, 18],
			"color": 0,
			"children": [26, 27]
		},
		{
			"name": "group",
			"origin": [2.5, 21.25, 7.4],
			"color": 0,
			"children": [
				28,
				29,
				{
					"name": "group",
					"origin": [-1.45, 7.35212, 8.90804],
					"color": 0,
					"children": [30, 31, 32]
				},
				33,
				34,
				35,
				36
			]
		},
		{
			"name": "group",
			"origin": [0.5, 17.5, 11],
			"color": 0,
			"children": [37, 38]
		},
		{
			"name": "group",
			"origin": [0.5, 17.5, 11],
			"color": 0,
			"children": [39, 40]
		},
		{
			"name": "group",
			"origin": [2.5, 21.25, 7.4],
			"color": 0,
			"children": [
				{
					"name": "group",
					"origin": [-1.45, 7.35212, 8.90804],
					"color": 0,
					"children": [41, 42]
				},
				43
			]
		}
	]
}