{
	"format_version": "1.21.6",
	"credit": "Made with Blockbench",
	"texture_size": [128, 128],
	"textures": {
		"2": "furniture:item/pharaoh_sarcophagus",
		"particle": "furniture:item/pharaoh_sarcophagus"
	},
	"elements": [
		{
			"from": [-1, 3, -8],
			"to": [17, 9, 24],
			"rotation": {"angle": 0, "axis": "y", "origin": [0, 3, -6]},
			"faces": {
				"north": {"uv": [5.25, 1.25, 7.5, 2], "texture": "#2"},
				"east": {"uv": [4, 4.125, 8, 4.875], "texture": "#2"},
				"south": {"uv": [5.25, 2.125, 7.5, 2.875], "texture": "#2"},
				"west": {"uv": [4, 5, 8, 5.75], "texture": "#2"},
				"up": {"uv": [2.25, 8.125, 0, 4.125], "texture": "#2"}
			}
		},
		{
			"from": [-2, 0, -8],
			"to": [18, 3, 24],
			"rotation": {"angle": 0, "axis": "y", "origin": [0, 0, -5]},
			"faces": {
				"north": {"uv": [5.125, 5.875, 7.625, 6.25], "texture": "#2"},
				"east": {"uv": [5.25, 3, 9.25, 3.375], "texture": "#2"},
				"south": {"uv": [5.125, 6.375, 7.625, 6.75], "texture": "#2"},
				"west": {"uv": [5.25, 3.5, 9.25, 3.875], "texture": "#2"},
				"up": {"uv": [2.5, 4, 0, 0], "texture": "#2"},
				"down": {"uv": [5.125, 0, 2.625, 4], "texture": "#2"}
			}
		},
		{
			"from": [2, 9, -8],
			"to": [14, 13, 24],
			"rotation": {"angle": 0, "axis": "y", "origin": [0, 10, -7]},
			"faces": {
				"north": {"uv": [5.125, 6.875, 6.625, 7.375], "texture": "#2"},
				"east": {"uv": [5.25, 0, 9.25, 0.5], "texture": "#2"},
				"south": {"uv": [6.75, 6.875, 8.25, 7.375], "texture": "#2"},
				"west": {"uv": [5.25, 0.625, 9.25, 1.125], "texture": "#2"},
				"up": {"uv": [3.875, 8.125, 2.375, 4.125], "texture": "#2"}
			}
		},
		{
			"from": [2, 13, -8],
			"to": [14, 15, -5],
			"rotation": {"angle": 0, "axis": "y", "origin": [0, 12, -7]},
			"faces": {
				"north": {"uv": [7.625, 2.25, 9.125, 2.5], "texture": "#2"},
				"east": {"uv": [6.75, 8, 7.125, 8.25], "texture": "#2"},
				"south": {"uv": [7.625, 2.625, 9.125, 2.875], "texture": "#2"},
				"west": {"uv": [7.25, 8, 7.625, 8.25], "texture": "#2"},
				"up": {"uv": [5.5, 7.875, 4, 7.5], "texture": "#2"}
			}
		},
		{
			"from": [4, 13, 14],
			"to": [12, 16, 24],
			"rotation": {"angle": 0, "axis": "y", "origin": [0, 10, -6]},
			"faces": {
				"north": {"uv": [7.625, 1.25, 8.625, 1.625], "texture": "#2"},
				"east": {"uv": [5.625, 7.5, 6.875, 7.875], "texture": "#2"},
				"south": {"uv": [7.625, 1.75, 8.625, 2.125], "texture": "#2"},
				"west": {"uv": [7, 7.5, 8.25, 7.875], "texture": "#2"},
				"up": {"uv": [5, 7.125, 4, 5.875], "texture": "#2"}
			}
		},
		{
			"from": [4, 16, 21],
			"to": [12, 18, 24],
			"rotation": {"angle": 0, "axis": "y", "origin": [0, 12, -6]},
			"faces": {
				"north": {"uv": [7.75, 6.375, 8.75, 6.625], "texture": "#2"},
				"east": {"uv": [7.75, 8, 8.125, 8.25], "texture": "#2"},
				"south": {"uv": [4, 8, 5, 8.25], "texture": "#2"},
				"west": {"uv": [8.125, 4, 8.5, 4.25], "texture": "#2"},
				"up": {"uv": [8.75, 6.25, 7.75, 5.875], "texture": "#2"}
			}
		},
		{
			"from": [7, 13, 10],
			"to": [9, 15, 14],
			"rotation": {"angle": 0, "axis": "y", "origin": [0, 10, -8]},
			"faces": {
				"north": {"uv": [8.125, 4.375, 8.375, 4.625], "texture": "#2"},
				"east": {"uv": [5.125, 8, 5.625, 8.25], "texture": "#2"},
				"south": {"uv": [8.125, 4.75, 8.375, 5], "texture": "#2"},
				"west": {"uv": [5.75, 8, 6.25, 8.25], "texture": "#2"},
				"up": {"uv": [6.625, 8.5, 6.375, 8], "texture": "#2"}
			}
		}
	],
	"gui_light": "front",
	"display": {
		"thirdperson_righthand": {
			"rotation": [75, 45, 0],
			"translation": [0, 2.5, 0],
			"scale": [0.375, 0.375, 0.375]
		},
		"thirdperson_lefthand": {
			"rotation": [75, 45, 0],
			"translation": [0, 2.5, 0],
			"scale": [0.375, 0.375, 0.375]
		},
		"firstperson_righthand": {
			"rotation": [0, 120, 0],
			"scale": [0.4, 0.4, 0.4]
		},
		"firstperson_lefthand": {
			"rotation": [0, 120, 0],
			"scale": [0.4, 0.4, 0.4]
		},
		"ground": {
			"translation": [0, 2, 0],
			"scale": [0.5, 0.5, 0.5]
		},
		"gui": {
			"rotation": [30, 135, 0],
			"scale": [0.4, 0.4, 0.4]
		},
		"fixed": {
			"rotation": [-90, 0, 0],
			"translation": [0, 16, -16],
			"scale": [2, 2, 2]
		}
	},
	"groups": [
		{
			"name": "group",
			"origin": [8, 8, 10],
			"color": 0,
			"children": [
				{
					"name": "group",
					"origin": [0, 0, -5],
					"color": 0,
					"children": [0, 1]
				},
				{
					"name": "group",
					"origin": [0, 10, -7],
					"color": 0,
					"children": [2, 3, 4, 5, 6]
				}
			]
		}
	]
}