{
	"format_version": "1.21.6",
	"credit": "Made with Blockbench",
	"texture_size": [128, 128],
	"textures": {
		"1": "furniture:item/pixie_animation1",
		"2": "furniture:item/pixie_animation2",
		"3": "furniture:item/pixie_texture",
		"particle": "furniture:item/pixie_texture"
	},
	"elements": [
		{
			"from": [0, 2, 2],
			"to": [16, 12, 14],
			"rotation": {"angle": 0, "axis": "y", "origin": [0, -1, 2]},
			"faces": {
				"north": {"uv": [4.4375, 9, 6.4375, 10.25], "texture": "#3"},
				"east": {"uv": [6.4375, 9, 7.9375, 10.25], "texture": "#3"},
				"south": {"uv": [4.4375, 9, 6.4375, 10.25], "texture": "#3"},
				"west": {"uv": [6.4375, 9, 7.9375, 10.25], "texture": "#3"},
				"up": {"uv": [5.125, 10.25, 7.125, 11.75], "texture": "#3"},
				"down": {"uv": [5.125, 10.25, 7.125, 11.75], "texture": "#3"}
			}
		},
		{
			"from": [0.5, 27, 10],
			"to": [5.5, 32, 10],
			"rotation": {"angle": 22.5, "axis": "z", "origin": [4.5, 27, 8]},
			"faces": {
				"north": {"uv": [12, 0, 0, 12], "texture": "#1"},
				"east": {"uv": [0, 0, 0, 12], "texture": "#1"},
				"south": {"uv": [12, 0, 0, 12], "texture": "#1"},
				"west": {"uv": [0, 0, 0, 12], "texture": "#1"},
				"up": {"uv": [0, 0, 0, 12], "rotation": 90, "texture": "#1"},
				"down": {"uv": [0, 12, 0, 0], "rotation": 270, "texture": "#1"}
			}
		},
		{
			"from": [8.5, 17, 4],
			"to": [13.5, 22, 4],
			"rotation": {"angle": -22.5, "axis": "z", "origin": [9.5, 17, 2]},
			"faces": {
				"north": {"uv": [0, 0, 12, 12], "texture": "#1"},
				"east": {"uv": [0, 0, 0, 12], "texture": "#1"},
				"south": {"uv": [0, 0, 12, 12], "texture": "#1"},
				"west": {"uv": [0, 0, 0, 12], "texture": "#1"},
				"up": {"uv": [0, 12, 0, 0], "rotation": 90, "texture": "#1"},
				"down": {"uv": [0, 0, 0, 12], "rotation": 270, "texture": "#1"}
			}
		},
		{
			"from": [13.5, 0, 2],
			"to": [16, 2, 14],
			"rotation": {"angle": 0, "axis": "y", "origin": [16, -1, 2]},
			"faces": {
				"north": {"uv": [5.6875, 8.5, 5.375, 8.75], "texture": "#3"},
				"east": {"uv": [6.875, 8.75, 5.375, 9], "texture": "#3"},
				"south": {"uv": [5.6875, 8.5, 5.375, 8.75], "texture": "#3"},
				"west": {"uv": [7.25, 8.5, 5.75, 8.75], "texture": "#3"},
				"up": {"uv": [7.4375, 10.25, 7.125, 11.75], "texture": "#3"},
				"down": {"uv": [7.4375, 10.25, 7.125, 11.75], "texture": "#3"}
			}
		},
		{
			"from": [0, 0, 2],
			"to": [2.5, 2, 14],
			"rotation": {"angle": 0, "axis": "y", "origin": [0, -1, 2]},
			"faces": {
				"north": {"uv": [5.375, 8.5, 5.6875, 8.75], "texture": "#3"},
				"east": {"uv": [5.75, 8.5, 7.25, 8.75], "texture": "#3"},
				"south": {"uv": [5.375, 8.5, 5.6875, 8.75], "texture": "#3"},
				"west": {"uv": [5.375, 8.75, 6.875, 9], "texture": "#3"},
				"up": {"uv": [7.125, 10.25, 7.4375, 11.75], "texture": "#3"},
				"down": {"uv": [7.125, 10.25, 7.4375, 11.75], "texture": "#3"}
			}
		},
		{
			"from": [-3.25, 12, 4],
			"to": [19.25, 15, 12],
			"rotation": {"angle": 0, "axis": "y", "origin": [0, 0, -8]},
			"faces": {
				"north": {"uv": [0, 12.625, 2.8125, 13], "texture": "#3"},
				"east": {"uv": [3.4375, 10.5, 4.4375, 10.875], "texture": "#3"},
				"south": {"uv": [0, 12.625, 2.8125, 13], "texture": "#3"},
				"west": {"uv": [3.4375, 10.5, 4.4375, 10.875], "texture": "#3"},
				"up": {"uv": [0, 11.625, 2.8125, 12.625], "texture": "#3"},
				"down": {"uv": [0, 14.125, 2.8125, 15.125], "texture": "#3"}
			}
		},
		{
			"from": [-2.25, 12, 12],
			"to": [18.25, 15, 18],
			"rotation": {"angle": 45, "axis": "x", "origin": [8, 15, 12]},
			"faces": {
				"north": {"uv": [2.5625, 13.75, 0, 14.125], "texture": "#3"},
				"east": {"uv": [3.4375, 10.875, 4.1875, 11.25], "texture": "#3"},
				"south": {"uv": [2.5625, 13.75, 0, 14.125], "texture": "#3"},
				"west": {"uv": [4.1875, 10.875, 3.4375, 11.25], "texture": "#3"},
				"up": {"uv": [0, 13.75, 2.5625, 13], "texture": "#3"},
				"down": {"uv": [2.5625, 13.75, 5.125, 13], "texture": "#3"}
			}
		},
		{
			"from": [-1.25, 5.75736, 13.24264],
			"to": [17.25, 10.75736, 16.24264],
			"rotation": {"angle": 0, "axis": "y", "origin": [8, 10.75736, 16.24264]},
			"faces": {
				"north": {"uv": [5.5, 12.25, 3.1875, 12.875], "rotation": 180, "texture": "#3"},
				"east": {"uv": [2.8125, 12.25, 3.1875, 12.875], "rotation": 180, "texture": "#3"},
				"south": {"uv": [5.125, 11.25, 2.8125, 11.875], "rotation": 180, "texture": "#3"},
				"west": {"uv": [3.1875, 12.25, 2.8125, 12.875], "rotation": 180, "texture": "#3"},
				"up": {"uv": [2.8125, 12.25, 5.125, 11.875], "rotation": 180, "texture": "#3"},
				"down": {"uv": [2.8125, 12.25, 5.125, 11.875], "rotation": 180, "texture": "#3"}
			}
		},
		{
			"from": [-2.25, 12, -2],
			"to": [18.25, 15, 4],
			"rotation": {"angle": -45, "axis": "x", "origin": [8, 15, 4]},
			"faces": {
				"north": {"uv": [0, 13.75, 2.5625, 14.125], "texture": "#3"},
				"east": {"uv": [4.1875, 10.875, 3.4375, 11.25], "texture": "#3"},
				"south": {"uv": [0, 13.75, 2.5625, 14.125], "texture": "#3"},
				"west": {"uv": [3.4375, 10.875, 4.1875, 11.25], "texture": "#3"},
				"up": {"uv": [0, 13, 2.5625, 13.75], "texture": "#3"},
				"down": {"uv": [2.5625, 13, 5.125, 13.75], "texture": "#3"}
			}
		},
		{
			"from": [-1.25, 5.75736, -0.24264],
			"to": [17.25, 10.75736, 2.75736],
			"rotation": {"angle": 0, "axis": "y", "origin": [8, 10.75736, -0.24264]},
			"faces": {
				"north": {"uv": [2.8125, 11.25, 5.125, 11.875], "rotation": 180, "texture": "#3"},
				"east": {"uv": [3.1875, 12.25, 2.8125, 12.875], "rotation": 180, "texture": "#3"},
				"south": {"uv": [3.1875, 12.25, 5.5, 12.875], "rotation": 180, "texture": "#3"},
				"west": {"uv": [2.8125, 12.25, 3.1875, 12.875], "rotation": 180, "texture": "#3"},
				"up": {"uv": [2.8125, 11.875, 5.125, 12.25], "rotation": 180, "texture": "#3"},
				"down": {"uv": [2.8125, 11.875, 5.125, 12.25], "rotation": 180, "texture": "#3"}
			}
		},
		{
			"from": [5, 7.5, -1],
			"to": [9, 11.5, 3],
			"rotation": {"angle": -45, "axis": "z", "origin": [8, 8.5, 1.4]},
			"faces": {
				"north": {"uv": [3.0625, 3.375, 3.5625, 2.875], "rotation": 90, "texture": "#3"},
				"east": {"uv": [4.9375, 7.1875, 5.4375, 6.6875], "rotation": 90, "texture": "#3"},
				"south": {"uv": [3.0625, 2.875, 3.5625, 3.375], "rotation": 90, "texture": "#3"},
				"west": {"uv": [5.4375, 6.6875, 4.9375, 6.1875], "rotation": 90, "texture": "#3"},
				"up": {"uv": [4.9375, 6.1875, 5.4375, 6.6875], "rotation": 180, "texture": "#3"},
				"down": {"uv": [4.9375, 7.1875, 5.4375, 6.6875], "texture": "#3"}
			}
		},
		{
			"from": [-8.5, 1, 5],
			"to": [-8.5, 15, 15],
			"rotation": {"angle": -45, "axis": "y", "origin": [-10.5, 3, 11]},
			"faces": {
				"north": {"uv": [0, 0, 0, 12], "texture": "#2"},
				"east": {"uv": [10, 0, 0, 14], "texture": "#2"},
				"south": {"uv": [0, 0, 0, 12], "texture": "#2"},
				"west": {"uv": [0, 0, 10, 14], "texture": "#2"},
				"up": {"uv": [0, 10, 0, 0], "texture": "#2"},
				"down": {"uv": [0, 0, 0, 10], "texture": "#2"}
			}
		},
		{
			"from": [24.5, 1, 5],
			"to": [24.5, 15, 15],
			"rotation": {"angle": 45, "axis": "y", "origin": [26.5, 3, 11]},
			"faces": {
				"north": {"uv": [0, 0, 0, 12], "texture": "#2"},
				"east": {"uv": [10, 0, 0, 14], "texture": "#2"},
				"south": {"uv": [0, 0, 0, 12], "texture": "#2"},
				"west": {"uv": [0, 0, 10, 14], "texture": "#2"},
				"up": {"uv": [0, 10, 0, 0], "texture": "#2"},
				"down": {"uv": [0, 0, 0, 10], "texture": "#2"}
			}
		},
		{
			"from": [-15, 7, 8],
			"to": [-1, 29, 8],
			"rotation": {"angle": 22.5, "axis": "y", "origin": [-3, 14, 8]},
			"faces": {
				"north": {"uv": [6, 0, 7.75, 2.75], "texture": "#3"},
				"east": {"uv": [0, 0, 0, 1.3125], "texture": "#missing"},
				"south": {"uv": [7.75, 0, 6, 2.75], "texture": "#3"},
				"west": {"uv": [0, 0, 0, 1.3125], "texture": "#missing"},
				"up": {"uv": [0, 0, 0, 0.8125], "rotation": 90, "texture": "#missing"},
				"down": {"uv": [0, 0, 0, 0.8125], "rotation": 270, "texture": "#missing"}
			}
		},
		{
			"from": [17, 7, 8],
			"to": [31, 29, 8],
			"rotation": {"angle": -22.5, "axis": "y", "origin": [19, 14, 8]},
			"faces": {
				"north": {"uv": [7.75, 0, 6, 2.75], "texture": "#3"},
				"east": {"uv": [0, 0, 0, 1.3125], "texture": "#missing"},
				"south": {"uv": [6, 0, 7.75, 2.75], "texture": "#3"},
				"west": {"uv": [0, 0, 0, 1.3125], "texture": "#missing"},
				"up": {"uv": [0, 0.8125, 0, 0], "rotation": 90, "texture": "#missing"},
				"down": {"uv": [0, 0.8125, 0, 0], "rotation": 270, "texture": "#missing"}
			}
		},
		{
			"from": [7, 8.8, -1.5],
			"to": [9.5, 11.3, 3.5],
			"rotation": {"angle": -45, "axis": "z", "origin": [8, 10.3, 0.7]},
			"faces": {
				"north": {"uv": [3.5, 1.625, 3.8125, 1.9375], "rotation": 90, "texture": "#3"},
				"east": {"uv": [3.5625, 2.25, 3.875, 2.875], "rotation": 90, "texture": "#3"},
				"south": {"uv": [3.5, 1.9375, 3.8125, 1.625], "rotation": 90, "texture": "#3"},
				"west": {"uv": [3.875, 2.25, 4.1875, 2.875], "rotation": 90, "texture": "#3"},
				"up": {"uv": [4.1875, 2.25, 3.875, 2.875], "rotation": 180, "texture": "#3"},
				"down": {"uv": [3.5625, 2.25, 3.875, 2.875], "texture": "#3"}
			}
		},
		{
			"from": [6, 6.5, 7],
			"to": [10, 10.5, 11],
			"rotation": {"angle": -45, "axis": "x", "origin": [8.4, 7.5, 8]},
			"faces": {
				"north": {"uv": [4.9375, 7.1875, 5.4375, 6.6875], "rotation": 90, "texture": "#3"},
				"east": {"uv": [3.0625, 2.875, 3.5625, 3.375], "rotation": 90, "texture": "#3"},
				"south": {"uv": [5.4375, 6.6875, 4.9375, 6.1875], "rotation": 90, "texture": "#3"},
				"west": {"uv": [3.0625, 3.375, 3.5625, 2.875], "rotation": 90, "texture": "#3"},
				"up": {"uv": [4.9375, 6.1875, 5.4375, 6.6875], "rotation": 90, "texture": "#3"},
				"down": {"uv": [4.9375, 7.1875, 5.4375, 6.6875], "rotation": 90, "texture": "#3"}
			}
		},
		{
			"from": [5.5, 7.8, 6.5],
			"to": [10.5, 10.3, 9],
			"rotation": {"angle": -45, "axis": "x", "origin": [7.7, 9.3, 8]},
			"faces": {
				"north": {"uv": [3.5625, 2.25, 3.875, 2.875], "rotation": 90, "texture": "#3"},
				"east": {"uv": [3.5, 1.9375, 3.8125, 1.625], "rotation": 90, "texture": "#3"},
				"south": {"uv": [3.875, 2.25, 4.1875, 2.875], "rotation": 90, "texture": "#3"},
				"west": {"uv": [3.5, 1.625, 3.8125, 1.9375], "rotation": 90, "texture": "#3"},
				"up": {"uv": [4.1875, 2.25, 3.875, 2.875], "rotation": 90, "texture": "#3"},
				"down": {"uv": [3.5625, 2.25, 3.875, 2.875], "rotation": 90, "texture": "#3"}
			}
		},
		{
			"from": [11.81, 14.4, 7.41],
			"to": [19.01, 21.4, 7.41],
			"rotation": {"angle": -22.5, "axis": "y", "origin": [15.41, 17.9, 7.41]},
			"faces": {
				"north": {"uv": [5.4375, 1.875, 4.5625, 2.75], "rotation": 270, "texture": "#3"},
				"east": {"uv": [0, 0, 0, 0.5625], "texture": "#missing"},
				"south": {"uv": [4.5625, 1.875, 5.4375, 2.75], "rotation": 90, "texture": "#3"},
				"west": {"uv": [0, 0, 0, 0.5625], "rotation": 180, "texture": "#missing"},
				"up": {"uv": [0, 0, 0, 0.8125], "rotation": 90, "texture": "#missing"},
				"down": {"uv": [0, 0, 0, 0.8125], "rotation": 90, "texture": "#missing"}
			}
		},
		{
			"from": [-4.49, 15, 9.59],
			"to": [6.51, 29, 9.59],
			"rotation": {"angle": 22.5, "axis": "y", "origin": [0.01, 23, 9.5]},
			"faces": {
				"north": {"uv": [4.5, 0, 5.875, 1.75], "texture": "#3"},
				"east": {"uv": [0, 0, 0, 0.8125], "texture": "#missing"},
				"south": {"uv": [5.875, 0, 4.5, 1.75], "texture": "#3"},
				"west": {"uv": [0, 0, 0, 0.8125], "texture": "#missing"},
				"up": {"uv": [0, 0.5625, 0, 0], "rotation": 90, "texture": "#missing"},
				"down": {"uv": [0, 0.5625, 0, 0], "rotation": 270, "texture": "#missing"}
			}
		}
	],
	"gui_light": "front",
	"display": {
		"thirdperson_righthand": {
			"rotation": [75, 45, 0],
			"translation": [0, 2.25, 0.5],
			"scale": [0.21484, 0.21484, 0.21484]
		},
		"thirdperson_lefthand": {
			"rotation": [75, 45, 0],
			"translation": [0, 2.25, 0.5],
			"scale": [0.21484, 0.21484, 0.21484]
		},
		"firstperson_righthand": {
			"rotation": [0, 135, 0],
			"translation": [1.75, 4, 0],
			"scale": [0.31602, 0.31602, 0.31602]
		},
		"firstperson_lefthand": {
			"rotation": [0, 135, 0],
			"translation": [1.75, 4, 0],
			"scale": [0.31602, 0.31602, 0.31602]
		},
		"ground": {
			"translation": [0, 11, 0],
			"scale": [0.5, 0.5, 0.5]
		},
		"gui": {
			"rotation": [14, -14, 0],
			"translation": [0, -0.5, -1.5],
			"scale": [0.61914, 0.61914, 0.61914]
		},
		"head": {
			"rotation": [0, -180, 0],
			"translation": [0, -30.4, 0],
			"scale": [1.6, 1.6, 1.6]
		},
		"fixed": {
			"rotation": [-90, 0, 0],
			"translation": [0, 0, -16],
			"scale": [2.5, 2.5, 2.5]
		}
	},
	"mcmodels": "33ce342fbc47a020b7f0c88ffed1fa54"
}