{
	"format_version": "1.21.6",
	"credit": "Made with Blockbench",
	"texture_size": [128, 128],
	"textures": {
		"2": "furniture:item/potted_cactus"
	},
	"elements": [
		{
			"from": [4, -16, 4],
			"to": [12, -14, 12],
			"rotation": {"angle": 0, "axis": "y", "origin": [8, -9.5, 8]},
			"faces": {
				"north": {"uv": [6.75, 0, 7.75, 0.25], "texture": "#2"},
				"east": {"uv": [6.75, 0.375, 7.75, 0.625], "texture": "#2"},
				"south": {"uv": [6.75, 0.75, 7.75, 1], "texture": "#2"},
				"west": {"uv": [6.75, 1.125, 7.75, 1.375], "texture": "#2"},
				"up": {"uv": [6.625, 1, 5.625, 0], "texture": "#2"},
				"down": {"uv": [6.625, 1.125, 5.625, 2.125], "texture": "#2"}
			}
		},
		{
			"from": [2, -14, 2],
			"to": [14, -7, 14],
			"rotation": {"angle": 0, "axis": "y", "origin": [8, -9.5, 8]},
			"faces": {
				"north": {"uv": [4.25, 2.75, 5.75, 3.625], "texture": "#2"},
				"east": {"uv": [4.25, 2.75, 5.75, 3.625], "texture": "#2"},
				"south": {"uv": [4.25, 2.75, 5.75, 3.625], "texture": "#2"},
				"west": {"uv": [4.25, 2.75, 5.75, 3.625], "texture": "#2"},
				"up": {"uv": [4.125, 1.5, 2.625, 0], "texture": "#2"},
				"down": {"uv": [4.125, 1.625, 2.625, 3.125], "texture": "#2"}
			}
		},
		{
			"from": [3, -7, 3],
			"to": [13, -5, 13],
			"rotation": {"angle": 0, "axis": "y", "origin": [8, -9.5, 8]},
			"faces": {
				"north": {"uv": [5.875, 5, 7.125, 5.25], "texture": "#2"},
				"east": {"uv": [5.875, 5.375, 7.125, 5.625], "texture": "#2"},
				"south": {"uv": [5.875, 5.75, 7.125, 6], "texture": "#2"},
				"west": {"uv": [5.875, 6.125, 7.125, 6.375], "texture": "#2"},
				"up": {"uv": [5.5, 1.25, 4.25, 0], "texture": "#2"},
				"down": {"uv": [5.5, 1.375, 4.25, 2.625], "texture": "#2"}
			}
		},
		{
			"from": [2, -5, 2],
			"to": [14, -3, 14],
			"rotation": {"angle": 0, "axis": "y", "origin": [8, -9.5, 8]},
			"faces": {
				"north": {"uv": [5.875, 3.5, 7.375, 3.75], "texture": "#2"},
				"east": {"uv": [5.875, 3.875, 7.375, 4.125], "texture": "#2"},
				"south": {"uv": [5.875, 4.25, 7.375, 4.5], "texture": "#2"},
				"west": {"uv": [5.875, 4.625, 7.375, 4.875], "texture": "#2"},
				"up": {"uv": [4.125, 4.75, 2.625, 3.25], "texture": "#2"},
				"down": {"uv": [1.5, 4, 0, 5.5], "texture": "#2"}
			}
		},
		{
			"from": [4.5, -3, 4.5],
			"to": [11.5, 28, 11.5],
			"rotation": {"angle": 0, "axis": "y", "origin": [7.5, 0, 5.5]},
			"faces": {
				"north": {"uv": [1.625, 0, 2.5, 3.875], "texture": "#2"},
				"east": {"uv": [2.5, 0, 1.625, 3.875], "texture": "#2"},
				"south": {"uv": [2.5, 0, 1.625, 3.875], "texture": "#2"},
				"west": {"uv": [1.625, 0, 2.5, 3.875], "texture": "#2"},
				"up": {"uv": [4.125, 5.75, 3.25, 4.875], "texture": "#2"},
				"down": {"uv": [5.125, 5.75, 4.25, 6.625], "texture": "#2"}
			}
		},
		{
			"from": [3, -2.37868, 5.5],
			"to": [6, 6.62132, 8.5],
			"rotation": {"angle": 45, "axis": "z", "origin": [4.5, -0.87868, 7]},
			"faces": {
				"north": {"uv": [5.875, 2.25, 6.25, 3.375], "texture": "#2"},
				"east": {"uv": [2.375, 5.875, 2.75, 7], "texture": "#2"},
				"south": {"uv": [2.875, 5.875, 3.25, 7], "texture": "#2"},
				"west": {"uv": [3.375, 5.875, 3.75, 7], "texture": "#2"},
				"up": {"uv": [2.25, 6.875, 1.875, 6.5], "texture": "#2"},
				"down": {"uv": [0.375, 7, 0, 7.375], "texture": "#2"}
			}
		},
		{
			"from": [10, 16.62132, 6.5],
			"to": [13, 25.62132, 9.5],
			"rotation": {"angle": -45, "axis": "z", "origin": [11.5, 18.12132, 8]},
			"faces": {
				"north": {"uv": [6.25, 2.25, 5.875, 3.375], "texture": "#2"},
				"east": {"uv": [3.75, 5.875, 3.375, 7], "texture": "#2"},
				"south": {"uv": [3.25, 5.875, 2.875, 7], "texture": "#2"},
				"west": {"uv": [2.75, 5.875, 2.375, 7], "texture": "#2"},
				"up": {"uv": [1.875, 6.875, 2.25, 6.5], "texture": "#2"},
				"down": {"uv": [0, 7, 0.375, 7.375], "texture": "#2"}
			}
		},
		{
			"from": [2, -3, 8],
			"to": [14, 28, 8],
			"rotation": {"angle": 45, "axis": "y", "origin": [8, 12.5, 8]},
			"faces": {
				"north": {"uv": [0, 0, 1.5, 3.875], "texture": "#2"},
				"east": {"uv": [0.875, 7, 0.875, 10.875], "texture": "#2"},
				"south": {"uv": [0, 0, 1.5, 3.875], "texture": "#2"},
				"west": {"uv": [1, 7, 1, 10.875], "texture": "#2"},
				"up": {"uv": [8.25, 2.125, 6.75, 2.125], "texture": "#2"},
				"down": {"uv": [2.625, 7.125, 1.125, 7.125], "texture": "#2"}
			}
		},
		{
			"from": [8, -3, 2],
			"to": [8, 28, 14],
			"rotation": {"angle": 45, "axis": "y", "origin": [8, 12.5, 8]},
			"faces": {
				"north": {"uv": [1, 7, 1, 10.875], "texture": "#2"},
				"east": {"uv": [0, 0, 1.5, 3.875], "texture": "#2"},
				"south": {"uv": [0.875, 7, 0.875, 10.875], "texture": "#2"},
				"west": {"uv": [0, 0, 1.5, 3.875], "texture": "#2"},
				"up": {"uv": [6.75, 2.125, 8.25, 2.125], "texture": "#2"},
				"down": {"uv": [1.125, 7.125, 2.625, 7.125], "texture": "#2"}
			}
		},
		{
			"from": [3.5, 28, 8.5],
			"to": [12.5, 32, 8.5],
			"rotation": {"angle": 45, "axis": "x", "origin": [8, 28, 8.5]},
			"faces": {
				"north": {"uv": [1.125, 5.875, 2.25, 6.375], "texture": "#2"},
				"east": {"uv": [2.375, 4, 2.375, 4.5], "texture": "#2"},
				"south": {"uv": [1.125, 5.875, 2.25, 6.375], "texture": "#2"},
				"west": {"uv": [2.5, 4, 2.5, 4.5], "texture": "#2"},
				"up": {"uv": [8.25, 2.25, 7.125, 2.25], "texture": "#2"},
				"down": {"uv": [8.25, 2.375, 7.125, 2.375], "texture": "#2"}
			}
		},
		{
			"from": [3.5, 28, 7.5],
			"to": [12.5, 32, 7.5],
			"rotation": {"angle": -45, "axis": "x", "origin": [8, 28, 7.5]},
			"faces": {
				"north": {"uv": [2.25, 5.875, 1.125, 6.375], "texture": "#2"},
				"east": {"uv": [2.375, 4, 2.375, 4.5], "texture": "#2"},
				"south": {"uv": [2.25, 5.875, 1.125, 6.375], "texture": "#2"},
				"west": {"uv": [2.5, 4, 2.5, 4.5], "texture": "#2"},
				"up": {"uv": [8.25, 2.25, 7.125, 2.25], "texture": "#2"},
				"down": {"uv": [8.25, 2.375, 7.125, 2.375], "texture": "#2"}
			}
		},
		{
			"from": [8.5, 28, 3.5],
			"to": [8.5, 32, 12.5],
			"rotation": {"angle": -45, "axis": "z", "origin": [8.5, 28, 8]},
			"faces": {
				"north": {"uv": [2.5, 4, 2.5, 4.5], "texture": "#2"},
				"east": {"uv": [2.25, 5.875, 1.125, 6.375], "texture": "#2"},
				"south": {"uv": [2.375, 4, 2.375, 4.5], "texture": "#2"},
				"west": {"uv": [2.25, 5.875, 1.125, 6.375], "texture": "#2"},
				"up": {"uv": [8.25, 2.25, 7.125, 2.25], "texture": "#2"},
				"down": {"uv": [8.25, 2.375, 7.125, 2.375], "texture": "#2"}
			}
		},
		{
			"from": [7.5, 28, 3.5],
			"to": [7.5, 32, 12.5],
			"rotation": {"angle": 45, "axis": "z", "origin": [7.5, 28, 8]},
			"faces": {
				"north": {"uv": [2.5, 4, 2.5, 4.5], "texture": "#2"},
				"east": {"uv": [1.125, 5.875, 2.25, 6.375], "texture": "#2"},
				"south": {"uv": [2.375, 4, 2.375, 4.5], "texture": "#2"},
				"west": {"uv": [1.125, 5.875, 2.25, 6.375], "texture": "#2"},
				"up": {"uv": [8.25, 2.25, 7.125, 2.25], "texture": "#2"},
				"down": {"uv": [8.25, 2.375, 7.125, 2.375], "texture": "#2"}
			}
		},
		{
			"from": [8.5, 5, 1.5],
			"to": [13.5, 9, 5.5],
			"rotation": {"angle": 45, "axis": "y", "origin": [12.5, 8.5, 3.5]},
			"faces": {
				"north": {"uv": [1.625, 4, 2.25, 4.5], "texture": "#2"},
				"east": {"uv": [4.5, 6.75, 5, 7.25], "texture": "#2"},
				"south": {"uv": [6.375, 2.25, 7, 2.75], "texture": "#2"},
				"west": {"uv": [6.75, 6.5, 7.25, 7], "texture": "#2"},
				"up": {"uv": [7, 3.375, 6.375, 2.875], "texture": "#2"},
				"down": {"uv": [1.75, 6.5, 1.125, 7], "texture": "#2"}
			}
		},
		{
			"from": [13.5, 5, 1.5],
			"to": [17.5, 15, 5.5],
			"rotation": {"angle": 45, "axis": "y", "origin": [12.5, 8.5, 3.5]},
			"faces": {
				"north": {"uv": [5.25, 5.75, 5.75, 7], "texture": "#2"},
				"east": {"uv": [5.25, 5.75, 5.75, 7], "texture": "#2"},
				"south": {"uv": [5.25, 5.75, 5.75, 7], "texture": "#2"},
				"west": {"uv": [5.25, 5.75, 5.75, 7], "texture": "#2"},
				"up": {"uv": [7.25, 2, 6.75, 1.5], "texture": "#2"},
				"down": {"uv": [4.375, 6.75, 3.875, 7.25], "texture": "#2"}
			}
		},
		{
			"from": [14.62132, 5, -2.62132],
			"to": [14.62132, 15, 5.37868],
			"rotation": {"angle": 0, "axis": "y", "origin": [14.62132, 10, 0.37868]},
			"faces": {
				"north": {"uv": [5.125, 6.75, 5.125, 8], "texture": "#2"},
				"east": {"uv": [0, 5.625, 1, 6.875], "texture": "#2"},
				"south": {"uv": [0.5, 7, 0.5, 8.25], "texture": "#2"},
				"west": {"uv": [0, 5.625, 1, 6.875], "texture": "#2"},
				"up": {"uv": [0.625, 8, 0.625, 7], "texture": "#2"},
				"down": {"uv": [0.75, 7, 0.75, 8], "texture": "#2"}
			}
		},
		{
			"from": [10.62132, 5, 1.37868],
			"to": [18.62132, 15, 1.37868],
			"rotation": {"angle": 0, "axis": "y", "origin": [14.62132, 10, 1.37868]},
			"faces": {
				"north": {"uv": [0, 5.625, 1, 6.875], "texture": "#2"},
				"east": {"uv": [5.125, 6.75, 5.125, 8], "texture": "#2"},
				"south": {"uv": [0, 5.625, 1, 6.875], "texture": "#2"},
				"west": {"uv": [0.5, 7, 0.5, 8.25], "texture": "#2"},
				"up": {"uv": [0.625, 8, 0.625, 7], "texture": "#2"},
				"down": {"uv": [0.75, 7, 0.75, 8], "texture": "#2"}
			}
		},
		{
			"from": [11.62132, 15.31081, 2.12833],
			"to": [17.62132, 18.31081, 2.12833],
			"rotation": {"angle": 45, "axis": "x", "origin": [14.62132, 16.06031, 1.37833]},
			"faces": {
				"north": {"uv": [5.875, 6.5, 6.625, 6.875], "texture": "#2"},
				"east": {"uv": [5.625, 2.25, 5.625, 2.625], "texture": "#2"},
				"south": {"uv": [5.875, 6.5, 6.625, 6.875], "texture": "#2"},
				"west": {"uv": [5.75, 2.25, 5.75, 2.625], "texture": "#2"},
				"up": {"uv": [2.375, 4.625, 1.625, 4.625], "texture": "#2"},
				"down": {"uv": [2.375, 4.75, 1.625, 4.75], "texture": "#2"}
			}
		},
		{
			"from": [11.62132, 14.99929, 1.37797],
			"to": [17.62132, 17.99929, 1.37797],
			"rotation": {"angle": -45, "axis": "x", "origin": [14.62132, 14.99929, 1.37797]},
			"faces": {
				"north": {"uv": [6.625, 6.5, 5.875, 6.875], "texture": "#2"},
				"east": {"uv": [5.625, 2.25, 5.625, 2.625], "texture": "#2"},
				"south": {"uv": [6.625, 6.5, 5.875, 6.875], "texture": "#2"},
				"west": {"uv": [5.75, 2.25, 5.75, 2.625], "texture": "#2"},
				"up": {"uv": [2.375, 4.625, 1.625, 4.625], "texture": "#2"},
				"down": {"uv": [2.375, 4.75, 1.625, 4.75], "texture": "#2"}
			}
		},
		{
			"from": [13.87132, 15.31081, -1.62167],
			"to": [13.87132, 18.31081, 4.37833],
			"rotation": {"angle": 45, "axis": "z", "origin": [14.62132, 16.06031, 1.37833]},
			"faces": {
				"north": {"uv": [5.75, 2.25, 5.75, 2.625], "texture": "#2"},
				"east": {"uv": [5.875, 6.5, 6.625, 6.875], "texture": "#2"},
				"south": {"uv": [5.625, 2.25, 5.625, 2.625], "texture": "#2"},
				"west": {"uv": [5.875, 6.5, 6.625, 6.875], "texture": "#2"},
				"up": {"uv": [2.375, 4.625, 1.625, 4.625], "texture": "#2"},
				"down": {"uv": [2.375, 4.75, 1.625, 4.75], "texture": "#2"}
			}
		},
		{
			"from": [15.37182, 15.31031, -1.62167],
			"to": [15.37182, 18.31031, 4.37833],
			"rotation": {"angle": -45, "axis": "z", "origin": [14.62132, 16.06031, 1.37833]},
			"faces": {
				"north": {"uv": [5.75, 2.25, 5.75, 2.625], "texture": "#2"},
				"east": {"uv": [6.625, 6.5, 5.875, 6.875], "texture": "#2"},
				"south": {"uv": [5.625, 2.25, 5.625, 2.625], "texture": "#2"},
				"west": {"uv": [6.625, 6.5, 5.875, 6.875], "texture": "#2"},
				"up": {"uv": [2.375, 4.625, 1.625, 4.625], "texture": "#2"},
				"down": {"uv": [2.375, 4.75, 1.625, 4.75], "texture": "#2"}
			}
		},
		{
			"from": [2.5, 12, 10.5],
			"to": [7.5, 16, 14.5],
			"rotation": {"angle": 45, "axis": "y", "origin": [3.5, 15.5, 12.5]},
			"faces": {
				"north": {"uv": [6.375, 2.25, 7, 2.75], "texture": "#2"},
				"east": {"uv": [6.75, 6.5, 7.25, 7], "texture": "#2"},
				"south": {"uv": [1.625, 4, 2.25, 4.5], "texture": "#2"},
				"west": {"uv": [4.5, 6.75, 5, 7.25], "texture": "#2"},
				"up": {"uv": [6.375, 2.875, 7, 3.375], "texture": "#2"},
				"down": {"uv": [1.125, 7, 1.75, 6.5], "texture": "#2"}
			}
		},
		{
			"from": [-1.5, 12, 10.5],
			"to": [2.5, 22, 14.5],
			"rotation": {"angle": 45, "axis": "y", "origin": [3.5, 15.5, 12.5]},
			"faces": {
				"north": {"uv": [5.25, 5.75, 5.75, 7], "texture": "#2"},
				"east": {"uv": [5.25, 5.75, 5.75, 7], "texture": "#2"},
				"south": {"uv": [5.25, 5.75, 5.75, 7], "texture": "#2"},
				"west": {"uv": [5.25, 5.75, 5.75, 7], "texture": "#2"},
				"up": {"uv": [6.75, 1.5, 7.25, 2], "texture": "#2"},
				"down": {"uv": [3.875, 7.25, 4.375, 6.75], "texture": "#2"}
			}
		},
		{
			"from": [1.37868, 12, 10.62132],
			"to": [1.37868, 22, 18.62132],
			"rotation": {"angle": 0, "axis": "y", "origin": [1.37868, 17, 15.62132]},
			"faces": {
				"north": {"uv": [0.5, 7, 0.5, 8.25], "texture": "#2"},
				"east": {"uv": [0, 5.625, 1, 6.875], "texture": "#2"},
				"south": {"uv": [5.125, 6.75, 5.125, 8], "texture": "#2"},
				"west": {"uv": [0, 5.625, 1, 6.875], "texture": "#2"},
				"up": {"uv": [0.625, 7, 0.625, 8], "texture": "#2"},
				"down": {"uv": [0.75, 8, 0.75, 7], "texture": "#2"}
			}
		},
		{
			"from": [-2.62132, 12, 14.62132],
			"to": [5.37868, 22, 14.62132],
			"rotation": {"angle": 0, "axis": "y", "origin": [1.37868, 17, 14.62132]},
			"faces": {
				"north": {"uv": [0, 5.625, 1, 6.875], "texture": "#2"},
				"east": {"uv": [0.5, 7, 0.5, 8.25], "texture": "#2"},
				"south": {"uv": [0, 5.625, 1, 6.875], "texture": "#2"},
				"west": {"uv": [5.125, 6.75, 5.125, 8], "texture": "#2"},
				"up": {"uv": [0.625, 7, 0.625, 8], "texture": "#2"},
				"down": {"uv": [0.75, 8, 0.75, 7], "texture": "#2"}
			}
		},
		{
			"from": [-1.62132, 22.31081, 13.87167],
			"to": [4.37868, 25.31081, 13.87167],
			"rotation": {"angle": -45, "axis": "x", "origin": [1.37868, 23.06031, 14.62167]},
			"faces": {
				"north": {"uv": [5.875, 6.5, 6.625, 6.875], "texture": "#2"},
				"east": {"uv": [5.75, 2.25, 5.75, 2.625], "texture": "#2"},
				"south": {"uv": [5.875, 6.5, 6.625, 6.875], "texture": "#2"},
				"west": {"uv": [5.625, 2.25, 5.625, 2.625], "texture": "#2"},
				"up": {"uv": [1.625, 4.625, 2.375, 4.625], "texture": "#2"},
				"down": {"uv": [1.625, 4.75, 2.375, 4.75], "texture": "#2"}
			}
		},
		{
			"from": [-1.62132, 21.99929, 14.62203],
			"to": [4.37868, 24.99929, 14.62203],
			"rotation": {"angle": 45, "axis": "x", "origin": [1.37868, 21.99929, 14.62203]},
			"faces": {
				"north": {"uv": [6.625, 6.5, 5.875, 6.875], "texture": "#2"},
				"east": {"uv": [5.75, 2.25, 5.75, 2.625], "texture": "#2"},
				"south": {"uv": [6.625, 6.5, 5.875, 6.875], "texture": "#2"},
				"west": {"uv": [5.625, 2.25, 5.625, 2.625], "texture": "#2"},
				"up": {"uv": [1.625, 4.625, 2.375, 4.625], "texture": "#2"},
				"down": {"uv": [1.625, 4.75, 2.375, 4.75], "texture": "#2"}
			}
		},
		{
			"from": [2.12868, 22.31081, 11.62167],
			"to": [2.12868, 25.31081, 17.62167],
			"rotation": {"angle": -45, "axis": "z", "origin": [1.37868, 23.06031, 14.62167]},
			"faces": {
				"north": {"uv": [5.625, 2.25, 5.625, 2.625], "texture": "#2"},
				"east": {"uv": [5.875, 6.5, 6.625, 6.875], "texture": "#2"},
				"south": {"uv": [5.75, 2.25, 5.75, 2.625], "texture": "#2"},
				"west": {"uv": [5.875, 6.5, 6.625, 6.875], "texture": "#2"},
				"up": {"uv": [1.625, 4.625, 2.375, 4.625], "texture": "#2"},
				"down": {"uv": [1.625, 4.75, 2.375, 4.75], "texture": "#2"}
			}
		},
		{
			"from": [0.62818, 22.31031, 11.62167],
			"to": [0.62818, 25.31031, 17.62167],
			"rotation": {"angle": 45, "axis": "z", "origin": [1.37868, 23.06031, 14.62167]},
			"faces": {
				"north": {"uv": [5.625, 2.25, 5.625, 2.625], "texture": "#2"},
				"east": {"uv": [6.625, 6.5, 5.875, 6.875], "texture": "#2"},
				"south": {"uv": [5.75, 2.25, 5.75, 2.625], "texture": "#2"},
				"west": {"uv": [6.625, 6.5, 5.875, 6.875], "texture": "#2"},
				"up": {"uv": [1.625, 4.625, 2.375, 4.625], "texture": "#2"},
				"down": {"uv": [1.625, 4.75, 2.375, 4.75], "texture": "#2"}
			}
		}
	],
	"gui_light": "front",
	"display": {
		"thirdperson_righthand": {
			"rotation": [75, 45, 0],
			"translation": [0, 2.5, 0],
			"scale": [0.25, 0.25, 0.25]
		},
		"thirdperson_lefthand": {
			"rotation": [75, 45, 0],
			"translation": [0, 2.5, 0],
			"scale": [0.25, 0.25, 0.25]
		},
		"firstperson_righthand": {
			"rotation": [0, 45, 0],
			"scale": [0.25, 0.25, 0.25]
		},
		"firstperson_lefthand": {
			"rotation": [0, -135, 0],
			"scale": [0.25, 0.25, 0.25]
		},
		"ground": {
			"translation": [0, 3, 0],
			"scale": [0.25, 0.25, 0.25]
		},
		"gui": {
			"rotation": [15, 150, 0],
			"translation": [0, 0.25, 0],
			"scale": [0.3, 0.3, 0.3]
		},
		"fixed": {
			"rotation": [-90, 0, 0],
			"translation": [0, 0, -48],
			"scale": [2, 2, 2]
		}
	},
	"groups": [
		{
			"name": "group",
			"origin": [8, 8, 8],
			"color": 0,
			"children": [
				{
					"name": "group",
					"origin": [10, -9, 4],
					"color": 0,
					"children": [0, 1, 2, 3]
				},
				{
					"name": "group",
					"origin": [8, 8, 8],
					"color": 0,
					"children": [
						4,
						5,
						6,
						{
							"name": "group",
							"origin": [8, 12.5, 8],
							"color": 0,
							"children": [7, 8]
						},
						{
							"name": "group",
							"origin": [4.5, -0.87868, 7],
							"color": 0,
							"children": [9, 10, 11, 12]
						},
						{
							"name": "group",
							"origin": [17.5, 0, 5.5],
							"color": 0,
							"children": [
								13,
								14,
								15,
								16,
								{
									"name": "group",
									"origin": [14.62132, 16.06031, 1.37833],
									"color": 0,
									"children": [17, 18, 19, 20]
								}
							]
						},
						{
							"name": "group",
							"origin": [17.5, 0, 5.5],
							"color": 0,
							"children": [
								21,
								22,
								23,
								24,
								{
									"name": "group",
									"origin": [14.62132, 16.06031, 1.37833],
									"color": 0,
									"children": [25, 26, 27, 28]
								}
							]
						}
					]
				}
			]
		}
	]
}