{
	"format_version": "1.21.6",
	"credit": "Polygony Creation Co.,Ltd.",
	"texture_size": [48, 48],
	"textures": {
		"1": "furniture:item/sand_castle"
	},
	"elements": [
		{
			"from": [2, 0, 2],
			"to": [14, 4, 14],
			"rotation": {"angle": 0, "axis": "y", "origin": [0, 0, 1]},
			"faces": {
				"north": {"uv": [7, 4.66667, 11, 6], "texture": "#1"},
				"east": {"uv": [7, 6, 11, 7.33333], "texture": "#1"},
				"south": {"uv": [7, 7.33333, 11, 8.66667], "texture": "#1"},
				"west": {"uv": [0, 8, 4, 9.33333], "texture": "#1"},
				"up": {"uv": [4, 4, 0, 0], "texture": "#1"},
				"down": {"uv": [4, 4, 0, 8], "texture": "#1"}
			}
		},
		{
			"from": [3.5, 4, 3.5],
			"to": [12.5, 11, 12.5],
			"rotation": {"angle": 0, "axis": "y", "origin": [-0.5, 4, 0.5]},
			"faces": {
				"north": {"uv": [4, 3, 7, 5.33333], "texture": "#1"},
				"east": {"uv": [4, 5.33333, 7, 7.66667], "texture": "#1"},
				"south": {"uv": [7, 0, 10, 2.33333], "texture": "#1"},
				"west": {"uv": [7, 2.33333, 10, 4.66667], "texture": "#1"},
				"up": {"uv": [7, 3, 4, 0], "texture": "#1"}
			}
		},
		{
			"from": [5.5, 11, 5.5],
			"to": [10.5, 18, 10.5],
			"rotation": {"angle": 0, "axis": "y", "origin": [-0.5, 11, 0.5]},
			"faces": {
				"north": {"uv": [5.33333, 7.66667, 7, 10], "texture": "#1"},
				"east": {"uv": [7, 8.66667, 8.66667, 11], "texture": "#1"},
				"south": {"uv": [8.66667, 8.66667, 10.33333, 11], "texture": "#1"},
				"west": {"uv": [0, 9.33333, 1.66667, 11.66667], "texture": "#1"},
				"up": {"uv": [7, 11.66667, 5.33333, 10], "texture": "#1"}
			}
		},
		{
			"from": [11.5, 11, 3.5],
			"to": [12.5, 12, 4.5],
			"rotation": {"angle": 0, "axis": "y", "origin": [-0.5, 11, 0.5]},
			"faces": {
				"north": {"uv": [3.33333, 9.33333, 3.66667, 9.66667], "texture": "#1"},
				"east": {"uv": [3.66667, 9.33333, 4, 9.66667], "texture": "#1"},
				"south": {"uv": [3.33333, 9.66667, 3.66667, 10], "texture": "#1"},
				"west": {"uv": [3.66667, 9.66667, 4, 10], "texture": "#1"},
				"up": {"uv": [3.66667, 10.33333, 3.33333, 10], "texture": "#1"}
			}
		},
		{
			"from": [9.5, 11, 3.5],
			"to": [10.5, 12, 4.5],
			"rotation": {"angle": 0, "axis": "y", "origin": [-2.5, 11, 0.5]},
			"faces": {
				"north": {"uv": [6, 11.66667, 6.33333, 12], "texture": "#1"},
				"east": {"uv": [6.33333, 11.66667, 6.66667, 12], "texture": "#1"},
				"south": {"uv": [6.66667, 11.66667, 7, 12], "texture": "#1"},
				"west": {"uv": [11.66667, 8, 12, 8.33333], "texture": "#1"},
				"up": {"uv": [12, 8.66667, 11.66667, 8.33333], "texture": "#1"}
			}
		},
		{
			"from": [7.5, 11, 3.5],
			"to": [8.5, 12, 4.5],
			"rotation": {"angle": 0, "axis": "y", "origin": [-4.5, 11, 0.5]},
			"faces": {
				"north": {"uv": [9.66667, 11.66667, 10, 12], "texture": "#1"},
				"east": {"uv": [10, 11.66667, 10.33333, 12], "texture": "#1"},
				"south": {"uv": [0, 12, 0.33333, 12.33333], "texture": "#1"},
				"west": {"uv": [12, 0, 12.33333, 0.33333], "texture": "#1"},
				"up": {"uv": [0.66667, 12.33333, 0.33333, 12], "texture": "#1"}
			}
		},
		{
			"from": [5.5, 11, 3.5],
			"to": [6.5, 12, 4.5],
			"rotation": {"angle": 0, "axis": "y", "origin": [-6.5, 11, 0.5]},
			"faces": {
				"north": {"uv": [12, 0.33333, 12.33333, 0.66667], "texture": "#1"},
				"east": {"uv": [0.66667, 12, 1, 12.33333], "texture": "#1"},
				"south": {"uv": [12, 0.66667, 12.33333, 1], "texture": "#1"},
				"west": {"uv": [1, 12, 1.33333, 12.33333], "texture": "#1"},
				"up": {"uv": [12.33333, 1.33333, 12, 1], "texture": "#1"}
			}
		},
		{
			"from": [9.5, 11, 11.5],
			"to": [10.5, 12, 12.5],
			"rotation": {"angle": 0, "axis": "y", "origin": [-2.5, 11, 8.5]},
			"faces": {
				"north": {"uv": [3, 12, 3.33333, 12.33333], "texture": "#1"},
				"east": {"uv": [12, 3, 12.33333, 3.33333], "texture": "#1"},
				"south": {"uv": [12, 3.33333, 12.33333, 3.66667], "texture": "#1"},
				"west": {"uv": [12, 3.66667, 12.33333, 4], "texture": "#1"},
				"up": {"uv": [12.33333, 4.33333, 12, 4], "texture": "#1"}
			}
		},
		{
			"from": [7.5, 11, 11.5],
			"to": [8.5, 12, 12.5],
			"rotation": {"angle": 0, "axis": "y", "origin": [-4.5, 11, 8.5]},
			"faces": {
				"north": {"uv": [12, 2, 12.33333, 2.33333], "texture": "#1"},
				"east": {"uv": [2.33333, 12, 2.66667, 12.33333], "texture": "#1"},
				"south": {"uv": [12, 2.33333, 12.33333, 2.66667], "texture": "#1"},
				"west": {"uv": [2.66667, 12, 3, 12.33333], "texture": "#1"},
				"up": {"uv": [12.33333, 3, 12, 2.66667], "texture": "#1"}
			}
		},
		{
			"from": [5.5, 11, 11.5],
			"to": [6.5, 12, 12.5],
			"rotation": {"angle": 0, "axis": "y", "origin": [-6.5, 11, 8.5]},
			"faces": {
				"north": {"uv": [1.33333, 12, 1.66667, 12.33333], "texture": "#1"},
				"east": {"uv": [12, 1.33333, 12.33333, 1.66667], "texture": "#1"},
				"south": {"uv": [1.66667, 12, 2, 12.33333], "texture": "#1"},
				"west": {"uv": [12, 1.66667, 12.33333, 2], "texture": "#1"},
				"up": {"uv": [2.33333, 12.33333, 2, 12], "texture": "#1"}
			}
		},
		{
			"from": [11.5, 11, 5.5],
			"to": [12.5, 12, 6.5],
			"rotation": {"angle": 0, "axis": "y", "origin": [-0.5, 11, 2.5]},
			"faces": {
				"north": {"uv": [3.66667, 10, 4, 10.33333], "texture": "#1"},
				"east": {"uv": [3.33333, 10.33333, 3.66667, 10.66667], "texture": "#1"},
				"south": {"uv": [3.66667, 10.33333, 4, 10.66667], "texture": "#1"},
				"west": {"uv": [4.66667, 10.66667, 5, 11], "texture": "#1"},
				"up": {"uv": [5.33333, 11, 5, 10.66667], "texture": "#1"}
			}
		},
		{
			"from": [11.5, 11, 7.5],
			"to": [12.5, 12, 8.5],
			"rotation": {"angle": 0, "axis": "y", "origin": [-0.5, 11, 4.5]},
			"faces": {
				"north": {"uv": [4.66667, 11, 5, 11.33333], "texture": "#1"},
				"east": {"uv": [5, 11, 5.33333, 11.33333], "texture": "#1"},
				"south": {"uv": [11, 8, 11.33333, 8.33333], "texture": "#1"},
				"west": {"uv": [11, 8.33333, 11.33333, 8.66667], "texture": "#1"},
				"up": {"uv": [10, 11.33333, 9.66667, 11], "texture": "#1"}
			}
		},
		{
			"from": [9.5, 18, 7.5],
			"to": [10.5, 19, 8.5],
			"rotation": {"angle": 0, "axis": "y", "origin": [-2.5, 18, 4.5]},
			"faces": {
				"north": {"uv": [12, 4.33333, 12.33333, 4.66667], "texture": "#1"},
				"east": {"uv": [4.66667, 12, 5, 12.33333], "texture": "#1"},
				"south": {"uv": [12, 4.66667, 12.33333, 5], "texture": "#1"},
				"west": {"uv": [5, 12, 5.33333, 12.33333], "texture": "#1"},
				"up": {"uv": [12.33333, 5.33333, 12, 5], "texture": "#1"}
			}
		},
		{
			"from": [7.5, 18, 5.5],
			"to": [8.5, 19, 6.5],
			"rotation": {"angle": 0, "axis": "y", "origin": [-4.5, 18, 2.5]},
			"faces": {
				"north": {"uv": [12, 9.33333, 12.33333, 9.66667], "texture": "#1"},
				"east": {"uv": [9.66667, 12, 10, 12.33333], "texture": "#1"},
				"south": {"uv": [12, 9.66667, 12.33333, 10], "texture": "#1"},
				"west": {"uv": [10, 12, 10.33333, 12.33333], "texture": "#1"},
				"up": {"uv": [12.33333, 10.33333, 12, 10], "texture": "#1"}
			}
		},
		{
			"from": [7.5, 18, 9.5],
			"to": [8.5, 19, 10.5],
			"rotation": {"angle": 0, "axis": "y", "origin": [-4.5, 18, 6.5]},
			"faces": {
				"north": {"uv": [10.33333, 12, 10.66667, 12.33333], "texture": "#1"},
				"east": {"uv": [12, 10.33333, 12.33333, 10.66667], "texture": "#1"},
				"south": {"uv": [10.66667, 12, 11, 12.33333], "texture": "#1"},
				"west": {"uv": [12, 10.66667, 12.33333, 11], "texture": "#1"},
				"up": {"uv": [11.33333, 12.33333, 11, 12], "texture": "#1"}
			}
		},
		{
			"from": [5.5, 18, 7.5],
			"to": [6.5, 19, 8.5],
			"rotation": {"angle": 0, "axis": "y", "origin": [-6.5, 18, 4.5]},
			"faces": {
				"north": {"uv": [8.66667, 12, 9, 12.33333], "texture": "#1"},
				"east": {"uv": [12, 8.66667, 12.33333, 9], "texture": "#1"},
				"south": {"uv": [9, 12, 9.33333, 12.33333], "texture": "#1"},
				"west": {"uv": [12, 9, 12.33333, 9.33333], "texture": "#1"},
				"up": {"uv": [9.66667, 12.33333, 9.33333, 12], "texture": "#1"}
			}
		},
		{
			"from": [9.5, 18, 9.5],
			"to": [10.5, 19, 10.5],
			"rotation": {"angle": 0, "axis": "y", "origin": [-2.5, 18, 6.5]},
			"faces": {
				"north": {"uv": [5.33333, 12, 5.66667, 12.33333], "texture": "#1"},
				"east": {"uv": [12, 5.33333, 12.33333, 5.66667], "texture": "#1"},
				"south": {"uv": [5.66667, 12, 6, 12.33333], "texture": "#1"},
				"west": {"uv": [12, 5.66667, 12.33333, 6], "texture": "#1"},
				"up": {"uv": [6.33333, 12.33333, 6, 12], "texture": "#1"}
			}
		},
		{
			"from": [9.5, 18, 5.5],
			"to": [10.5, 19, 6.5],
			"rotation": {"angle": 0, "axis": "y", "origin": [-2.5, 18, 2.5]},
			"faces": {
				"north": {"uv": [12, 6, 12.33333, 6.33333], "texture": "#1"},
				"east": {"uv": [6.33333, 12, 6.66667, 12.33333], "texture": "#1"},
				"south": {"uv": [12, 6.33333, 12.33333, 6.66667], "texture": "#1"},
				"west": {"uv": [6.66667, 12, 7, 12.33333], "texture": "#1"},
				"up": {"uv": [12.33333, 7, 12, 6.66667], "texture": "#1"}
			}
		},
		{
			"from": [5.5, 18, 5.5],
			"to": [6.5, 19, 6.5],
			"rotation": {"angle": 0, "axis": "y", "origin": [-6.5, 18, 2.5]},
			"faces": {
				"north": {"uv": [12, 7.66667, 12.33333, 8], "texture": "#1"},
				"east": {"uv": [8, 12, 8.33333, 12.33333], "texture": "#1"},
				"south": {"uv": [12, 8, 12.33333, 8.33333], "texture": "#1"},
				"west": {"uv": [8.33333, 12, 8.66667, 12.33333], "texture": "#1"},
				"up": {"uv": [12.33333, 8.66667, 12, 8.33333], "texture": "#1"}
			}
		},
		{
			"from": [5.5, 18, 9.5],
			"to": [6.5, 19, 10.5],
			"rotation": {"angle": 0, "axis": "y", "origin": [-6.5, 18, 6.5]},
			"faces": {
				"north": {"uv": [7, 12, 7.33333, 12.33333], "texture": "#1"},
				"east": {"uv": [12, 7, 12.33333, 7.33333], "texture": "#1"},
				"south": {"uv": [7.33333, 12, 7.66667, 12.33333], "texture": "#1"},
				"west": {"uv": [12, 7.33333, 12.33333, 7.66667], "texture": "#1"},
				"up": {"uv": [8, 12.33333, 7.66667, 12], "texture": "#1"}
			}
		},
		{
			"from": [12.5, 0, 5.5],
			"to": [17.5, 7, 10.5],
			"rotation": {"angle": 0, "axis": "y", "origin": [6.5, 0, 0.5]},
			"faces": {
				"north": {"uv": [1.66667, 9.33333, 3.33333, 11.66667], "texture": "#1"},
				"east": {"uv": [10, 0, 11.66667, 2.33333], "texture": "#1"},
				"south": {"uv": [10, 2.33333, 11.66667, 4.66667], "texture": "#1"},
				"up": {"uv": [12, 10.33333, 10.33333, 8.66667], "texture": "#1"},
				"down": {"uv": [12, 10.33333, 10.33333, 12], "texture": "#1"}
			}
		},
		{
			"from": [16.5, 7, 7.5],
			"to": [17.5, 8, 8.5],
			"rotation": {"angle": 0, "axis": "y", "origin": [4.5, 7, 4.5]},
			"faces": {
				"north": {"uv": [4.33333, 12.33333, 4.66667, 12.66667], "texture": "#1"},
				"east": {"uv": [12.33333, 4.33333, 12.66667, 4.66667], "texture": "#1"},
				"south": {"uv": [4.66667, 12.33333, 5, 12.66667], "texture": "#1"},
				"west": {"uv": [12.33333, 4.66667, 12.66667, 5], "texture": "#1"},
				"up": {"uv": [5.33333, 12.66667, 5, 12.33333], "texture": "#1"}
			}
		},
		{
			"from": [16.5, 7, 9.5],
			"to": [17.5, 8, 10.5],
			"rotation": {"angle": 0, "axis": "y", "origin": [4.5, 7, 6.5]},
			"faces": {
				"north": {"uv": [12.33333, 3.33333, 12.66667, 3.66667], "texture": "#1"},
				"east": {"uv": [3.66667, 12.33333, 4, 12.66667], "texture": "#1"},
				"south": {"uv": [12.33333, 3.66667, 12.66667, 4], "texture": "#1"},
				"west": {"uv": [4, 12.33333, 4.33333, 12.66667], "texture": "#1"},
				"up": {"uv": [12.66667, 4.33333, 12.33333, 4], "texture": "#1"}
			}
		},
		{
			"from": [16.5, 7, 5.5],
			"to": [17.5, 8, 6.5],
			"rotation": {"angle": 0, "axis": "y", "origin": [4.5, 7, 2.5]},
			"faces": {
				"north": {"uv": [2.66667, 12.33333, 3, 12.66667], "texture": "#1"},
				"east": {"uv": [12.33333, 2.66667, 12.66667, 3], "texture": "#1"},
				"south": {"uv": [3, 12.33333, 3.33333, 12.66667], "texture": "#1"},
				"west": {"uv": [12.33333, 3, 12.66667, 3.33333], "texture": "#1"},
				"up": {"uv": [3.66667, 12.66667, 3.33333, 12.33333], "texture": "#1"}
			}
		},
		{
			"from": [12.5, 7, 9.5],
			"to": [13.5, 8, 10.5],
			"rotation": {"angle": 0, "axis": "y", "origin": [0.5, 7, 6.5]},
			"faces": {
				"north": {"uv": [2, 12.33333, 2.33333, 12.66667], "texture": "#1"},
				"east": {"uv": [12.33333, 2, 12.66667, 2.33333], "texture": "#1"},
				"south": {"uv": [2.33333, 12.33333, 2.66667, 12.66667], "texture": "#1"},
				"up": {"uv": [12.66667, 2.66667, 12.33333, 2.33333], "texture": "#1"}
			}
		},
		{
			"from": [12.5, 7, 5.5],
			"to": [13.5, 8, 6.5],
			"rotation": {"angle": 0, "axis": "y", "origin": [0.5, 7, 2.5]},
			"faces": {
				"north": {"uv": [1.33333, 12.33333, 1.66667, 12.66667], "texture": "#1"},
				"east": {"uv": [12.33333, 1.33333, 12.66667, 1.66667], "texture": "#1"},
				"south": {"uv": [1.66667, 12.33333, 2, 12.66667], "texture": "#1"},
				"up": {"uv": [12.66667, 2, 12.33333, 1.66667], "texture": "#1"}
			}
		},
		{
			"from": [12.5, 7, 7.5],
			"to": [13.5, 8, 8.5],
			"rotation": {"angle": 0, "axis": "y", "origin": [0.5, 7, 4.5]},
			"faces": {
				"north": {"uv": [0.66667, 12.33333, 1, 12.66667], "texture": "#1"},
				"east": {"uv": [12.33333, 0.66667, 12.66667, 1], "texture": "#1"},
				"south": {"uv": [1, 12.33333, 1.33333, 12.66667], "texture": "#1"},
				"up": {"uv": [12.66667, 1.33333, 12.33333, 1], "texture": "#1"}
			}
		},
		{
			"from": [14.5, 7, 5.5],
			"to": [15.5, 8, 6.5],
			"rotation": {"angle": 0, "axis": "y", "origin": [2.5, 7, 2.5]},
			"faces": {
				"north": {"uv": [12, 12, 12.33333, 12.33333], "texture": "#1"},
				"east": {"uv": [0, 12.33333, 0.33333, 12.66667], "texture": "#1"},
				"south": {"uv": [12.33333, 0, 12.66667, 0.33333], "texture": "#1"},
				"west": {"uv": [0.33333, 12.33333, 0.66667, 12.66667], "texture": "#1"},
				"up": {"uv": [12.66667, 0.66667, 12.33333, 0.33333], "texture": "#1"}
			}
		},
		{
			"from": [14.5, 7, 9.5],
			"to": [15.5, 8, 10.5],
			"rotation": {"angle": 0, "axis": "y", "origin": [2.5, 7, 6.5]},
			"faces": {
				"north": {"uv": [12, 11, 12.33333, 11.33333], "texture": "#1"},
				"east": {"uv": [11.33333, 12, 11.66667, 12.33333], "texture": "#1"},
				"south": {"uv": [12, 11.33333, 12.33333, 11.66667], "texture": "#1"},
				"west": {"uv": [11.66667, 12, 12, 12.33333], "texture": "#1"},
				"up": {"uv": [12.33333, 12, 12, 11.66667], "texture": "#1"}
			}
		},
		{
			"from": [11.5, 11, 9.5],
			"to": [12.5, 12, 10.5],
			"rotation": {"angle": 0, "axis": "y", "origin": [-0.5, 11, 6.5]},
			"faces": {
				"north": {"uv": [10, 11, 10.33333, 11.33333], "texture": "#1"},
				"east": {"uv": [4.66667, 11.33333, 5, 11.66667], "texture": "#1"},
				"south": {"uv": [5, 11.33333, 5.33333, 11.66667], "texture": "#1"},
				"west": {"uv": [11.33333, 8, 11.66667, 8.33333], "texture": "#1"},
				"up": {"uv": [11.66667, 8.66667, 11.33333, 8.33333], "texture": "#1"}
			}
		},
		{
			"from": [11.5, 11, 11.5],
			"to": [12.5, 12, 12.5],
			"rotation": {"angle": 0, "axis": "y", "origin": [-0.5, 11, 8.5]},
			"faces": {
				"north": {"uv": [9.66667, 11.33333, 10, 11.66667], "texture": "#1"},
				"east": {"uv": [10, 11.33333, 10.33333, 11.66667], "texture": "#1"},
				"south": {"uv": [0, 11.66667, 0.33333, 12], "texture": "#1"},
				"west": {"uv": [11.66667, 0, 12, 0.33333], "texture": "#1"},
				"up": {"uv": [0.66667, 12, 0.33333, 11.66667], "texture": "#1"}
			}
		},
		{
			"from": [3.5, 11, 9.5],
			"to": [4.5, 12, 10.5],
			"rotation": {"angle": 0, "axis": "y", "origin": [-8.5, 11, 6.5]},
			"faces": {
				"north": {"uv": [11.66667, 4.33333, 12, 4.66667], "texture": "#1"},
				"east": {"uv": [4.66667, 11.66667, 5, 12], "texture": "#1"},
				"south": {"uv": [5, 11.66667, 5.33333, 12], "texture": "#1"},
				"west": {"uv": [5.33333, 11.66667, 5.66667, 12], "texture": "#1"},
				"up": {"uv": [6, 12, 5.66667, 11.66667], "texture": "#1"}
			}
		},
		{
			"from": [3.5, 11, 7.5],
			"to": [4.5, 12, 8.5],
			"rotation": {"angle": 0, "axis": "y", "origin": [-8.5, 11, 4.5]},
			"faces": {
				"north": {"uv": [3, 11.66667, 3.33333, 12], "texture": "#1"},
				"east": {"uv": [11.66667, 3, 12, 3.33333], "texture": "#1"},
				"south": {"uv": [11.66667, 3.33333, 12, 3.66667], "texture": "#1"},
				"west": {"uv": [11.66667, 3.66667, 12, 4], "texture": "#1"},
				"up": {"uv": [12, 4.33333, 11.66667, 4], "texture": "#1"}
			}
		},
		{
			"from": [3.5, 11, 5.5],
			"to": [4.5, 12, 6.5],
			"rotation": {"angle": 0, "axis": "y", "origin": [-8.5, 11, 2.5]},
			"faces": {
				"north": {"uv": [11.66667, 2, 12, 2.33333], "texture": "#1"},
				"east": {"uv": [2.33333, 11.66667, 2.66667, 12], "texture": "#1"},
				"south": {"uv": [11.66667, 2.33333, 12, 2.66667], "texture": "#1"},
				"west": {"uv": [2.66667, 11.66667, 3, 12], "texture": "#1"},
				"up": {"uv": [12, 3, 11.66667, 2.66667], "texture": "#1"}
			}
		},
		{
			"from": [3.5, 11, 11.5],
			"to": [4.5, 12, 12.5],
			"rotation": {"angle": 0, "axis": "y", "origin": [-8.5, 11, 8.5]},
			"faces": {
				"north": {"uv": [1.33333, 11.66667, 1.66667, 12], "texture": "#1"},
				"east": {"uv": [11.66667, 1.33333, 12, 1.66667], "texture": "#1"},
				"south": {"uv": [1.66667, 11.66667, 2, 12], "texture": "#1"},
				"west": {"uv": [11.66667, 1.66667, 12, 2], "texture": "#1"},
				"up": {"uv": [2.33333, 12, 2, 11.66667], "texture": "#1"}
			}
		},
		{
			"from": [3.5, 11, 3.5],
			"to": [4.5, 12, 4.5],
			"rotation": {"angle": 0, "axis": "y", "origin": [-8.5, 11, 0.5]},
			"faces": {
				"north": {"uv": [11.66667, 0.33333, 12, 0.66667], "texture": "#1"},
				"east": {"uv": [0.66667, 11.66667, 1, 12], "texture": "#1"},
				"south": {"uv": [11.66667, 0.66667, 12, 1], "texture": "#1"},
				"west": {"uv": [1, 11.66667, 1.33333, 12], "texture": "#1"},
				"up": {"uv": [12, 1.33333, 11.66667, 1], "texture": "#1"}
			}
		},
		{
			"from": [6, 0, 1.2],
			"to": [10, 5, 3.7],
			"rotation": {"angle": 0, "axis": "y", "origin": [6, 0, 0.7]},
			"faces": {
				"north": {"uv": [3.33333, 10.66667, 4.66667, 12.33333], "texture": "#1"},
				"east": {"uv": [11, 4.66667, 12, 6.33333], "texture": "#1"},
				"west": {"uv": [11, 6.33333, 12, 8], "texture": "#1"},
				"up": {"uv": [8.33333, 12, 7, 11], "texture": "#1"},
				"down": {"uv": [9.66667, 11, 8.33333, 12], "texture": "#1"}
			}
		},
		{
			"from": [6, 0, 12.7],
			"to": [10, 5, 15.2],
			"rotation": {"angle": 0, "axis": "y", "origin": [10, 0, 15.7]},
			"faces": {
				"east": {"uv": [11, 6.33333, 12, 8], "texture": "#1"},
				"south": {"uv": [3.33333, 10.66667, 4.66667, 12.33333], "texture": "#1"},
				"west": {"uv": [11, 4.66667, 12, 6.33333], "texture": "#1"},
				"up": {"uv": [8.33333, 12, 7, 11], "rotation": 180, "texture": "#1"},
				"down": {"uv": [9.66667, 11, 8.33333, 12], "rotation": 180, "texture": "#1"}
			}
		},
		{
			"from": [7.5, 18, 7.985],
			"to": [11.5, 27, 8.015],
			"rotation": {"angle": 0, "axis": "y", "origin": [6.5, 18, 7.985]},
			"faces": {
				"north": {"uv": [13, 0, 14.33333, 3], "texture": "#1"},
				"south": {"uv": [14.33333, 0, 13, 3], "texture": "#1"}
			}
		}
	],
	"gui_light": "front",
	"display": {
		"thirdperson_righthand": {
			"rotation": [55.25, 0, 0],
			"translation": [0, 5.5, 3.25],
			"scale": [0.7, 0.7, 0.7]
		},
		"thirdperson_lefthand": {
			"rotation": [55.25, 0, 0],
			"translation": [0, 5.5, 3.25],
			"scale": [0.7, 0.7, 0.7]
		},
		"firstperson_righthand": {
			"rotation": [-16.25, 0, 0],
			"translation": [1.75, 4.75, 0],
			"scale": [0.63086, 0.63086, 0.63086]
		},
		"firstperson_lefthand": {
			"rotation": [-16.25, 0, 0],
			"translation": [1.75, 4.75, 0],
			"scale": [0.63086, 0.63086, 0.63086]
		},
		"ground": {
			"translation": [0, 5, 0],
			"scale": [0.7, 0.7, 0.7]
		},
		"gui": {
			"rotation": [25, 135, 0],
			"translation": [0, -1.5, 0],
			"scale": [0.7, 0.7, 0.7]
		},
		"head": {
			"rotation": [0, -180, 0],
			"translation": [0, -30.5, 0],
			"scale": [1.6, 1.6, 1.6]
		},
		"fixed": {
			"rotation": [-90, 0, 0],
			"translation": [0, 0, -16],
			"scale": [2, 2, 2]
		}
	},
	"mcmodels": "fd0a3968caabfed9a9ad5b86a4815863"
}