{
	"format_version": "1.21.6",
	"credit": "Created by Workshop Six",
	"texture_size": [128, 128],
	"textures": {
		"1": "furniture:item/shark_rack",
		"particle": "furniture:item/shark_rack"
	},
	"elements": [
		{
			"from": [19.5, -16, 6.33991],
			"to": [22.5, 30, 9.33991],
			"rotation": {"angle": 0, "axis": "y", "origin": [8, 6.25, 8]},
			"faces": {
				"north": {"uv": [0, 0, 0.375, 5.75], "texture": "#1"},
				"east": {"uv": [0.375, 0, 0.75, 5.75], "texture": "#1"},
				"south": {"uv": [0.75, 0, 1.125, 5.75], "texture": "#1"},
				"west": {"uv": [1.125, 0, 1.5, 5.75], "texture": "#1"},
				"up": {"uv": [2.75, 7.5, 2.375, 7.125], "texture": "#1"},
				"down": {"uv": [3.125, 7.375, 2.75, 7.75], "texture": "#1"}
			}
		},
		{
			"from": [19, -16, -0.66009],
			"to": [23, -14, 16.33991],
			"rotation": {"angle": 0, "axis": "y", "origin": [8, 6.25, 8]},
			"faces": {
				"north": {"uv": [5.75, 7.375, 6.25, 7.625], "texture": "#1"},
				"east": {"uv": [5.125, 4.75, 7.25, 5], "texture": "#1"},
				"south": {"uv": [7.375, 5.875, 7.875, 6.125], "texture": "#1"},
				"west": {"uv": [6.125, 2, 8.25, 2.25], "texture": "#1"},
				"up": {"uv": [4.625, 2.875, 4.125, 0.75], "texture": "#1"},
				"down": {"uv": [4.625, 2.875, 4.125, 5], "texture": "#1"}
			}
		},
		{
			"from": [-6.5, -16, 6.33991],
			"to": [-3.5, 30, 9.33991],
			"rotation": {"angle": 0, "axis": "y", "origin": [8, 6.25, 8]},
			"faces": {
				"north": {"uv": [1.5, 0, 1.875, 5.75], "texture": "#1"},
				"east": {"uv": [1.875, 0, 2.25, 5.75], "texture": "#1"},
				"south": {"uv": [2.25, 0, 2.625, 5.75], "texture": "#1"},
				"west": {"uv": [2.625, 0, 3, 5.75], "texture": "#1"},
				"up": {"uv": [7.75, 3.125, 7.375, 2.75], "texture": "#1"},
				"down": {"uv": [7.75, 4, 7.375, 4.375], "texture": "#1"}
			}
		},
		{
			"from": [-7, -16, -0.66009],
			"to": [-3, -14, 16.33991],
			"rotation": {"angle": 0, "axis": "y", "origin": [8, 6.25, 8]},
			"faces": {
				"north": {"uv": [7.375, 6.125, 7.875, 6.375], "texture": "#1"},
				"east": {"uv": [6.125, 2.25, 8.25, 2.5], "texture": "#1"},
				"south": {"uv": [6.25, 7.375, 6.75, 7.625], "texture": "#1"},
				"west": {"uv": [6.125, 2.5, 8.25, 2.75], "texture": "#1"},
				"up": {"uv": [5.125, 2.875, 4.625, 0.75], "texture": "#1"},
				"down": {"uv": [5.125, 2.875, 4.625, 5], "texture": "#1"}
			}
		},
		{
			"from": [-3.75, -13, 6.83991],
			"to": [19.75, -10, 8.83991],
			"rotation": {"angle": 0, "axis": "y", "origin": [8, 6.25, 8]},
			"faces": {
				"north": {"uv": [3, 0, 6, 0.375], "texture": "#1"},
				"east": {"uv": [1, 7.5, 1.25, 7.875], "texture": "#1"},
				"south": {"uv": [3, 0.375, 6, 0.75], "texture": "#1"},
				"west": {"uv": [1.25, 7.5, 1.5, 7.875], "texture": "#1"},
				"up": {"uv": [8, 5.25, 5, 5], "texture": "#1"},
				"down": {"uv": [8.125, 0.75, 5.125, 1], "texture": "#1"}
			}
		},
		{
			"from": [-4.5, 20.38922, 21.91282],
			"to": [19.5, 22.38922, 23.91282],
			"rotation": {"angle": -45, "axis": "x", "origin": [8, 6.25, 8]},
			"faces": {
				"north": {"uv": [5.125, 1, 8.125, 1.25], "texture": "#1"},
				"east": {"uv": [3.375, 6.875, 3.625, 7.125], "texture": "#1"},
				"south": {"uv": [5.125, 1.25, 8.125, 1.5], "texture": "#1"},
				"west": {"uv": [4.625, 7.125, 4.875, 7.375], "texture": "#1"},
				"up": {"uv": [8.125, 1.75, 5.125, 1.5], "texture": "#1"},
				"down": {"uv": [8.125, 1.75, 5.125, 2], "texture": "#1"}
			}
		},
		{
			"from": [7.5, 19.5, 8.08991],
			"to": [8.5, 27.5, 8.08991],
			"rotation": {"angle": 0, "axis": "y", "origin": [8, 6.25, 8]},
			"faces": {
				"north": {"uv": [3.125, 7.375, 3.25, 8.375], "texture": "#1"},
				"east": {"uv": [0, 0, 0, 1], "texture": "#1"},
				"south": {"uv": [3.25, 7.375, 3.375, 8.375], "texture": "#1"},
				"west": {"uv": [0, 0, 0, 1], "texture": "#1"},
				"up": {"uv": [0.125, 0, 0, 0], "texture": "#1"},
				"down": {"uv": [0.125, 0, 0, 0], "texture": "#1"}
			}
		},
		{
			"from": [5.5, 20.13922, 21.66282],
			"to": [10.5, 22.63922, 24.16282],
			"rotation": {"angle": -45, "axis": "x", "origin": [8, 6.25, 8]},
			"faces": {
				"north": {"uv": [7, 3.25, 7.625, 3.625], "texture": "#1"},
				"east": {"uv": [4.625, 7.375, 5, 7.75], "texture": "#1"},
				"south": {"uv": [7, 3.625, 7.625, 4], "texture": "#1"},
				"west": {"uv": [5, 7.375, 5.375, 7.75], "texture": "#1"},
				"up": {"uv": [5.5, 7.375, 4.875, 7], "texture": "#1"},
				"down": {"uv": [6.125, 7, 5.5, 7.375], "texture": "#1"}
			}
		},
		{
			"from": [4, -2, 5.08991],
			"to": [12, 2, 11.08991],
			"rotation": {"angle": 0, "axis": "y", "origin": [8, 6.25, 8]},
			"faces": {
				"north": {"uv": [3.875, 6, 4.875, 6.5], "texture": "#1"},
				"east": {"uv": [4.875, 6.5, 5.625, 7], "texture": "#1"},
				"south": {"uv": [4.875, 6, 5.875, 6.5], "texture": "#1"},
				"west": {"uv": [5.625, 6.5, 6.375, 7], "texture": "#1"},
				"up": {"uv": [6.125, 2.75, 5.125, 2], "texture": "#1"},
				"down": {"uv": [6.125, 2.75, 5.125, 3.5], "texture": "#1"}
			}
		},
		{
			"from": [3.5, 2, 4.08991],
			"to": [12.5, 10, 12.08991],
			"rotation": {"angle": 0, "axis": "y", "origin": [8, 6.25, 8]},
			"faces": {
				"north": {"uv": [3, 0.75, 4.125, 1.75], "texture": "#1"},
				"east": {"uv": [3, 4.75, 4, 5.75], "texture": "#1"},
				"south": {"uv": [3, 1.75, 4.125, 2.75], "texture": "#1"},
				"west": {"uv": [4, 5, 5, 6], "texture": "#1"},
				"up": {"uv": [4.125, 3.75, 3, 2.75], "texture": "#1"},
				"down": {"uv": [4.125, 3.75, 3, 4.75], "texture": "#1"}
			}
		},
		{
			"from": [0.54623, 1.6611, 7.58991],
			"to": [9.54623, 6.6611, 8.58991],
			"rotation": {"angle": -22.5, "axis": "z", "origin": [8, 6.25, 8]},
			"faces": {
				"north": {"uv": [5.125, 3.5, 6.25, 4.125], "texture": "#1"},
				"east": {"uv": [2.625, 7.5, 2.75, 8.125], "texture": "#1"},
				"south": {"uv": [5.125, 4.125, 6.25, 4.75], "texture": "#1"},
				"west": {"uv": [4.25, 7.5, 4.375, 8.125], "texture": "#1"},
				"up": {"uv": [8, 5.875, 6.875, 5.75], "texture": "#1"},
				"down": {"uv": [8.5, 3.125, 7.375, 3.25], "texture": "#1"}
			}
		},
		{
			"from": [-0.01314, 10.05527, 7.58991],
			"to": [4.98686, 13.05527, 8.58991],
			"rotation": {"angle": -22.5, "axis": "z", "origin": [8, 6.25, 8]},
			"faces": {
				"north": {"uv": [6.125, 7, 6.75, 7.375], "texture": "#1"},
				"east": {"uv": [5.75, 7.625, 5.875, 8], "texture": "#1"},
				"south": {"uv": [7, 6.375, 7.625, 6.75], "texture": "#1"},
				"west": {"uv": [5.875, 7.625, 6, 8], "texture": "#1"},
				"up": {"uv": [6.625, 0.75, 6, 0.625], "texture": "#1"},
				"down": {"uv": [8, 4.375, 7.375, 4.5], "texture": "#1"}
			}
		},
		{
			"from": [7.31422, 3.5, 8.96709],
			"to": [8.31422, 8.5, 16.96709],
			"rotation": {"angle": 22.5, "axis": "y", "origin": [8, 6.25, 8]},
			"faces": {
				"north": {"uv": [4.375, 7.5, 4.5, 8.125], "texture": "#1"},
				"east": {"uv": [0.875, 5.75, 1.875, 6.375], "texture": "#1"},
				"south": {"uv": [4.5, 7.5, 4.625, 8.125], "texture": "#1"},
				"west": {"uv": [1.875, 5.75, 2.875, 6.375], "texture": "#1"},
				"up": {"uv": [6.875, 8.375, 6.75, 7.375], "texture": "#1"},
				"down": {"uv": [7, 7.375, 6.875, 8.375], "texture": "#1"}
			}
		},
		{
			"from": [7.31422, 3.5, -0.96709],
			"to": [8.31422, 8.5, 7.03291],
			"rotation": {"angle": -22.5, "axis": "y", "origin": [8, 6.25, 8]},
			"faces": {
				"north": {"uv": [7.5, 7, 7.625, 7.625], "texture": "#1"},
				"east": {"uv": [2.875, 5.75, 3.875, 6.375], "texture": "#1"},
				"south": {"uv": [7.625, 3.25, 7.75, 3.875], "texture": "#1"},
				"west": {"uv": [5.875, 5.25, 6.875, 5.875], "texture": "#1"},
				"up": {"uv": [7.125, 8.375, 7, 7.375], "texture": "#1"},
				"down": {"uv": [7.5, 7, 7.375, 8], "texture": "#1"}
			}
		},
		{
			"from": [9.23444, 11, 10.59769],
			"to": [10.23444, 13, 13.59769],
			"rotation": {"angle": 22.5, "axis": "y", "origin": [8, 6.25, 8]},
			"faces": {
				"north": {"uv": [4, 4.75, 4.125, 5], "texture": "#1"},
				"east": {"uv": [1.5, 7.5, 1.875, 7.75], "texture": "#1"},
				"south": {"uv": [3.875, 5.75, 4, 6], "texture": "#1"},
				"west": {"uv": [1.875, 7.5, 2.25, 7.75], "texture": "#1"},
				"up": {"uv": [6.125, 8, 6, 7.625], "texture": "#1"},
				"down": {"uv": [6.25, 7.625, 6.125, 8], "texture": "#1"}
			}
		},
		{
			"from": [9.42578, 11, 2.86425],
			"to": [10.42578, 13, 5.86425],
			"rotation": {"angle": -22.5, "axis": "y", "origin": [8, 6.25, 8]},
			"faces": {
				"north": {"uv": [7.625, 6.375, 7.75, 6.625], "texture": "#1"},
				"east": {"uv": [2.25, 7.5, 2.625, 7.75], "texture": "#1"},
				"south": {"uv": [6.5, 7.625, 6.625, 7.875], "texture": "#1"},
				"west": {"uv": [3.375, 7.5, 3.75, 7.75], "texture": "#1"},
				"up": {"uv": [6.375, 8, 6.25, 7.625], "texture": "#1"},
				"down": {"uv": [6.5, 7.625, 6.375, 8], "texture": "#1"}
			}
		},
		{
			"from": [4.5, 10, 5.08991],
			"to": [11.5, 15, 11.08991],
			"rotation": {"angle": 0, "axis": "y", "origin": [8, 6.25, 8]},
			"faces": {
				"north": {"uv": [5.875, 5.875, 6.75, 6.5], "texture": "#1"},
				"east": {"uv": [6.125, 2.75, 6.875, 3.375], "texture": "#1"},
				"south": {"uv": [6, 0, 6.875, 0.625], "texture": "#1"},
				"west": {"uv": [6.25, 3.375, 7, 4], "texture": "#1"},
				"up": {"uv": [5.875, 6, 5, 5.25], "texture": "#1"},
				"down": {"uv": [0.875, 5.75, 0, 6.5], "texture": "#1"}
			}
		},
		{
			"from": [5.5, 15, 6.08991],
			"to": [10.5, 19, 10.08991],
			"rotation": {"angle": 0, "axis": "y", "origin": [8, 6.25, 8]},
			"faces": {
				"north": {"uv": [6.375, 6.5, 7, 7], "texture": "#1"},
				"east": {"uv": [6.875, 2.75, 7.375, 3.25], "texture": "#1"},
				"south": {"uv": [6.75, 5.875, 7.375, 6.375], "texture": "#1"},
				"west": {"uv": [6.875, 4, 7.375, 4.5], "texture": "#1"},
				"up": {"uv": [7.5, 0.5, 6.875, 0], "texture": "#1"},
				"down": {"uv": [3.375, 6.875, 2.75, 7.375], "texture": "#1"}
			}
		},
		{
			"from": [-3.14668, 15.37409, 7.08991],
			"to": [3.85332, 19.37409, 9.08991],
			"rotation": {"angle": -22.5, "axis": "z", "origin": [8, 6.25, 8]},
			"faces": {
				"north": {"uv": [2.75, 6.375, 3.625, 6.875], "texture": "#1"},
				"east": {"uv": [7.125, 7.375, 7.375, 7.875], "texture": "#1"},
				"south": {"uv": [0, 6.5, 0.875, 7], "texture": "#1"},
				"west": {"uv": [0, 7.5, 0.25, 8], "texture": "#1"},
				"up": {"uv": [7.75, 0.75, 6.875, 0.5], "texture": "#1"},
				"down": {"uv": [7.75, 4.5, 6.875, 4.75], "texture": "#1"}
			}
		},
		{
			"from": [13.07056, 15.9914, 7.33991],
			"to": [18.07056, 18.9914, 8.83991],
			"rotation": {"angle": 22.5, "axis": "z", "origin": [8, 6.25, 8]},
			"faces": {
				"north": {"uv": [6.75, 7, 7.375, 7.375], "texture": "#1"},
				"east": {"uv": [3.75, 7.5, 4, 7.875], "texture": "#1"},
				"south": {"uv": [0.5, 7.125, 1.125, 7.5], "texture": "#1"},
				"west": {"uv": [4, 7.5, 4.25, 7.875], "texture": "#1"},
				"up": {"uv": [7.625, 7, 7, 6.75], "texture": "#1"},
				"down": {"uv": [7.875, 4.75, 7.25, 5], "texture": "#1"}
			}
		},
		{
			"from": [9.5, -5, 6.08991],
			"to": [11.5, -1, 10.08991],
			"rotation": {"angle": 0, "axis": "y", "origin": [8, 6.25, 8]},
			"faces": {
				"north": {"uv": [7.5, 0, 7.75, 0.5], "texture": "#1"},
				"east": {"uv": [6.875, 5.25, 7.375, 5.75], "texture": "#1"},
				"south": {"uv": [0.25, 7.5, 0.5, 8], "texture": "#1"},
				"west": {"uv": [0, 7, 0.5, 7.5], "texture": "#1"},
				"up": {"uv": [0.75, 8, 0.5, 7.5], "texture": "#1"},
				"down": {"uv": [1, 7.5, 0.75, 8], "texture": "#1"}
			}
		},
		{
			"from": [1.29684, -5.87101, 5.58991],
			"to": [6.29684, 0.12899, 10.58991],
			"rotation": {"angle": 22.5, "axis": "z", "origin": [8, 6.25, 8]},
			"faces": {
				"north": {"uv": [6.25, 4, 6.875, 4.75], "texture": "#1"},
				"east": {"uv": [0.875, 6.375, 1.5, 7.125], "texture": "#1"},
				"south": {"uv": [1.5, 6.375, 2.125, 7.125], "texture": "#1"},
				"west": {"uv": [2.125, 6.375, 2.75, 7.125], "texture": "#1"},
				"up": {"uv": [4.25, 7.125, 3.625, 6.5], "texture": "#1"},
				"down": {"uv": [4.875, 6.5, 4.25, 7.125], "texture": "#1"}
			}
		},
		{
			"name": "cube inverted",
			"from": [10.5, 22.63922, 24.16282],
			"to": [5.5, 20.13922, 21.66282],
			"rotation": {"angle": -45, "axis": "x", "origin": [8, 6.25, 8]},
			"faces": {
				"north": {"uv": [1.125, 7.125, 1.75, 7.5], "texture": "#1"},
				"east": {"uv": [7.375, 5.25, 7.75, 5.625], "texture": "#1"},
				"south": {"uv": [1.75, 7.125, 2.375, 7.5], "texture": "#1"},
				"west": {"uv": [5.375, 7.375, 5.75, 7.75], "texture": "#1"},
				"up": {"uv": [4, 7.5, 3.375, 7.125], "texture": "#1"},
				"down": {"uv": [4.625, 7.125, 4, 7.5], "texture": "#1"}
			}
		}
	],
	"gui_light": "front",
	"display": {
		"thirdperson_righthand": {
			"rotation": [41, 0, 0],
			"translation": [2, 1.5, 0.75],
			"scale": [0.22, 0.22, 0.22]
		},
		"thirdperson_lefthand": {
			"rotation": [41, 0, 0],
			"translation": [-2, 1.5, 0.25],
			"scale": [0.22, 0.22, 0.22]
		},
		"firstperson_righthand": {
			"rotation": [-180, 66, -180],
			"translation": [0, 5.25, -0.25],
			"scale": [0.21, 0.21, 0.21]
		},
		"firstperson_lefthand": {
			"rotation": [-180, 66, -180],
			"translation": [0, 5.25, 4],
			"scale": [0.21, 0.21, 0.21]
		},
		"ground": {
			"translation": [2, 4.5, 0],
			"scale": [0.25, 0.25, 0.25]
		},
		"gui": {
			"rotation": [18.25, 158, 0],
			"translation": [-3, 0.25, 0],
			"scale": [0.31, 0.31, 0.31]
		},
		"head": {
			"translation": [0, -7.25, 0],
			"scale": [0, 0, 0]
		},
		"fixed": {
			"rotation": [-90, 0, 0],
			"translation": [-16, 0, -47.75],
			"scale": [2, 2, 2]
		}
	},
	"groups": [
		{
			"name": "group",
			"origin": [15.5, -1, -0.41009],
			"color": 0,
			"children": [
				0,
				1,
				2,
				3,
				4,
				5,
				6,
				7,
				{
					"name": "group",
					"origin": [36.1875, 28, 8.08991],
					"color": 0,
					"children": [8, 9, 10, 11, 12, 13, 14, 15, 16, 17, 18, 19, 20, 21]
				},
				{
					"name": "group",
					"origin": [36.1875, 28, 8.08991],
					"color": 0,
					"children": []
				},
				{
					"name": "group",
					"origin": [36.1875, 28, 8.08991],
					"color": 0,
					"children": []
				},
				{
					"name": "group",
					"origin": [36.1875, 28, 8.08991],
					"color": 0,
					"children": []
				},
				{
					"name": "group",
					"origin": [36.1875, 28, 8.08991],
					"color": 0,
					"children": []
				},
				22
			]
		}
	],
	"mcmodels": "0b5420e9fdf2b6bb410f6b5c3d83ab7b"
}