{
	"format_version": "1.21.6",
	"credit": "MadewithBlockbench",
	"texture_size": [256, 128],
	"textures": {
		"2": "furniture:item/dungeon_hang_flag_with_bone"
	},
	"elements": [
		{
			"from": [26, 16, 3],
			"to": [28, 18, 4],
			"rotation": {"angle": 0, "axis": "y", "origin": [0, 0, -5]},
			"faces": {
				"north": {"uv": [5, 6, 5.25, 6.5], "texture": "#2"},
				"east": {"uv": [5.125, 6.5, 5, 7], "texture": "#2"},
				"south": {"uv": [5, 6, 5.25, 6.5], "texture": "#2"},
				"west": {"uv": [5, 6.5, 5.125, 7], "texture": "#2"},
				"up": {"uv": [3, 10.5, 2.75, 10.25], "texture": "#2"},
				"down": {"uv": [3, 10.5, 2.75, 10.25], "texture": "#2"}
			}
		},
		{
			"from": [24, 12, 3.5],
			"to": [30, 18, 3.5],
			"rotation": {"angle": 0, "axis": "y", "origin": [0, 0, -5]},
			"faces": {
				"north": {"uv": [5, 4.5, 5.75, 6], "texture": "#2"},
				"south": {"uv": [5, 4.5, 5.75, 6], "texture": "#2"}
			}
		},
		{
			"from": [24, 1, 12.5],
			"to": [30, 7, 12.5],
			"rotation": {"angle": 0, "axis": "y", "origin": [27, 15, 12.5]},
			"faces": {
				"north": {"uv": [5.75, 4.5, 5, 6], "texture": "#2"},
				"south": {"uv": [5.75, 4.5, 5, 6], "texture": "#2"}
			}
		},
		{
			"from": [25, 7, 12.5],
			"to": [29, 16, 12.5],
			"rotation": {"angle": 0, "axis": "y", "origin": [27, 15, 12.5]},
			"faces": {
				"north": {"uv": [5.75, 4.75, 6.25, 7], "texture": "#2"},
				"south": {"uv": [6.25, 4.75, 5.75, 7], "texture": "#2"}
			}
		},
		{
			"from": [-14, 12, 3.5],
			"to": [-8, 18, 3.5],
			"rotation": {"angle": 22.5, "axis": "x", "origin": [-11, 18, 3.5]},
			"faces": {
				"north": {"uv": [5.75, 4.5, 5, 6], "texture": "#2"},
				"south": {"uv": [5.75, 4.5, 5, 6], "texture": "#2"}
			}
		},
		{
			"from": [-14, 12, 12.5],
			"to": [-8, 18, 12.5],
			"rotation": {"angle": 22.5, "axis": "z", "origin": [-11, 18, 12.5]},
			"faces": {
				"north": {"uv": [5, 4.5, 5.75, 6], "texture": "#2"},
				"south": {"uv": [5, 4.5, 5.75, 6], "texture": "#2"}
			}
		},
		{
			"from": [-7, 14, 5],
			"to": [23, 19, 11],
			"rotation": {"angle": 0, "axis": "y", "origin": [0, 0, -5]},
			"faces": {
				"north": {"uv": [3.75, 7, 7.5, 8.25], "texture": "#2"},
				"east": {"uv": [4.5, 10, 5.25, 11.25], "texture": "#2"},
				"south": {"uv": [3.75, 7, 7.5, 8.25], "texture": "#2"},
				"west": {"uv": [4.5, 10, 5.25, 11.25], "texture": "#2"},
				"up": {"uv": [3.75, 8.5, 0, 7], "texture": "#2"},
				"down": {"uv": [3.75, 8.5, 0, 7], "texture": "#2"}
			}
		},
		{
			"from": [-15, 13, 4],
			"to": [-7, 20, 12],
			"rotation": {"angle": 0, "axis": "y", "origin": [16, 0, -5]},
			"faces": {
				"north": {"uv": [5.5, 8.25, 4.5, 10], "texture": "#2"},
				"east": {"uv": [5.5, 8.25, 4.5, 10], "texture": "#2"},
				"south": {"uv": [5.5, 8.25, 4.5, 10], "texture": "#2"},
				"west": {"uv": [5.5, 8.25, 4.5, 10], "texture": "#2"},
				"up": {"uv": [1.75, 10.5, 2.75, 8.5], "texture": "#2"},
				"down": {"uv": [1.75, 10.5, 2.75, 8.5], "texture": "#2"}
			}
		},
		{
			"from": [-14, -10, 5],
			"to": [-8, 13, 11],
			"rotation": {"angle": 0, "axis": "y", "origin": [16, 0, -5]},
			"faces": {
				"north": {"uv": [0.75, 8.5, 0, 14.25], "texture": "#2"},
				"east": {"uv": [0.75, 8.5, 0, 14.25], "texture": "#2"},
				"south": {"uv": [0.75, 8.5, 0, 14.25], "texture": "#2"},
				"west": {"uv": [0.75, 8.5, 0, 14.25], "texture": "#2"},
				"up": {"uv": [5, 4.5, 5.75, 3], "texture": "#2"},
				"down": {"uv": [5, 4.5, 5.75, 3], "texture": "#2"}
			}
		},
		{
			"from": [-15, -16, 4],
			"to": [-7, -10, 12],
			"rotation": {"angle": 0, "axis": "y", "origin": [16, 0, -5]},
			"faces": {
				"north": {"uv": [6, 0, 5, 1.5], "texture": "#2"},
				"east": {"uv": [6, 0, 5, 1.5], "texture": "#2"},
				"south": {"uv": [6, 0, 5, 1.5], "texture": "#2"},
				"west": {"uv": [6, 0, 5, 1.5], "texture": "#2"},
				"up": {"uv": [0.75, 10.5, 1.75, 8.5], "texture": "#2"},
				"down": {"uv": [0.75, 10.5, 1.75, 8.5], "texture": "#2"}
			}
		},
		{
			"from": [23, 13, 4],
			"to": [31, 20, 12],
			"rotation": {"angle": 0, "axis": "y", "origin": [0, 0, -5]},
			"faces": {
				"north": {"uv": [4.5, 8.25, 5.5, 10], "texture": "#2"},
				"east": {"uv": [4.5, 8.25, 5.5, 10], "texture": "#2"},
				"south": {"uv": [4.5, 8.25, 5.5, 10], "texture": "#2"},
				"west": {"uv": [4.5, 8.25, 5.5, 10], "texture": "#2"},
				"up": {"uv": [2.75, 10.5, 1.75, 8.5], "texture": "#2"},
				"down": {"uv": [2.75, 10.5, 1.75, 8.5], "texture": "#2"}
			}
		},
		{
			"from": [24, -10, 5],
			"to": [30, 13, 11],
			"rotation": {"angle": 0, "axis": "y", "origin": [0, 0, -5]},
			"faces": {
				"north": {"uv": [0, 8.5, 0.75, 14.25], "texture": "#2"},
				"east": {"uv": [0, 8.5, 0.75, 14.25], "texture": "#2"},
				"south": {"uv": [0, 8.5, 0.75, 14.25], "texture": "#2"},
				"west": {"uv": [0, 8.5, 0.75, 14.25], "texture": "#2"},
				"up": {"uv": [5.75, 4.5, 5, 3], "texture": "#2"},
				"down": {"uv": [5.75, 4.5, 5, 3], "texture": "#2"}
			}
		},
		{
			"from": [23, -16, 4],
			"to": [31, -10, 12],
			"rotation": {"angle": 0, "axis": "y", "origin": [0, 0, -5]},
			"faces": {
				"north": {"uv": [5, 0, 6, 1.5], "texture": "#2"},
				"east": {"uv": [5, 0, 6, 1.5], "texture": "#2"},
				"south": {"uv": [5, 0, 6, 1.5], "texture": "#2"},
				"west": {"uv": [5, 0, 6, 1.5], "texture": "#2"},
				"up": {"uv": [1.75, 10.5, 0.75, 8.5], "texture": "#2"},
				"down": {"uv": [1.75, 10.5, 0.75, 8.5], "texture": "#2"}
			}
		},
		{
			"from": [-12, 16, 3],
			"to": [-10, 18, 4],
			"rotation": {"angle": 0, "axis": "y", "origin": [16, 0, -5]},
			"faces": {
				"north": {"uv": [5.25, 6, 5, 6.5], "texture": "#2"},
				"east": {"uv": [5.125, 6.5, 5, 7], "texture": "#2"},
				"south": {"uv": [5.25, 6, 5, 6.5], "texture": "#2"},
				"west": {"uv": [5, 6.5, 5.125, 7], "texture": "#2"},
				"up": {"uv": [2.75, 10.5, 3, 10.25], "texture": "#2"},
				"down": {"uv": [2.75, 10.5, 3, 10.25], "texture": "#2"}
			}
		},
		{
			"from": [-12, 16, 12],
			"to": [-10, 18, 13],
			"rotation": {"angle": 0, "axis": "y", "origin": [16, 0, 11]},
			"faces": {
				"north": {"uv": [5, 6, 5.25, 6.5], "texture": "#2"},
				"east": {"uv": [5, 6.5, 5.125, 7], "texture": "#2"},
				"south": {"uv": [5, 6, 5.25, 6.5], "texture": "#2"},
				"west": {"uv": [5.125, 6.5, 5, 7], "texture": "#2"},
				"up": {"uv": [2.75, 10.25, 3, 10.5], "texture": "#2"},
				"down": {"uv": [2.75, 10.25, 3, 10.5], "texture": "#2"}
			}
		},
		{
			"from": [26, 16, 12],
			"to": [28, 18, 13],
			"rotation": {"angle": 0, "axis": "y", "origin": [0, 0, 11]},
			"faces": {
				"north": {"uv": [5.25, 6, 5, 6.5], "texture": "#2"},
				"east": {"uv": [5, 6.5, 5.125, 7], "texture": "#2"},
				"south": {"uv": [5.25, 6, 5, 6.5], "texture": "#2"},
				"west": {"uv": [5.125, 6.5, 5, 7], "texture": "#2"},
				"up": {"uv": [3, 10.25, 2.75, 10.5], "texture": "#2"},
				"down": {"uv": [3, 10.25, 2.75, 10.5], "texture": "#2"}
			}
		},
		{
			"from": [-12, -10, 3.9],
			"to": [28, 18, 3.9],
			"rotation": {"angle": 0, "axis": "y", "origin": [0, 0, -5]},
			"faces": {
				"north": {"uv": [0, 0, 5, 7], "texture": "#2"},
				"south": {"uv": [0, 0, 5, 7], "texture": "#2"}
			}
		},
		{
			"from": [24, 14, 2],
			"to": [30, 22, 10],
			"rotation": {"angle": 22.5, "axis": "z", "origin": [11, 20, -4]},
			"faces": {
				"north": {"uv": [10, 0, 11, 1.5], "rotation": 270, "texture": "#2"},
				"east": {"uv": [9, 5.25, 8, 3.25], "rotation": 90, "texture": "#2"},
				"south": {"uv": [10, 3, 11, 4.5], "rotation": 90, "texture": "#2"},
				"west": {"uv": [9, 5.25, 8, 3.25], "rotation": 90, "texture": "#2"},
				"up": {"uv": [10, 1.5, 11, 3], "rotation": 90, "texture": "#2"},
				"down": {"uv": [10, 1.5, 11, 3], "rotation": 90, "texture": "#2"}
			}
		},
		{
			"from": [31, 29.4, 1.5],
			"to": [32, 31.9, 2],
			"rotation": {"angle": 22.5, "axis": "z", "origin": [40, 15, -4]},
			"faces": {
				"north": {"uv": [8.5625, 7.75, 8.25, 8], "rotation": 270, "texture": "#2"},
				"east": {"uv": [8.5625, 8, 8.25, 8.125], "rotation": 90, "texture": "#2"},
				"south": {"uv": [8.5625, 7.75, 8.25, 8], "rotation": 90, "texture": "#2"},
				"west": {"uv": [8.5625, 8, 8.25, 8.125], "rotation": 90, "texture": "#2"},
				"up": {"uv": [8.625, 7.75, 8.5625, 8], "rotation": 90, "texture": "#2"},
				"down": {"uv": [8.625, 7.75, 8.5625, 8], "rotation": 90, "texture": "#2"}
			}
		},
		{
			"from": [25, 26.5, 1.5],
			"to": [26, 29, 2],
			"rotation": {"angle": 22.5, "axis": "z", "origin": [40, 31, -4]},
			"faces": {
				"north": {"uv": [8.25, 7.75, 8.5625, 8], "rotation": 270, "texture": "#2"},
				"east": {"uv": [8.25, 8, 8.5625, 8.125], "rotation": 90, "texture": "#2"},
				"south": {"uv": [8.25, 7.75, 8.5625, 8], "rotation": 90, "texture": "#2"},
				"west": {"uv": [8.25, 8, 8.5625, 8.125], "rotation": 90, "texture": "#2"},
				"up": {"uv": [8.625, 8, 8.5625, 7.75], "rotation": 270, "texture": "#2"},
				"down": {"uv": [8.625, 8, 8.5625, 7.75], "rotation": 270, "texture": "#2"}
			}
		},
		{
			"from": [22, 15, 5],
			"to": [24, 21, 10],
			"rotation": {"angle": 22.5, "axis": "z", "origin": [11, 20, -4]},
			"faces": {
				"north": {"uv": [11, 3.75, 11.75, 4.25], "rotation": 270, "texture": "#2"},
				"east": {"uv": [10.75, 5.75, 10, 4.5], "rotation": 90, "texture": "#2"},
				"south": {"uv": [8.25, 6.25, 9, 6.75], "rotation": 90, "texture": "#2"},
				"west": {"uv": [10.75, 5.75, 10, 4.5], "rotation": 90, "texture": "#2"},
				"up": {"uv": [11, 3.25, 11.625, 3.75], "rotation": 90, "texture": "#2"},
				"down": {"uv": [11, 3.25, 11.625, 3.75], "rotation": 90, "texture": "#2"}
			}
		},
		{
			"from": [22, 15, 3],
			"to": [23, 21, 5],
			"rotation": {"angle": 22.5, "axis": "z", "origin": [11, 20, -4]},
			"faces": {
				"north": {"uv": [8.25, 6.75, 9, 7], "rotation": 270, "texture": "#2"},
				"east": {"uv": [9, 7.5, 8.25, 7], "rotation": 90, "texture": "#2"},
				"south": {"uv": [8.25, 6.75, 9, 7], "rotation": 90, "texture": "#2"},
				"west": {"uv": [9, 7.5, 8.25, 7], "rotation": 90, "texture": "#2"},
				"up": {"uv": [8.25, 7.5, 8.5, 7.75], "rotation": 90, "texture": "#2"},
				"down": {"uv": [8.25, 7.5, 8.5, 7.75], "rotation": 90, "texture": "#2"}
			}
		},
		{
			"from": [9, 19.1, 4],
			"to": [22, 19.1, 12],
			"rotation": {"angle": 0, "axis": "y", "origin": [11, 20, -4]},
			"faces": {
				"up": {"uv": [8, 0, 9, 3.25], "rotation": 90, "texture": "#2"},
				"down": {"uv": [8, 0, 9, 3.25], "rotation": 90, "texture": "#2"}
			}
		},
		{
			"from": [9, 19, 12],
			"to": [22, 23, 12],
			"rotation": {"angle": 0, "axis": "y", "origin": [11, 20, -4]},
			"faces": {
				"north": {"uv": [9.5, 3.25, 10, 6.5], "rotation": 270, "texture": "#2"},
				"south": {"uv": [9.5, 3.25, 10, 6.5], "rotation": 90, "texture": "#2"}
			}
		},
		{
			"from": [22, 19, 4],
			"to": [22, 23, 12],
			"rotation": {"angle": 0, "axis": "y", "origin": [11, 20, -4]},
			"faces": {
				"east": {"uv": [9, 6.25, 8, 5.25], "rotation": 180, "texture": "#2"},
				"west": {"uv": [9, 6.25, 8, 5.25], "texture": "#2"}
			}
		},
		{
			"from": [9, 23, 4],
			"to": [22, 23, 12],
			"rotation": {"angle": 0, "axis": "y", "origin": [11, 20, -4]},
			"faces": {
				"up": {"uv": [9, 0, 10, 3.25], "rotation": 90, "texture": "#2"},
				"down": {"uv": [9, 0, 10, 3.25], "rotation": 90, "texture": "#2"}
			}
		},
		{
			"from": [9, 19.1, 4],
			"to": [22, 23.1, 4],
			"rotation": {"angle": 0, "axis": "y", "origin": [11, 20, -4]},
			"faces": {
				"north": {"uv": [9.5, 6.5, 10, 3.25], "rotation": 90, "texture": "#2"},
				"south": {"uv": [9.5, 3.25, 10, 6.5], "rotation": 90, "texture": "#2"}
			}
		},
		{
			"from": [9, 19, 4],
			"to": [9, 23, 12],
			"rotation": {"angle": 0, "axis": "y", "origin": [11, 20, -4]},
			"faces": {
				"east": {"uv": [11.75, 4.5, 10.75, 5.5], "rotation": 180, "texture": "#2"},
				"west": {"uv": [11.75, 4.5, 10.75, 5.5], "texture": "#2"}
			}
		},
		{
			"from": [-2, 19, 9],
			"to": [9, 21, 11],
			"rotation": {"angle": 0, "axis": "y", "origin": [11, 21, -4]},
			"faces": {
				"north": {"uv": [8, 6.25, 8.25, 9], "rotation": 270, "texture": "#2"},
				"east": {"uv": [10.5, 6.75, 10.25, 6.25], "rotation": 180, "texture": "#2"},
				"south": {"uv": [8, 6.25, 8.25, 9], "rotation": 90, "texture": "#2"},
				"west": {"uv": [10.5, 6.75, 10.25, 6.25], "texture": "#2"},
				"up": {"uv": [11, 5.5, 11.25, 8.25], "rotation": 90, "texture": "#2"},
				"down": {"uv": [11, 5.5, 11.25, 8.25], "rotation": 90, "texture": "#2"}
			}
		},
		{
			"from": [-2, 20, 3.75],
			"to": [9, 22, 5.75],
			"rotation": {"angle": 22.5, "axis": "z", "origin": [11, 21, 12]},
			"faces": {
				"north": {"uv": [8.25, 6.25, 8, 9], "rotation": 270, "texture": "#2"},
				"east": {"uv": [10.25, 6.75, 10.5, 6.25], "rotation": 180, "texture": "#2"},
				"south": {"uv": [8.25, 6.25, 8, 9], "rotation": 90, "texture": "#2"},
				"west": {"uv": [10.25, 6.75, 10.5, 6.25], "texture": "#2"},
				"up": {"uv": [11.25, 5.5, 11, 8.25], "rotation": 90, "texture": "#2"},
				"down": {"uv": [11.25, 5.5, 11, 8.25], "rotation": 90, "texture": "#2"}
			}
		},
		{
			"from": [19, 5, 1.75],
			"to": [21, 18, 3.75],
			"rotation": {"angle": 22.5, "axis": "z", "origin": [11, 21, 12]},
			"faces": {
				"north": {"uv": [11.25, 0, 11, 3.25], "texture": "#2"},
				"east": {"uv": [11, 5.5, 10.75, 8.75], "texture": "#2"},
				"south": {"uv": [11.25, 0, 11, 3.25], "texture": "#2"},
				"west": {"uv": [11, 5.5, 10.75, 8.75], "texture": "#2"},
				"up": {"uv": [10, 6.75, 10.25, 6.25], "rotation": 90, "texture": "#2"},
				"down": {"uv": [10, 6.75, 10.25, 6.25], "rotation": 270, "texture": "#2"}
			}
		},
		{
			"from": [19, 8, 12.25],
			"to": [21, 21, 14.25],
			"rotation": {"angle": 0, "axis": "y", "origin": [11, 21, -4]},
			"faces": {
				"north": {"uv": [11, 0, 11.25, 3.25], "texture": "#2"},
				"east": {"uv": [10.75, 5.5, 11, 8.75], "texture": "#2"},
				"south": {"uv": [11, 0, 11.25, 3.25], "texture": "#2"},
				"west": {"uv": [10.75, 5.5, 11, 8.75], "texture": "#2"},
				"up": {"uv": [10.25, 6.75, 10, 6.25], "rotation": 90, "texture": "#2"},
				"down": {"uv": [10.25, 6.75, 10, 6.25], "rotation": 270, "texture": "#2"}
			}
		}
	],
	"gui_light": "front",
	"display": {
		"thirdperson_righthand": {
			"translation": [0.25, 2, 0],
			"scale": [0.22, 0.22, 0.22]
		},
		"thirdperson_lefthand": {
			"translation": [0.25, 1.5, 0],
			"scale": [0.22, 0.22, 0.22]
		},
		"firstperson_righthand": {
			"rotation": [0, 129, 0],
			"scale": [0.45, 0.45, 0.45]
		},
		"firstperson_lefthand": {
			"rotation": [0, 129, 0],
			"scale": [0.45, 0.45, 0.45]
		},
		"ground": {
			"translation": [0, 3, 0],
			"scale": [0.25, 0.25, 0.25]
		},
		"gui": {
			"rotation": [30, -135, 0],
			"translation": [1, 0, 0],
			"scale": [0.24, 0.24, 0.24]
		},
		"head": {
			"translation": [0, -5, -8],
			"scale": [1.6, 1.6, 1.6]
		},
		"fixed": {
			"rotation": [-90, 0, 0],
			"translation": [0, 0.25, -48],
			"scale": [2, 2, 2]
		}
	},
	"groups": [
		0,
		1,
		2,
		3,
		4,
		5,
		6,
		7,
		8,
		9,
		10,
		11,
		12,
		13,
		14,
		15,
		16,
		{
			"name": "dungeon_skeleton_02",
			"origin": [8, 8, 8],
			"color": 0,
			"children": [
				{
					"name": "group",
					"origin": [0, 0, 0],
					"color": 0,
					"children": [17, 18, 19, 20, 21]
				},
				{
					"name": "group",
					"origin": [0, 0, 0],
					"color": 0,
					"children": [22, 23, 24, 25, 26, 27]
				},
				{
					"name": "group",
					"origin": [16, 0, 0],
					"color": 0,
					"children": [28, 29]
				},
				{
					"name": "group",
					"origin": [0, 0, 0],
					"color": 0,
					"children": [30, 31]
				}
			]
		}
	]
}