{
	"format_version": "1.21.6",
	"credit": "Polygony Creation Co.,Ltd.",
	"texture_size": [64, 64],
	"textures": {
		"0": "furniture:item/umbrella",
		"particle": "furniture:item/umbrella"
	},
	"elements": [
		{
			"from": [7, -10, 7],
			"to": [9, -7, 9],
			"rotation": {"angle": 0, "axis": "y", "origin": [8, -9, 8]},
			"faces": {
				"north": {"uv": [0, 4.25, 0.5, 5], "texture": "#0"},
				"east": {"uv": [0.5, 4.25, 1, 5], "texture": "#0"},
				"south": {"uv": [0, 5, 0.5, 5.75], "texture": "#0"},
				"west": {"uv": [0.5, 5, 1, 5.75], "texture": "#0"},
				"up": {"uv": [0.5, 6.25, 0, 5.75], "texture": "#0"},
				"down": {"uv": [1, 5.75, 0.5, 6.25], "texture": "#0"}
			}
		},
		{
			"from": [7, 27, 7],
			"to": [9, 29, 9],
			"rotation": {"angle": 0, "axis": "y", "origin": [8, 28, 8]},
			"faces": {
				"north": {"uv": [0, 6.25, 0.5, 6.75], "texture": "#0"},
				"east": {"uv": [0.5, 6.25, 1, 6.75], "texture": "#0"},
				"south": {"uv": [0, 6.75, 0.5, 7.25], "texture": "#0"},
				"west": {"uv": [0, 7.25, 0.5, 7.75], "texture": "#0"},
				"up": {"uv": [0.5, 8.25, 0, 7.75], "texture": "#0"},
				"down": {"uv": [0.5, 8.25, 0, 8.75], "texture": "#0"}
			}
		},
		{
			"from": [7.5, -7, 7.5],
			"to": [8.5, 27, 8.5],
			"rotation": {"angle": 0, "axis": "y", "origin": [8.5, 4, 8.5]},
			"faces": {
				"north": {"uv": [0.75, 7, 1, 13], "texture": "#0"},
				"east": {"uv": [1, 7, 1.25, 13], "texture": "#0"},
				"south": {"uv": [1.25, 7, 1.5, 13], "texture": "#0"},
				"west": {"uv": [1.5, 7, 1.75, 13], "texture": "#0"}
			}
		},
		{
			"from": [0, 28, 0],
			"to": [16, 28.03, 16],
			"rotation": {"angle": 0, "axis": "z", "origin": [8, 28, 0]},
			"faces": {
				"up": {"uv": [4, 4, 0, 0], "texture": "#0"},
				"down": {"uv": [4, 4, 0, 0], "texture": "#0"}
			}
		},
		{
			"from": [-7.98852, 28.00228, -8],
			"to": [0.01148, 28.03228, 24],
			"rotation": {"angle": 22.5, "axis": "z", "origin": [0.01148, 28.00228, 0]},
			"faces": {
				"up": {"uv": [6.25, 8, 4.25, 0], "texture": "#0"},
				"down": {"uv": [6.25, 8, 4.25, 0], "texture": "#0"}
			}
		},
		{
			"from": [15.98852, 28.00228, -8],
			"to": [23.98852, 28.03228, 24],
			"rotation": {"angle": -22.5, "axis": "z", "origin": [15.98852, 28.00228, 0]},
			"faces": {
				"up": {"uv": [4.25, 8, 6.25, 0], "texture": "#0"},
				"down": {"uv": [4.25, 8, 6.25, 0], "texture": "#0"}
			}
		},
		{
			"from": [-8, 30.94723, -6.79377],
			"to": [24, 30.97723, 1.20623],
			"rotation": {"angle": -22.5, "axis": "x", "origin": [8, 26.47155, 8.01148]},
			"faces": {
				"up": {"uv": [14.75, 2, 6.75, 0], "texture": "#0"},
				"down": {"uv": [14.75, 0, 6.75, 2], "texture": "#0"}
			}
		},
		{
			"from": [-8, 30.94723, 14.79377],
			"to": [24, 30.97723, 22.79377],
			"rotation": {"angle": 22.5, "axis": "x", "origin": [8, 26.47155, 7.98852]},
			"faces": {
				"up": {"uv": [14.75, 0, 6.75, 2], "texture": "#0"},
				"down": {"uv": [14.75, 2, 6.75, 0], "texture": "#0"}
			}
		}
	],
	"gui_light": "front",
	"display": {
		"thirdperson_righthand": {
			"rotation": [90, 0, 0],
			"translation": [0, 0.5, 12.25]
		},
		"thirdperson_lefthand": {
			"rotation": [90, 0, 0],
			"translation": [0, 0.5, 12.25]
		},
		"firstperson_righthand": {
			"rotation": [10, 0, 0],
			"translation": [4, 4.25, 0]
		},
		"firstperson_lefthand": {
			"rotation": [10, 0, 0],
			"translation": [4, 4.25, 0]
		},
		"ground": {
			"rotation": [45, 0, 0],
			"translation": [0, 5, 0],
			"scale": [0.7, 0.7, 0.7]
		},
		"gui": {
			"rotation": [35, 45, 0],
			"translation": [0, -2.5, 0],
			"scale": [0.5, 0.5, 0.5]
		},
		"head": {
			"rotation": [0, -180, 0],
			"translation": [0, -14.5, 0],
			"scale": [1.6, 1.6, 1.6]
		},
		"fixed": {
			"rotation": [-90, 0, 0],
			"translation": [0, 0, -36],
			"scale": [2, 2, 2]
		}
	},
	"mcmodels": "fd0a3968caabfed9a9ad5b86a4815863"
}