{
	"format_version": "1.21.6",
	"credit": "MadewithBlockbench",
	"texture_size": [64, 64],
	"textures": {
		"0": "furniture:item/dungeon_weaponstand",
		"particle": "furniture:item/dungeon_weaponstand"
	},
	"elements": [
		{
			"from": [19, 0, 2],
			"to": [23, 3, 14],
			"rotation": {"angle": 0, "axis": "y", "origin": [8, 0, -2]},
			"faces": {
				"north": {"uv": [6.25, 5.75, 7.25, 6.5], "texture": "#0"},
				"east": {"uv": [3, 4.75, 6, 5.5], "texture": "#0"},
				"south": {"uv": [6.25, 5.75, 7.25, 6.5], "texture": "#0"},
				"west": {"uv": [3, 4.75, 6, 5.5], "texture": "#0"},
				"up": {"uv": [3, 7.25, 2, 4.25], "texture": "#0"},
				"down": {"uv": [3, 7.25, 2, 4.25], "texture": "#0"}
			}
		},
		{
			"from": [-3, 1, 6],
			"to": [19, 3, 10],
			"rotation": {"angle": 0, "axis": "y", "origin": [8, 0, -2]},
			"faces": {
				"north": {"uv": [3, 4.25, 8.5, 4.75], "texture": "#0"},
				"east": {"uv": [6.25, 6.5, 7.25, 7], "texture": "#0"},
				"south": {"uv": [3, 4.25, 8.5, 4.75], "texture": "#0"},
				"west": {"uv": [6.25, 6.5, 7.25, 7], "texture": "#0"},
				"up": {"uv": [7.5, 4.25, 2, 3.25], "texture": "#0"},
				"down": {"uv": [7.5, 4.25, 2, 3.25], "texture": "#0"}
			}
		},
		{
			"from": [19, 3, 6],
			"to": [23, 26, 10],
			"rotation": {"angle": 0, "axis": "y", "origin": [8, 0, -2]},
			"faces": {
				"north": {"uv": [0, 3.25, 1, 9], "texture": "#0"},
				"east": {"uv": [1, 3.25, 2, 9], "texture": "#0"},
				"south": {"uv": [0, 3.25, 1, 9], "texture": "#0"},
				"west": {"uv": [1, 3.25, 2, 9], "texture": "#0"},
				"up": {"uv": [6.25, 6.75, 5.25, 5.75], "texture": "#0"},
				"down": {"uv": [6.25, 6.75, 5.25, 5.75], "texture": "#0"}
			}
		},
		{
			"from": [-7, 0, 2],
			"to": [-3, 3, 14],
			"rotation": {"angle": 0, "axis": "y", "origin": [24, 0, -2]},
			"faces": {
				"north": {"uv": [7.25, 5.75, 6.25, 6.5], "texture": "#0"},
				"east": {"uv": [6, 4.75, 3, 5.5], "texture": "#0"},
				"south": {"uv": [7.25, 5.75, 6.25, 6.5], "texture": "#0"},
				"west": {"uv": [6, 4.75, 3, 5.5], "texture": "#0"},
				"up": {"uv": [2, 7.25, 3, 4.25], "texture": "#0"},
				"down": {"uv": [2, 7.25, 3, 4.25], "texture": "#0"}
			}
		},
		{
			"from": [-7, 3, 6],
			"to": [-3, 26, 10],
			"rotation": {"angle": 0, "axis": "y", "origin": [24, 0, -2]},
			"faces": {
				"north": {"uv": [1, 3.25, 0, 9], "texture": "#0"},
				"east": {"uv": [2, 3.25, 1, 9], "texture": "#0"},
				"south": {"uv": [1, 3.25, 0, 9], "texture": "#0"},
				"west": {"uv": [2, 3.25, 1, 9], "texture": "#0"},
				"up": {"uv": [5.25, 6.75, 6.25, 5.75], "texture": "#0"},
				"down": {"uv": [5.25, 6.75, 6.25, 5.75], "texture": "#0"}
			}
		},
		{
			"from": [-4, 9, 10],
			"to": [29, 13, 11],
			"rotation": {"angle": 22.5, "axis": "z", "origin": [8, 0, -2]},
			"faces": {
				"north": {"uv": [0, 1.5, 8.25, 2.5], "texture": "#0"},
				"east": {"uv": [6, 6.75, 6.25, 7.75], "texture": "#0"},
				"south": {"uv": [0, 1.5, 8.25, 2.5], "texture": "#0"},
				"west": {"uv": [6, 6.75, 6.25, 7.75], "texture": "#0"},
				"up": {"uv": [12, 5.75, 3.75, 5.5], "texture": "#0"},
				"down": {"uv": [12, 5.75, 3.75, 5.5], "texture": "#0"}
			}
		},
		{
			"from": [-8, 20, 5],
			"to": [24, 23, 11],
			"rotation": {"angle": 0, "axis": "y", "origin": [8, 0, -2]},
			"faces": {
				"north": {"uv": [0, 2.5, 8, 3.25], "texture": "#0"},
				"east": {"uv": [3.75, 5.75, 5.25, 6.5], "texture": "#0"},
				"south": {"uv": [0, 2.5, 8, 3.25], "texture": "#0"},
				"west": {"uv": [3.75, 5.75, 5.25, 6.5], "texture": "#0"},
				"up": {"uv": [8, 1.5, 0, 0], "texture": "#0"},
				"down": {"uv": [8, 1.5, 0, 0], "texture": "#0"}
			}
		},
		{
			"from": [20, 20, 3],
			"to": [22, 23, 5],
			"rotation": {"angle": 0, "axis": "y", "origin": [11, 0, -2]},
			"faces": {
				"north": {"uv": [4, 7, 4.5, 7.75], "texture": "#0"},
				"east": {"uv": [4.5, 7, 5, 7.75], "texture": "#0"},
				"south": {"uv": [4, 7, 4.5, 7.75], "texture": "#0"},
				"west": {"uv": [4.5, 7, 5, 7.75], "texture": "#0"},
				"up": {"uv": [2.5, 7.75, 2, 7.25], "texture": "#0"},
				"down": {"uv": [2.5, 7.75, 2, 7.25], "texture": "#0"}
			}
		},
		{
			"from": [15, 20, 3],
			"to": [17, 23, 5],
			"rotation": {"angle": 0, "axis": "y", "origin": [11, 0, -2]},
			"faces": {
				"north": {"uv": [4, 7, 4.5, 7.75], "texture": "#0"},
				"east": {"uv": [4.5, 7, 5, 7.75], "texture": "#0"},
				"south": {"uv": [4, 7, 4.5, 7.75], "texture": "#0"},
				"west": {"uv": [4.5, 7, 5, 7.75], "texture": "#0"},
				"up": {"uv": [2.5, 7.75, 2, 7.25], "texture": "#0"},
				"down": {"uv": [2.5, 7.75, 2, 7.25], "texture": "#0"}
			}
		},
		{
			"from": [17, 11, 4],
			"to": [20, 23, 5],
			"rotation": {"angle": 0, "axis": "y", "origin": [19, 9, 14]},
			"faces": {
				"north": {"uv": [3, 5.5, 3.75, 8.5], "texture": "#0"},
				"east": {"uv": [3.75, 6.5, 4, 9.5], "texture": "#0"},
				"south": {"uv": [3, 5.5, 3.75, 8.5], "texture": "#0"},
				"west": {"uv": [3.75, 6.5, 4, 9.5], "texture": "#0"},
				"up": {"uv": [8, 5, 7.25, 4.75], "texture": "#0"},
				"down": {"uv": [8, 5, 7.25, 4.75], "texture": "#0"}
			}
		},
		{
			"from": [19.9, 11.9, 4.1],
			"to": [22, 14, 4.9],
			"rotation": {"angle": 45, "axis": "z", "origin": [22, 9, 14]},
			"faces": {
				"north": {"uv": [7, 7, 7.5, 7.5], "texture": "#0"},
				"east": {"uv": [5.25, 7.25, 5.5, 7.75], "texture": "#0"},
				"south": {"uv": [7, 7, 7.5, 7.5], "texture": "#0"},
				"west": {"uv": [5.25, 7.25, 5.5, 7.75], "texture": "#0"},
				"up": {"uv": [7.75, 5.5, 7.25, 5.25], "texture": "#0"},
				"down": {"uv": [7.75, 5.5, 7.25, 5.25], "texture": "#0"}
			}
		},
		{
			"from": [16, 23, 3],
			"to": [21, 25, 6],
			"rotation": {"angle": 0, "axis": "y", "origin": [19, 9, 14]},
			"faces": {
				"north": {"uv": [4, 6.5, 5.25, 7], "texture": "#0"},
				"east": {"uv": [5.25, 6.75, 6, 7.25], "texture": "#0"},
				"south": {"uv": [4, 6.5, 5.25, 7], "texture": "#0"},
				"west": {"uv": [5.25, 6.75, 6, 7.25], "texture": "#0"},
				"up": {"uv": [7.25, 5.5, 6, 4.75], "texture": "#0"},
				"down": {"uv": [7.25, 5.5, 6, 4.75], "texture": "#0"}
			}
		},
		{
			"from": [18, 25, 4],
			"to": [19, 29, 5],
			"rotation": {"angle": 0, "axis": "y", "origin": [19, 9, 14]},
			"faces": {
				"north": {"uv": [5, 7, 5.25, 8], "texture": "#0"},
				"east": {"uv": [6.25, 7, 6.5, 8], "texture": "#0"},
				"south": {"uv": [5, 7, 5.25, 8], "texture": "#0"},
				"west": {"uv": [6.25, 7, 6.5, 8], "texture": "#0"},
				"up": {"uv": [5.75, 7.5, 5.5, 7.25], "texture": "#0"},
				"down": {"uv": [5.75, 7.5, 5.5, 7.25], "texture": "#0"}
			}
		},
		{
			"from": [17.5, 29, 3.5],
			"to": [19.5, 30, 5.5],
			"rotation": {"angle": 0, "axis": "y", "origin": [19, 9, 14]},
			"faces": {
				"north": {"uv": [2.5, 7.25, 3, 7.5], "texture": "#0"},
				"east": {"uv": [7.25, 5, 7.75, 5.25], "texture": "#0"},
				"south": {"uv": [2.5, 7.25, 3, 7.5], "texture": "#0"},
				"west": {"uv": [7.25, 5, 7.75, 5.25], "texture": "#0"},
				"up": {"uv": [7, 7.5, 6.5, 7], "texture": "#0"},
				"down": {"uv": [7, 7.5, 6.5, 7], "texture": "#0"}
			}
		},
		{
			"from": [8.5, 29, 3.5],
			"to": [10.5, 30, 5.5],
			"rotation": {"angle": 0, "axis": "y", "origin": [10, 9, 14]},
			"faces": {
				"north": {"uv": [2.5, 7.25, 3, 7.5], "texture": "#0"},
				"east": {"uv": [7.25, 5, 7.75, 5.25], "texture": "#0"},
				"south": {"uv": [2.5, 7.25, 3, 7.5], "texture": "#0"},
				"west": {"uv": [7.25, 5, 7.75, 5.25], "texture": "#0"},
				"up": {"uv": [7, 7.5, 6.5, 7], "texture": "#0"},
				"down": {"uv": [7, 7.5, 6.5, 7], "texture": "#0"}
			}
		},
		{
			"from": [9, 25, 4],
			"to": [10, 29, 5],
			"rotation": {"angle": 0, "axis": "y", "origin": [10, 9, 14]},
			"faces": {
				"north": {"uv": [5, 7, 5.25, 8], "texture": "#0"},
				"east": {"uv": [6.25, 7, 6.5, 8], "texture": "#0"},
				"south": {"uv": [5, 7, 5.25, 8], "texture": "#0"},
				"west": {"uv": [6.25, 7, 6.5, 8], "texture": "#0"},
				"up": {"uv": [5.75, 7.5, 5.5, 7.25], "texture": "#0"},
				"down": {"uv": [5.75, 7.5, 5.5, 7.25], "texture": "#0"}
			}
		},
		{
			"from": [7, 23, 3],
			"to": [12, 25, 6],
			"rotation": {"angle": 0, "axis": "y", "origin": [10, 9, 14]},
			"faces": {
				"north": {"uv": [4, 6.5, 5.25, 7], "texture": "#0"},
				"east": {"uv": [5.25, 6.75, 6, 7.25], "texture": "#0"},
				"south": {"uv": [4, 6.5, 5.25, 7], "texture": "#0"},
				"west": {"uv": [5.25, 6.75, 6, 7.25], "texture": "#0"},
				"up": {"uv": [7.25, 5.5, 6, 4.75], "texture": "#0"},
				"down": {"uv": [7.25, 5.5, 6, 4.75], "texture": "#0"}
			}
		},
		{
			"from": [6, 20, 3],
			"to": [8, 23, 5],
			"rotation": {"angle": 0, "axis": "y", "origin": [2, 0, -2]},
			"faces": {
				"north": {"uv": [4, 7, 4.5, 7.75], "texture": "#0"},
				"east": {"uv": [4.5, 7, 5, 7.75], "texture": "#0"},
				"south": {"uv": [4, 7, 4.5, 7.75], "texture": "#0"},
				"west": {"uv": [4.5, 7, 5, 7.75], "texture": "#0"},
				"up": {"uv": [2.5, 7.75, 2, 7.25], "texture": "#0"},
				"down": {"uv": [2.5, 7.75, 2, 7.25], "texture": "#0"}
			}
		},
		{
			"from": [8, 11, 4],
			"to": [11, 23, 5],
			"rotation": {"angle": 0, "axis": "y", "origin": [10, 9, 14]},
			"faces": {
				"north": {"uv": [3, 5.5, 3.75, 8.5], "texture": "#0"},
				"east": {"uv": [3.75, 6.5, 4, 9.5], "texture": "#0"},
				"south": {"uv": [3, 5.5, 3.75, 8.5], "texture": "#0"},
				"west": {"uv": [3.75, 6.5, 4, 9.5], "texture": "#0"},
				"up": {"uv": [8, 5, 7.25, 4.75], "texture": "#0"},
				"down": {"uv": [8, 5, 7.25, 4.75], "texture": "#0"}
			}
		},
		{
			"from": [11, 20, 3],
			"to": [13, 23, 5],
			"rotation": {"angle": 0, "axis": "y", "origin": [2, 0, -2]},
			"faces": {
				"north": {"uv": [4, 7, 4.5, 7.75], "texture": "#0"},
				"east": {"uv": [4.5, 7, 5, 7.75], "texture": "#0"},
				"south": {"uv": [4, 7, 4.5, 7.75], "texture": "#0"},
				"west": {"uv": [4.5, 7, 5, 7.75], "texture": "#0"},
				"up": {"uv": [2.5, 7.75, 2, 7.25], "texture": "#0"},
				"down": {"uv": [2.5, 7.75, 2, 7.25], "texture": "#0"}
			}
		},
		{
			"from": [10.9, 11.9, 4.1],
			"to": [13, 14, 4.9],
			"rotation": {"angle": 45, "axis": "z", "origin": [13, 9, 14]},
			"faces": {
				"north": {"uv": [7, 7, 7.5, 7.5], "texture": "#0"},
				"east": {"uv": [5.25, 7.25, 5.5, 7.75], "texture": "#0"},
				"south": {"uv": [7, 7, 7.5, 7.5], "texture": "#0"},
				"west": {"uv": [5.25, 7.25, 5.5, 7.75], "texture": "#0"},
				"up": {"uv": [7.75, 5.5, 7.25, 5.25], "texture": "#0"},
				"down": {"uv": [7.75, 5.5, 7.25, 5.25], "texture": "#0"}
			}
		},
		{
			"from": [-3.5, 29, 3.5],
			"to": [-1.5, 30, 5.5],
			"rotation": {"angle": 0, "axis": "y", "origin": [-2, 9, 14]},
			"faces": {
				"north": {"uv": [2.5, 7.25, 3, 7.5], "texture": "#0"},
				"east": {"uv": [7.25, 5, 7.75, 5.25], "texture": "#0"},
				"south": {"uv": [2.5, 7.25, 3, 7.5], "texture": "#0"},
				"west": {"uv": [7.25, 5, 7.75, 5.25], "texture": "#0"},
				"up": {"uv": [7, 7.5, 6.5, 7], "texture": "#0"},
				"down": {"uv": [7, 7.5, 6.5, 7], "texture": "#0"}
			}
		},
		{
			"from": [-3, 25, 4],
			"to": [-2, 29, 5],
			"rotation": {"angle": 0, "axis": "y", "origin": [-2, 9, 14]},
			"faces": {
				"north": {"uv": [5, 7, 5.25, 8], "texture": "#0"},
				"east": {"uv": [6.25, 7, 6.5, 8], "texture": "#0"},
				"south": {"uv": [5, 7, 5.25, 8], "texture": "#0"},
				"west": {"uv": [6.25, 7, 6.5, 8], "texture": "#0"},
				"up": {"uv": [5.75, 7.5, 5.5, 7.25], "texture": "#0"},
				"down": {"uv": [5.75, 7.5, 5.5, 7.25], "texture": "#0"}
			}
		},
		{
			"from": [-5, 23, 3],
			"to": [0, 25, 6],
			"rotation": {"angle": 0, "axis": "y", "origin": [-2, 9, 14]},
			"faces": {
				"north": {"uv": [4, 6.5, 5.25, 7], "texture": "#0"},
				"east": {"uv": [5.25, 6.75, 6, 7.25], "texture": "#0"},
				"south": {"uv": [4, 6.5, 5.25, 7], "texture": "#0"},
				"west": {"uv": [5.25, 6.75, 6, 7.25], "texture": "#0"},
				"up": {"uv": [7.25, 5.5, 6, 4.75], "texture": "#0"},
				"down": {"uv": [7.25, 5.5, 6, 4.75], "texture": "#0"}
			}
		},
		{
			"from": [-6, 20, 3],
			"to": [-4, 23, 5],
			"rotation": {"angle": 0, "axis": "y", "origin": [-10, 0, -2]},
			"faces": {
				"north": {"uv": [4, 7, 4.5, 7.75], "texture": "#0"},
				"east": {"uv": [4.5, 7, 5, 7.75], "texture": "#0"},
				"south": {"uv": [4, 7, 4.5, 7.75], "texture": "#0"},
				"west": {"uv": [4.5, 7, 5, 7.75], "texture": "#0"},
				"up": {"uv": [2.5, 7.75, 2, 7.25], "texture": "#0"},
				"down": {"uv": [2.5, 7.75, 2, 7.25], "texture": "#0"}
			}
		},
		{
			"from": [-4, 11, 4],
			"to": [-1, 23, 5],
			"rotation": {"angle": 0, "axis": "y", "origin": [-2, 9, 14]},
			"faces": {
				"north": {"uv": [3, 5.5, 3.75, 8.5], "texture": "#0"},
				"east": {"uv": [3.75, 6.5, 4, 9.5], "texture": "#0"},
				"south": {"uv": [3, 5.5, 3.75, 8.5], "texture": "#0"},
				"west": {"uv": [3.75, 6.5, 4, 9.5], "texture": "#0"},
				"up": {"uv": [8, 5, 7.25, 4.75], "texture": "#0"},
				"down": {"uv": [8, 5, 7.25, 4.75], "texture": "#0"}
			}
		},
		{
			"from": [-1, 20, 3],
			"to": [1, 23, 5],
			"rotation": {"angle": 0, "axis": "y", "origin": [-10, 0, -2]},
			"faces": {
				"north": {"uv": [4, 7, 4.5, 7.75], "texture": "#0"},
				"east": {"uv": [4.5, 7, 5, 7.75], "texture": "#0"},
				"south": {"uv": [4, 7, 4.5, 7.75], "texture": "#0"},
				"west": {"uv": [4.5, 7, 5, 7.75], "texture": "#0"},
				"up": {"uv": [2.5, 7.75, 2, 7.25], "texture": "#0"},
				"down": {"uv": [2.5, 7.75, 2, 7.25], "texture": "#0"}
			}
		},
		{
			"from": [-1.1, 11.9, 4.1],
			"to": [1, 14, 4.9],
			"rotation": {"angle": 45, "axis": "z", "origin": [1, 9, 14]},
			"faces": {
				"north": {"uv": [7, 7, 7.5, 7.5], "texture": "#0"},
				"east": {"uv": [5.25, 7.25, 5.5, 7.75], "texture": "#0"},
				"south": {"uv": [7, 7, 7.5, 7.5], "texture": "#0"},
				"west": {"uv": [5.25, 7.25, 5.5, 7.75], "texture": "#0"},
				"up": {"uv": [7.75, 5.5, 7.25, 5.25], "texture": "#0"},
				"down": {"uv": [7.75, 5.5, 7.25, 5.25], "texture": "#0"}
			}
		}
	],
	"gui_light": "front",
	"display": {
		"thirdperson_righthand": {
			"scale": [0.18, 0.18, 0.18]
		},
		"thirdperson_lefthand": {
			"scale": [0.18, 0.18, 0.18]
		},
		"firstperson_righthand": {
			"rotation": [0, 150, 0],
			"translation": [-5.25, 0.25, 0],
			"scale": [0.31, 0.31, 0.31]
		},
		"firstperson_lefthand": {
			"rotation": [0, 150, 0],
			"translation": [2.75, 0.25, 0],
			"scale": [0.31, 0.31, 0.31]
		},
		"ground": {
			"translation": [1.5, 0.75, 0],
			"scale": [0.25, 0.25, 0.25]
		},
		"gui": {
			"rotation": [30, -135, 0],
			"translation": [-1.75, -2.5, 0],
			"scale": [0.35, 0.35, 0.35]
		},
		"head": {
			"translation": [13.75, -30.75, -3.25],
			"scale": [1.6, 1.6, 1.6]
		},
		"fixed": {
			"rotation": [-90, 0, 0],
			"translation": [0.5, 0, -15.75],
			"scale": [2, 2, 2]
		}
	}
}