{
	"format_version": "1.21.6",
	"credit": "Madebykron",
	"textures": {
		"0": "furniture:item/windchest",
		"1": "furniture:item/wind_animation",
		"2": "furniture:item/wind_animation_2",
		"particle": "furniture:item/windchest"
	},
	"elements": [
		{
			"from": [0, 2, 3],
			"to": [16, 6, 14],
			"rotation": {"angle": 0, "axis": "y", "origin": [16, -11, -6]},
			"faces": {
				"north": {"uv": [9, 8.25, 13, 9.25], "texture": "#0"},
				"east": {"uv": [10, 2.25, 12.75, 3.25], "texture": "#0"},
				"south": {"uv": [9, 9.25, 13, 10.25], "texture": "#0"},
				"west": {"uv": [10, 3.25, 12.75, 4.25], "texture": "#0"}
			}
		},
		{
			"from": [-3, 0, 2],
			"to": [19, 2, 15],
			"rotation": {"angle": 0, "axis": "y", "origin": [8, 5, 14]},
			"faces": {
				"north": {"uv": [10, 4.25, 15.5, 4.75], "texture": "#0"},
				"east": {"uv": [3.25, 11.25, 6.5, 11.75], "texture": "#0"},
				"south": {"uv": [10, 4.75, 15.5, 5.25], "texture": "#0"},
				"west": {"uv": [10, 11.25, 13.25, 11.75], "texture": "#0"},
				"up": {"uv": [5.5, 3.25, 0, 0], "texture": "#0"},
				"down": {"uv": [5.5, 3.25, 0, 6.5], "texture": "#0"}
			}
		},
		{
			"from": [-1, 6, 2],
			"to": [17, 8, 15],
			"rotation": {"angle": 0, "axis": "y", "origin": [8, 6, 14]},
			"faces": {
				"north": {"uv": [10, 5.25, 14.5, 5.75], "texture": "#0"},
				"east": {"uv": [10, 10.75, 13.25, 11.25], "texture": "#0"},
				"south": {"uv": [10, 5.75, 14.5, 6.25], "texture": "#0"},
				"west": {"uv": [0, 11.25, 3.25, 11.75], "texture": "#0"},
				"up": {"uv": [10, 3.25, 5.5, 0], "texture": "#0"},
				"down": {"uv": [10, 3.25, 5.5, 6.5], "texture": "#0"}
			}
		},
		{
			"from": [-1, 11, 2],
			"to": [17, 13, 15],
			"rotation": {"angle": 0, "axis": "y", "origin": [8, 6, 14]},
			"faces": {
				"north": {"uv": [8, 10.25, 12.5, 10.75], "texture": "#0"},
				"east": {"uv": [6.5, 11.5, 9.75, 12], "texture": "#0"},
				"south": {"uv": [0, 10.75, 4.5, 11.25], "texture": "#0"},
				"west": {"uv": [0, 11.75, 3.25, 12.25], "texture": "#0"},
				"up": {"uv": [4.5, 9.75, 0, 6.5], "texture": "#0"},
				"down": {"uv": [9, 6.5, 4.5, 9.75], "texture": "#0"}
			}
		},
		{
			"from": [0, 8, 3],
			"to": [16, 11, 14],
			"rotation": {"angle": 0, "axis": "y", "origin": [8, 6, 14]},
			"faces": {
				"north": {"uv": [10, 0.75, 14, 1.5], "texture": "#0"},
				"east": {"uv": [4.5, 10.5, 7.25, 11.25], "texture": "#0"},
				"south": {"uv": [10, 1.5, 14, 2.25], "texture": "#0"},
				"west": {"uv": [7.25, 10.75, 10, 11.5], "texture": "#0"}
			}
		},
		{
			"from": [0, 12, 5],
			"to": [16, 15, 12],
			"rotation": {"angle": 0, "axis": "y", "origin": [8, 6, 14]},
			"faces": {
				"north": {"uv": [4, 9.75, 8, 10.5], "texture": "#0"},
				"east": {"uv": [3.25, 11.75, 5, 12.5], "texture": "#0"},
				"south": {"uv": [10, 0, 14, 0.75], "texture": "#0"},
				"west": {"uv": [3.25, 11.75, 5, 12.5], "texture": "#0"},
				"up": {"uv": [13, 8.25, 9, 6.5], "texture": "#0"}
			}
		},
		{
			"from": [0, 11, 5],
			"to": [16, 15, 8],
			"rotation": {"angle": 45, "axis": "x", "origin": [8, 15, 5]},
			"faces": {
				"north": {"uv": [0, 9.75, 4, 10.75], "texture": "#0"},
				"east": {"uv": [13.75, 8.5, 13, 9.5], "texture": "#0"},
				"west": {"uv": [13, 8.5, 13.75, 9.5], "texture": "#0"}
			}
		},
		{
			"from": [0, 12, 12],
			"to": [16, 15, 16],
			"rotation": {"angle": 45, "axis": "x", "origin": [8, 15, 12]},
			"faces": {
				"east": {"uv": [13, 8.5, 13.75, 9.5], "rotation": 90, "texture": "#0"},
				"west": {"uv": [13.75, 8.5, 13, 9.5], "rotation": 270, "texture": "#0"},
				"up": {"uv": [4, 9.75, 0, 10.75], "texture": "#0"}
			}
		},
		{
			"from": [7, 5, 1],
			"to": [9, 9, 3],
			"faces": {
				"north": {"uv": [12.75, 13.75, 13.25, 14.75], "texture": "#0"},
				"east": {"uv": [13.25, 13.75, 13.75, 14.75], "texture": "#0"},
				"south": {"uv": [13.75, 13.25, 14.25, 14.25], "texture": "#0"},
				"west": {"uv": [14, 0, 14.5, 1], "texture": "#0"},
				"up": {"uv": [3, 14.75, 2.5, 14.25], "texture": "#0"},
				"down": {"uv": [9.25, 14.25, 8.75, 14.75], "texture": "#0"}
			}
		},
		{
			"from": [3, 2, 1],
			"to": [8, 3.5, 3],
			"rotation": {"angle": -22.5, "axis": "z", "origin": [8, 2, 2]},
			"faces": {
				"north": {"uv": [0, 14.25, 1.25, 14.625], "texture": "#0"},
				"east": {"uv": [14.5, 14.25, 15, 14.625], "texture": "#0"},
				"south": {"uv": [1.25, 14.25, 2.5, 14.625], "texture": "#0"},
				"west": {"uv": [0, 14.75, 0.5, 15.125], "texture": "#0"},
				"up": {"uv": [5.75, 14.25, 4.5, 13.75], "texture": "#0"},
				"down": {"uv": [15, 6.25, 13.75, 6.75], "texture": "#0"}
			}
		},
		{
			"from": [2, 2, 1.5],
			"to": [3, 5.5, 2.5],
			"rotation": {"angle": -22.5, "axis": "z", "origin": [8, 2, 2]},
			"faces": {
				"north": {"uv": [14.5, 7.75, 14.75, 8.625], "texture": "#0"},
				"east": {"uv": [9.25, 14.5, 9.5, 15.375], "texture": "#0"},
				"south": {"uv": [9.5, 14.5, 9.75, 15.375], "texture": "#0"},
				"west": {"uv": [9.75, 14.5, 10, 15.375], "texture": "#0"},
				"up": {"uv": [7, 11.5, 6.75, 11.25], "texture": "#0"},
				"down": {"uv": [7.25, 11.25, 7, 11.5], "texture": "#0"}
			}
		},
		{
			"from": [3, 5, 1.5],
			"to": [4, 5.5, 2.5],
			"rotation": {"angle": -22.5, "axis": "z", "origin": [8, 2, 2]},
			"faces": {
				"north": {"uv": [13.25, 10, 13.5, 10.125], "texture": "#0"},
				"east": {"uv": [12.75, 13.25, 13, 13.375], "texture": "#0"},
				"south": {"uv": [13.5, 4, 13.75, 4.125], "texture": "#0"},
				"west": {"uv": [9.25, 13.5, 9.5, 13.625], "texture": "#0"},
				"up": {"uv": [11.75, 6.5, 11.5, 6.25], "texture": "#0"},
				"down": {"uv": [10, 11.5, 9.75, 11.75], "texture": "#0"}
			}
		},
		{
			"from": [8, 2, 1],
			"to": [13, 3.5, 3],
			"rotation": {"angle": 22.5, "axis": "z", "origin": [8, 2, 2]},
			"faces": {
				"north": {"uv": [1.25, 14.25, 0, 14.625], "texture": "#0"},
				"east": {"uv": [0.5, 14.75, 0, 15.125], "texture": "#0"},
				"south": {"uv": [2.5, 14.25, 1.25, 14.625], "texture": "#0"},
				"west": {"uv": [15, 14.25, 14.5, 14.625], "texture": "#0"},
				"up": {"uv": [4.5, 14.25, 5.75, 13.75], "texture": "#0"},
				"down": {"uv": [13.75, 6.25, 15, 6.75], "texture": "#0"}
			}
		},
		{
			"from": [13, 2, 1.5],
			"to": [14, 5.5, 2.5],
			"rotation": {"angle": 22.5, "axis": "z", "origin": [8, 2, 2]},
			"faces": {
				"north": {"uv": [14.75, 7.75, 14.5, 8.625], "texture": "#0"},
				"east": {"uv": [10, 14.5, 9.75, 15.375], "texture": "#0"},
				"south": {"uv": [9.75, 14.5, 9.5, 15.375], "texture": "#0"},
				"west": {"uv": [9.5, 14.5, 9.25, 15.375], "texture": "#0"},
				"up": {"uv": [6.75, 11.5, 7, 11.25], "texture": "#0"},
				"down": {"uv": [7, 11.25, 7.25, 11.5], "texture": "#0"}
			}
		},
		{
			"from": [12, 5, 1.5],
			"to": [13, 5.5, 2.5],
			"rotation": {"angle": 22.5, "axis": "z", "origin": [8, 2, 2]},
			"faces": {
				"north": {"uv": [13.5, 10, 13.25, 10.125], "texture": "#0"},
				"east": {"uv": [9.5, 13.5, 9.25, 13.625], "texture": "#0"},
				"south": {"uv": [13.75, 4, 13.5, 4.125], "texture": "#0"},
				"west": {"uv": [13, 13.25, 12.75, 13.375], "texture": "#0"},
				"up": {"uv": [11.5, 6.5, 11.75, 6.25], "texture": "#0"},
				"down": {"uv": [9.75, 11.5, 10, 11.75], "texture": "#0"}
			}
		},
		{
			"from": [2.1, 16.6, -0.5],
			"to": [4.9, 21.6, 2.5],
			"rotation": {"angle": 22.5, "axis": "x", "origin": [3.5, 16.6, -0.5]},
			"faces": {
				"north": {"uv": [9.5, 12.5, 10.25, 13.75], "texture": "#0"},
				"east": {"uv": [10.25, 12.5, 11, 13.75], "texture": "#0"},
				"south": {"uv": [12.75, 2.25, 13.5, 3.5], "texture": "#0"},
				"west": {"uv": [0, 13, 0.75, 14.25], "texture": "#0"},
				"up": {"uv": [9.25, 14.25, 8.5, 13.5], "texture": "#0"},
				"down": {"uv": [14.5, 6.75, 13.75, 7.5], "texture": "#0"}
			}
		},
		{
			"from": [2, 12, 3],
			"to": [5, 18, 6],
			"rotation": {"angle": -45, "axis": "x", "origin": [3.5, 13, 3]},
			"faces": {
				"north": {"uv": [11.5, 11.75, 12.25, 13.25], "texture": "#0"},
				"east": {"uv": [6.5, 12, 7.25, 13.5], "texture": "#0"},
				"south": {"uv": [7.25, 12, 8, 13.5], "texture": "#0"},
				"west": {"uv": [8, 12, 8.75, 13.5], "texture": "#0"},
				"up": {"uv": [14.5, 8.25, 13.75, 7.5], "texture": "#0"},
				"down": {"uv": [14.5, 8.25, 13.75, 9], "texture": "#0"}
			}
		},
		{
			"from": [2.2, 19.25, 1.4],
			"to": [4.8, 21.25, 7.4],
			"rotation": {"angle": 0, "axis": "y", "origin": [3.5, 16.6, -0.5]},
			"faces": {
				"north": {"uv": [3.5, 14, 4.25, 14.5], "texture": "#0"},
				"east": {"uv": [12.5, 10.25, 14, 10.75], "texture": "#0"},
				"south": {"uv": [14.25, 3.5, 15, 4], "texture": "#0"},
				"west": {"uv": [12.75, 3.5, 14.25, 4], "texture": "#0"},
				"up": {"uv": [5.75, 13.25, 5, 11.75], "texture": "#0"},
				"down": {"uv": [6.5, 11.75, 5.75, 13.25], "texture": "#0"}
			}
		},
		{
			"from": [2.5, 17, 8.85],
			"to": [4.5, 18.5, 13.85],
			"rotation": {"angle": 22.5, "axis": "x", "origin": [3.5, 21.2, 7.32855]},
			"faces": {
				"north": {"uv": [14.5, 9.5, 15, 9.875], "texture": "#0"},
				"east": {"uv": [14, 3, 15.25, 3.375], "texture": "#0"},
				"south": {"uv": [10, 14.5, 10.5, 14.875], "texture": "#0"},
				"west": {"uv": [14, 10, 15.25, 10.375], "texture": "#0"},
				"up": {"uv": [6.5, 14.5, 6, 13.25], "texture": "#0"},
				"down": {"uv": [12.25, 13.25, 11.75, 14.5], "texture": "#0"}
			}
		},
		{
			"from": [3, 17, 13.85],
			"to": [4, 20.5, 14.85],
			"rotation": {"angle": 22.5, "axis": "x", "origin": [3.5, 21.2, 7.32855]},
			"faces": {
				"north": {"uv": [5.75, 13.75, 6, 14.625], "texture": "#0"},
				"east": {"uv": [11.5, 14.25, 11.75, 15.125], "texture": "#0"},
				"south": {"uv": [14.25, 13.75, 14.5, 14.625], "texture": "#0"},
				"west": {"uv": [14.5, 0, 14.75, 0.875], "texture": "#0"},
				"up": {"uv": [10.25, 6.5, 10, 6.25], "texture": "#0"},
				"down": {"uv": [10.5, 6.25, 10.25, 6.5], "texture": "#0"}
			}
		},
		{
			"from": [3, 20, 12.85],
			"to": [4, 20.5, 13.85],
			"rotation": {"angle": 22.5, "axis": "x", "origin": [3.5, 21.2, 7.32855]},
			"faces": {
				"north": {"uv": [11.75, 6.25, 12, 6.375], "texture": "#0"},
				"east": {"uv": [12, 6.25, 12.25, 6.375], "texture": "#0"},
				"south": {"uv": [9.5, 12, 9.75, 12.125], "texture": "#0"},
				"west": {"uv": [3, 12.25, 3.25, 12.375], "texture": "#0"},
				"up": {"uv": [4.25, 10.75, 4, 10.5], "texture": "#0"},
				"down": {"uv": [4.5, 10.5, 4.25, 10.75], "texture": "#0"}
			}
		},
		{
			"from": [2.3, 17.18483, 5.41443],
			"to": [4.7, 21.18483, 7.41443],
			"rotation": {"angle": -22.5, "axis": "x", "origin": [3.5, 21.2, 7.32855]},
			"faces": {
				"north": {"uv": [13.75, 12.75, 13, 13.75], "rotation": 180, "texture": "#0"},
				"east": {"uv": [8, 9.75, 9, 10.25], "rotation": 270, "texture": "#0"},
				"south": {"uv": [13.75, 12.75, 13, 11.75], "texture": "#0"},
				"west": {"uv": [13.75, 9, 14.75, 9.5], "rotation": 90, "texture": "#0"},
				"up": {"uv": [4.25, 14.25, 5, 14.75], "rotation": 180, "texture": "#0"},
				"down": {"uv": [5, 14.25, 5.75, 14.75], "texture": "#0"}
			}
		},
		{
			"from": [-3, 4.55645, 2.63747],
			"to": [0, 9.55645, 5.63747],
			"rotation": {"angle": -22.5, "axis": "x", "origin": [-1.5, 9.01244, 10.09626]},
			"faces": {
				"north": {"uv": [0.75, 13, 1.5, 14.25], "texture": "#0"},
				"east": {"uv": [1.5, 13, 2.25, 14.25], "texture": "#0"},
				"south": {"uv": [2.25, 13, 3, 14.25], "texture": "#0"},
				"west": {"uv": [13, 6.25, 13.75, 7.5], "texture": "#0"},
				"up": {"uv": [10, 14.5, 9.25, 13.75], "texture": "#0"},
				"down": {"uv": [10.75, 13.75, 10, 14.5], "texture": "#0"}
			}
		},
		{
			"from": [-2.9, 1.97057, 4.93092],
			"to": [0, 4.97057, 10.93092],
			"rotation": {"angle": 0, "axis": "y", "origin": [-1.5, 9.01244, 10.09626]},
			"faces": {
				"north": {"uv": [13.75, 11.75, 14.5, 12.5], "texture": "#0"},
				"east": {"uv": [0, 12.25, 1.5, 13], "texture": "#0"},
				"south": {"uv": [13.75, 12.5, 14.5, 13.25], "texture": "#0"},
				"west": {"uv": [1.5, 12.25, 3, 13], "texture": "#0"},
				"up": {"uv": [9.5, 13.5, 8.75, 12], "texture": "#0"},
				"down": {"uv": [13, 11.75, 12.25, 13.25], "texture": "#0"}
			}
		},
		{
			"from": [-2.9, 10.4, 3.4],
			"to": [0, 12.4, 9.4],
			"rotation": {"angle": -45, "axis": "x", "origin": [-1.5, 9.01244, 10.09626]},
			"faces": {
				"north": {"uv": [6.5, 14.25, 7.25, 14.75], "texture": "#0"},
				"east": {"uv": [13, 9.5, 14.5, 10], "texture": "#0"},
				"south": {"uv": [7.25, 14.25, 8, 14.75], "texture": "#0"},
				"west": {"uv": [4.5, 13.25, 6, 13.75], "texture": "#0"},
				"up": {"uv": [3.75, 14, 3, 12.5], "texture": "#0"},
				"down": {"uv": [4.5, 12.5, 3.75, 14], "texture": "#0"}
			}
		},
		{
			"from": [-2.5, 8.15, 10.85],
			"to": [-0.5, 9.65, 15.85],
			"rotation": {"angle": -45, "axis": "x", "origin": [-1.5, 9.01244, 10.09626]},
			"faces": {
				"north": {"uv": [14.5, 11.5, 15, 11.875], "texture": "#0"},
				"east": {"uv": [14, 10.5, 15.25, 10.875], "texture": "#0"},
				"south": {"uv": [11.75, 14.5, 12.25, 14.875], "texture": "#0"},
				"west": {"uv": [14, 11, 15.25, 11.375], "texture": "#0"},
				"up": {"uv": [12.75, 14.5, 12.25, 13.25], "texture": "#0"},
				"down": {"uv": [14, 2.25, 13.5, 3.5], "texture": "#0"}
			}
		},
		{
			"from": [-2, 8.15, 15.85],
			"to": [-1, 11.65, 16.85],
			"rotation": {"angle": -45, "axis": "x", "origin": [-1.5, 9.01244, 10.09626]},
			"faces": {
				"north": {"uv": [14.5, 2, 14.75, 2.875], "texture": "#0"},
				"east": {"uv": [3.5, 14.5, 3.75, 15.375], "texture": "#0"},
				"south": {"uv": [3.75, 14.5, 4, 15.375], "texture": "#0"},
				"west": {"uv": [4, 14.5, 4.25, 15.375], "texture": "#0"},
				"up": {"uv": [10.75, 6.5, 10.5, 6.25], "texture": "#0"},
				"down": {"uv": [7.5, 10.5, 7.25, 10.75], "texture": "#0"}
			}
		},
		{
			"from": [-2, 11.15, 14.85],
			"to": [-1, 11.65, 15.85],
			"rotation": {"angle": -45, "axis": "x", "origin": [-1.5, 9.01244, 10.09626]},
			"faces": {
				"north": {"uv": [12.25, 6.25, 12.5, 6.375], "texture": "#0"},
				"east": {"uv": [9.5, 12.25, 9.75, 12.375], "texture": "#0"},
				"south": {"uv": [12.5, 6.25, 12.75, 6.375], "texture": "#0"},
				"west": {"uv": [12.75, 4, 13, 4.125], "texture": "#0"},
				"up": {"uv": [7.75, 10.75, 7.5, 10.5], "texture": "#0"},
				"down": {"uv": [8, 10.5, 7.75, 10.75], "texture": "#0"}
			}
		},
		{
			"from": [-2.5, 2.5, 5.6],
			"to": [-0.5, 5, 9.6],
			"rotation": {"angle": -45, "axis": "x", "origin": [-1.5, 9.01244, 10.09626]},
			"faces": {
				"north": {"uv": [4.5, 12.5, 5, 13.125], "texture": "#0"},
				"east": {"uv": [6.5, 13.5, 7.5, 14.125], "texture": "#0"},
				"south": {"uv": [11, 12.5, 11.5, 13.125], "texture": "#0"},
				"west": {"uv": [7.5, 13.5, 8.5, 14.125], "texture": "#0"},
				"up": {"uv": [14.5, 3, 14, 2], "texture": "#0"},
				"down": {"uv": [3.5, 14, 3, 15], "texture": "#0"}
			}
		},
		{
			"from": [-2.5, 3, 9.6],
			"to": [-0.5, 4.5, 11.6],
			"rotation": {"angle": -45, "axis": "x", "origin": [-1.5, 9.01244, 10.09626]},
			"faces": {
				"north": {"uv": [14.5, 12, 15, 12.375], "texture": "#0"},
				"east": {"uv": [12.25, 14.5, 12.75, 14.875], "texture": "#0"},
				"south": {"uv": [14.5, 12.5, 15, 12.875], "texture": "#0"},
				"west": {"uv": [14.5, 13.75, 15, 14.125], "texture": "#0"},
				"up": {"uv": [14.75, 13.75, 14.25, 13.25], "texture": "#0"},
				"down": {"uv": [14.25, 14.25, 13.75, 14.75], "texture": "#0"}
			}
		},
		{
			"from": [-2, 3, 11.6],
			"to": [-1, 6.5, 12.6],
			"rotation": {"angle": -45, "axis": "x", "origin": [-1.5, 9.01244, 10.09626]},
			"faces": {
				"north": {"uv": [14.5, 5.25, 14.75, 6.125], "texture": "#0"},
				"east": {"uv": [6, 14.5, 6.25, 15.375], "texture": "#0"},
				"south": {"uv": [6.25, 14.5, 6.5, 15.375], "texture": "#0"},
				"west": {"uv": [14.5, 6.75, 14.75, 7.625], "texture": "#0"},
				"up": {"uv": [11.5, 6.5, 11.25, 6.25], "texture": "#0"},
				"down": {"uv": [6.75, 11.25, 6.5, 11.5], "texture": "#0"}
			}
		},
		{
			"from": [-2, 6, 10.6],
			"to": [-1, 6.5, 11.6],
			"rotation": {"angle": -45, "axis": "x", "origin": [-1.5, 9.01244, 10.09626]},
			"faces": {
				"north": {"uv": [12.75, 6.25, 13, 6.375], "texture": "#0"},
				"east": {"uv": [13, 4, 13.25, 4.125], "texture": "#0"},
				"south": {"uv": [13, 10, 13.25, 10.125], "texture": "#0"},
				"west": {"uv": [13.25, 4, 13.5, 4.125], "texture": "#0"},
				"up": {"uv": [11, 6.5, 10.75, 6.25], "texture": "#0"},
				"down": {"uv": [11.25, 6.25, 11, 6.5], "texture": "#0"}
			}
		},
		{
			"from": [-2.8, 8.91547, 7.20856],
			"to": [0, 10.91547, 11.20856],
			"rotation": {"angle": 0, "axis": "y", "origin": [-1.5, 9.01244, 10.09626]},
			"faces": {
				"north": {"uv": [8, 14.25, 8.75, 14.75], "texture": "#0"},
				"east": {"uv": [14, 1, 15, 1.5], "texture": "#0"},
				"south": {"uv": [10.75, 14.25, 11.5, 14.75], "texture": "#0"},
				"west": {"uv": [14, 1.5, 15, 2], "texture": "#0"},
				"up": {"uv": [14, 11.75, 13.25, 10.75], "texture": "#0"},
				"down": {"uv": [11.75, 13.25, 11, 14.25], "texture": "#0"}
			}
		},
		{
			"from": [11.1, 16.6, -0.5],
			"to": [13.9, 21.6, 2.5],
			"rotation": {"angle": 22.5, "axis": "x", "origin": [12.5, 16.6, -0.5]},
			"faces": {
				"north": {"uv": [10.25, 12.5, 9.5, 13.75], "texture": "#0"},
				"east": {"uv": [0.75, 13, 0, 14.25], "texture": "#0"},
				"south": {"uv": [13.5, 2.25, 12.75, 3.5], "texture": "#0"},
				"west": {"uv": [11, 12.5, 10.25, 13.75], "texture": "#0"},
				"up": {"uv": [8.5, 14.25, 9.25, 13.5], "texture": "#0"},
				"down": {"uv": [13.75, 6.75, 14.5, 7.5], "texture": "#0"}
			}
		},
		{
			"from": [0, 15, 8.5],
			"to": [16, 31, 8.5],
			"rotation": {"angle": -45, "axis": "y", "origin": [8, 23, 8.5]},
			"faces": {
				"north": {"uv": [0, 0, 16, 16], "texture": "#1"},
				"south": {"uv": [16, 0, 0, 16], "texture": "#1"}
			}
		},
		{
			"from": [0, 15, 8.5],
			"to": [16, 31, 8.5],
			"rotation": {"angle": 45, "axis": "y", "origin": [8, 23, 8.5]},
			"faces": {
				"north": {"uv": [16, 0, 0, 16], "texture": "#1"},
				"south": {"uv": [0, 0, 16, 16], "texture": "#1"}
			}
		},
		{
			"from": [12, 13, 9.5],
			"to": [22, 23, 9.5],
			"rotation": {"angle": 0, "axis": "y", "origin": [8, 23, 8.5]},
			"faces": {
				"north": {"uv": [16, 0, 0, 16], "texture": "#2"},
				"south": {"uv": [0, 0, 16, 16], "texture": "#2"}
			}
		},
		{
			"from": [-1, 4, 16.5],
			"to": [9, 14, 16.5],
			"rotation": {"angle": 0, "axis": "y", "origin": [8, 23, 8.5]},
			"faces": {
				"north": {"uv": [16, 0, 0, 16], "texture": "#2"},
				"south": {"uv": [0, 0, 16, 16], "texture": "#2"}
			}
		},
		{
			"from": [-6, 0, 3.5],
			"to": [-6, 10, 13.5],
			"rotation": {"angle": -45, "axis": "y", "origin": [-6, 5, 10.5]},
			"faces": {
				"east": {"uv": [16, 0, 0, 16], "texture": "#2"},
				"west": {"uv": [0, 0, 16, 16], "texture": "#2"}
			}
		},
		{
			"from": [18, 0, 5.5],
			"to": [28, 10, 5.5],
			"rotation": {"angle": -45, "axis": "y", "origin": [23, 5, 3.5]},
			"faces": {
				"north": {"uv": [0, 0, 16, 16], "texture": "#2"},
				"south": {"uv": [16, 0, 0, 16], "texture": "#2"}
			}
		},
		{
			"from": [11, 12, 3],
			"to": [14, 18, 6],
			"rotation": {"angle": -45, "axis": "x", "origin": [12.5, 13, 3]},
			"faces": {
				"north": {"uv": [12.25, 11.75, 11.5, 13.25], "texture": "#0"},
				"east": {"uv": [8.75, 12, 8, 13.5], "texture": "#0"},
				"south": {"uv": [8, 12, 7.25, 13.5], "texture": "#0"},
				"west": {"uv": [7.25, 12, 6.5, 13.5], "texture": "#0"},
				"up": {"uv": [13.75, 8.25, 14.5, 7.5], "texture": "#0"},
				"down": {"uv": [13.75, 8.25, 14.5, 9], "texture": "#0"}
			}
		},
		{
			"from": [11.2, 19.25, 1.4],
			"to": [13.8, 21.25, 7.4],
			"rotation": {"angle": 0, "axis": "y", "origin": [12.5, 16.6, -0.5]},
			"faces": {
				"north": {"uv": [4.25, 14, 3.5, 14.5], "texture": "#0"},
				"east": {"uv": [14.25, 3.5, 12.75, 4], "texture": "#0"},
				"south": {"uv": [15, 3.5, 14.25, 4], "texture": "#0"},
				"west": {"uv": [14, 10.25, 12.5, 10.75], "texture": "#0"},
				"up": {"uv": [5, 13.25, 5.75, 11.75], "texture": "#0"},
				"down": {"uv": [5.75, 11.75, 6.5, 13.25], "texture": "#0"}
			}
		},
		{
			"from": [11.5, 17, 8.85],
			"to": [13.5, 18.5, 13.85],
			"rotation": {"angle": -22.5, "axis": "x", "origin": [12.5, 17, 8.85]},
			"faces": {
				"north": {"uv": [15, 9.5, 14.5, 9.875], "texture": "#0"},
				"east": {"uv": [15.25, 10, 14, 10.375], "texture": "#0"},
				"south": {"uv": [10.5, 14.5, 10, 14.875], "texture": "#0"},
				"west": {"uv": [15.25, 3, 14, 3.375], "texture": "#0"},
				"up": {"uv": [6, 14.5, 6.5, 13.25], "texture": "#0"},
				"down": {"uv": [11.75, 13.25, 12.25, 14.5], "texture": "#0"}
			}
		},
		{
			"from": [12, 17, 13.85],
			"to": [13, 20.5, 14.85],
			"rotation": {"angle": -22.5, "axis": "x", "origin": [12.5, 17, 8.85]},
			"faces": {
				"north": {"uv": [6, 13.75, 5.75, 14.625], "texture": "#0"},
				"east": {"uv": [14.75, 0, 14.5, 0.875], "texture": "#0"},
				"south": {"uv": [14.5, 13.75, 14.25, 14.625], "texture": "#0"},
				"west": {"uv": [11.75, 14.25, 11.5, 15.125], "texture": "#0"},
				"up": {"uv": [10, 6.5, 10.25, 6.25], "texture": "#0"},
				"down": {"uv": [10.25, 6.25, 10.5, 6.5], "texture": "#0"}
			}
		},
		{
			"from": [12, 20, 12.85],
			"to": [13, 20.5, 13.85],
			"rotation": {"angle": -22.5, "axis": "x", "origin": [12.5, 17, 8.85]},
			"faces": {
				"north": {"uv": [12, 6.25, 11.75, 6.375], "texture": "#0"},
				"east": {"uv": [3.25, 12.25, 3, 12.375], "texture": "#0"},
				"south": {"uv": [9.75, 12, 9.5, 12.125], "texture": "#0"},
				"west": {"uv": [12.25, 6.25, 12, 6.375], "texture": "#0"},
				"up": {"uv": [4, 10.75, 4.25, 10.5], "texture": "#0"},
				"down": {"uv": [4.25, 10.5, 4.5, 10.75], "texture": "#0"}
			}
		},
		{
			"from": [11.3, 19.25, 7.4],
			"to": [13.7, 21.25, 11.4],
			"rotation": {"angle": 45, "axis": "x", "origin": [12.5, 21.25, 7.4]},
			"faces": {
				"north": {"uv": [5, 14.25, 4.25, 14.75], "texture": "#0"},
				"east": {"uv": [14.75, 9, 13.75, 9.5], "texture": "#0"},
				"south": {"uv": [5.75, 14.25, 5, 14.75], "texture": "#0"},
				"west": {"uv": [9, 9.75, 8, 10.25], "texture": "#0"},
				"up": {"uv": [13, 12.75, 13.75, 11.75], "texture": "#0"},
				"down": {"uv": [13, 12.75, 13.75, 13.75], "texture": "#0"}
			}
		},
		{
			"from": [16, 4.55645, 2.63747],
			"to": [19, 9.55645, 5.63747],
			"rotation": {"angle": -22.5, "axis": "x", "origin": [17.5, 9.01244, 10.09626]},
			"faces": {
				"north": {"uv": [1.5, 13, 0.75, 14.25], "texture": "#0"},
				"east": {"uv": [13.75, 6.25, 13, 7.5], "texture": "#0"},
				"south": {"uv": [3, 13, 2.25, 14.25], "texture": "#0"},
				"west": {"uv": [2.25, 13, 1.5, 14.25], "texture": "#0"},
				"up": {"uv": [9.25, 14.5, 10, 13.75], "texture": "#0"},
				"down": {"uv": [10, 13.75, 10.75, 14.5], "texture": "#0"}
			}
		},
		{
			"from": [16, 1.97057, 4.93092],
			"to": [18.9, 4.97057, 10.93092],
			"rotation": {"angle": 0, "axis": "y", "origin": [17.5, 9.01244, 10.09626]},
			"faces": {
				"north": {"uv": [14.5, 11.75, 13.75, 12.5], "texture": "#0"},
				"east": {"uv": [3, 12.25, 1.5, 13], "texture": "#0"},
				"south": {"uv": [14.5, 12.5, 13.75, 13.25], "texture": "#0"},
				"west": {"uv": [1.5, 12.25, 0, 13], "texture": "#0"},
				"up": {"uv": [8.75, 13.5, 9.5, 12], "texture": "#0"},
				"down": {"uv": [12.25, 11.75, 13, 13.25], "texture": "#0"}
			}
		},
		{
			"from": [16, 10.4, 3.4],
			"to": [18.9, 12.4, 9.4],
			"rotation": {"angle": -45, "axis": "x", "origin": [17.5, 9.01244, 10.09626]},
			"faces": {
				"north": {"uv": [7.25, 14.25, 6.5, 14.75], "texture": "#0"},
				"east": {"uv": [6, 13.25, 4.5, 13.75], "texture": "#0"},
				"south": {"uv": [8, 14.25, 7.25, 14.75], "texture": "#0"},
				"west": {"uv": [14.5, 9.5, 13, 10], "texture": "#0"},
				"up": {"uv": [3, 14, 3.75, 12.5], "texture": "#0"},
				"down": {"uv": [3.75, 12.5, 4.5, 14], "texture": "#0"}
			}
		},
		{
			"from": [16.5, 8.15, 10.85],
			"to": [18.5, 9.65, 15.85],
			"rotation": {"angle": -45, "axis": "x", "origin": [17.5, 9.01244, 10.09626]},
			"faces": {
				"north": {"uv": [15, 11.5, 14.5, 11.875], "texture": "#0"},
				"east": {"uv": [15.25, 11, 14, 11.375], "texture": "#0"},
				"south": {"uv": [12.25, 14.5, 11.75, 14.875], "texture": "#0"},
				"west": {"uv": [15.25, 10.5, 14, 10.875], "texture": "#0"},
				"up": {"uv": [12.25, 14.5, 12.75, 13.25], "texture": "#0"},
				"down": {"uv": [13.5, 2.25, 14, 3.5], "texture": "#0"}
			}
		},
		{
			"from": [17, 8.15, 15.85],
			"to": [18, 11.65, 16.85],
			"rotation": {"angle": -45, "axis": "x", "origin": [17.5, 9.01244, 10.09626]},
			"faces": {
				"north": {"uv": [14.75, 2, 14.5, 2.875], "texture": "#0"},
				"east": {"uv": [4.25, 14.5, 4, 15.375], "texture": "#0"},
				"south": {"uv": [4, 14.5, 3.75, 15.375], "texture": "#0"},
				"west": {"uv": [3.75, 14.5, 3.5, 15.375], "texture": "#0"},
				"up": {"uv": [10.5, 6.5, 10.75, 6.25], "texture": "#0"},
				"down": {"uv": [7.25, 10.5, 7.5, 10.75], "texture": "#0"}
			}
		},
		{
			"from": [17, 11.15, 14.85],
			"to": [18, 11.65, 15.85],
			"rotation": {"angle": -45, "axis": "x", "origin": [17.5, 9.01244, 10.09626]},
			"faces": {
				"north": {"uv": [12.5, 6.25, 12.25, 6.375], "texture": "#0"},
				"east": {"uv": [13, 4, 12.75, 4.125], "texture": "#0"},
				"south": {"uv": [12.75, 6.25, 12.5, 6.375], "texture": "#0"},
				"west": {"uv": [9.75, 12.25, 9.5, 12.375], "texture": "#0"},
				"up": {"uv": [7.5, 10.75, 7.75, 10.5], "texture": "#0"},
				"down": {"uv": [7.75, 10.5, 8, 10.75], "texture": "#0"}
			}
		},
		{
			"from": [16.5, 2.5, 5.6],
			"to": [18.5, 5, 9.6],
			"rotation": {"angle": -45, "axis": "x", "origin": [17.5, 9.01244, 10.09626]},
			"faces": {
				"north": {"uv": [5, 12.5, 4.5, 13.125], "texture": "#0"},
				"east": {"uv": [8.5, 13.5, 7.5, 14.125], "texture": "#0"},
				"south": {"uv": [11.5, 12.5, 11, 13.125], "texture": "#0"},
				"west": {"uv": [7.5, 13.5, 6.5, 14.125], "texture": "#0"},
				"up": {"uv": [14, 3, 14.5, 2], "texture": "#0"},
				"down": {"uv": [3, 14, 3.5, 15], "texture": "#0"}
			}
		},
		{
			"from": [16.5, 3, 9.6],
			"to": [18.5, 4.5, 11.6],
			"rotation": {"angle": -45, "axis": "x", "origin": [17.5, 9.01244, 10.09626]},
			"faces": {
				"north": {"uv": [15, 12, 14.5, 12.375], "texture": "#0"},
				"east": {"uv": [15, 13.75, 14.5, 14.125], "texture": "#0"},
				"south": {"uv": [15, 12.5, 14.5, 12.875], "texture": "#0"},
				"west": {"uv": [12.75, 14.5, 12.25, 14.875], "texture": "#0"},
				"up": {"uv": [14.25, 13.75, 14.75, 13.25], "texture": "#0"},
				"down": {"uv": [13.75, 14.25, 14.25, 14.75], "texture": "#0"}
			}
		},
		{
			"from": [17, 3, 11.6],
			"to": [18, 6.5, 12.6],
			"rotation": {"angle": -45, "axis": "x", "origin": [17.5, 9.01244, 10.09626]},
			"faces": {
				"north": {"uv": [14.75, 5.25, 14.5, 6.125], "texture": "#0"},
				"east": {"uv": [14.75, 6.75, 14.5, 7.625], "texture": "#0"},
				"south": {"uv": [6.5, 14.5, 6.25, 15.375], "texture": "#0"},
				"west": {"uv": [6.25, 14.5, 6, 15.375], "texture": "#0"},
				"up": {"uv": [11.25, 6.5, 11.5, 6.25], "texture": "#0"},
				"down": {"uv": [6.5, 11.25, 6.75, 11.5], "texture": "#0"}
			}
		},
		{
			"from": [17, 6, 10.6],
			"to": [18, 6.5, 11.6],
			"rotation": {"angle": -45, "axis": "x", "origin": [17.5, 9.01244, 10.09626]},
			"faces": {
				"north": {"uv": [13, 6.25, 12.75, 6.375], "texture": "#0"},
				"east": {"uv": [13.5, 4, 13.25, 4.125], "texture": "#0"},
				"south": {"uv": [13.25, 10, 13, 10.125], "texture": "#0"},
				"west": {"uv": [13.25, 4, 13, 4.125], "texture": "#0"},
				"up": {"uv": [10.75, 6.5, 11, 6.25], "texture": "#0"},
				"down": {"uv": [11, 6.25, 11.25, 6.5], "texture": "#0"}
			}
		},
		{
			"from": [16, 8.91547, 7.20856],
			"to": [18.8, 10.91547, 11.20856],
			"rotation": {"angle": 0, "axis": "y", "origin": [17.5, 9.01244, 10.09626]},
			"faces": {
				"north": {"uv": [8.75, 14.25, 8, 14.75], "texture": "#0"},
				"east": {"uv": [15, 1.5, 14, 2], "texture": "#0"},
				"south": {"uv": [11.5, 14.25, 10.75, 14.75], "texture": "#0"},
				"west": {"uv": [15, 1, 14, 1.5], "texture": "#0"},
				"up": {"uv": [13.25, 11.75, 14, 10.75], "texture": "#0"},
				"down": {"uv": [11, 13.25, 11.75, 14.25], "texture": "#0"}
			}
		},
		{
			"from": [6.6, 12.49304, -2.92721],
			"to": [9.4, 17.49304, 0.07279],
			"rotation": {"angle": -45, "axis": "x", "origin": [8, 18, 4.09626]},
			"faces": {
				"north": {"uv": [9.5, 12.5, 10.25, 13.75], "texture": "#0"},
				"east": {"uv": [10.25, 12.5, 11, 13.75], "texture": "#0"},
				"south": {"uv": [12.75, 2.25, 13.5, 3.5], "texture": "#0"},
				"west": {"uv": [0, 13, 0.75, 14.25], "texture": "#0"},
				"up": {"uv": [9.25, 14.25, 8.5, 13.5], "texture": "#0"},
				"down": {"uv": [14.5, 6.75, 13.75, 7.5], "texture": "#0"}
			}
		},
		{
			"from": [6.7, 11.30374, 1.84626],
			"to": [9.3, 17.30374, 3.84626],
			"rotation": {"angle": 22.5, "axis": "x", "origin": [8, 18, 4.09626]},
			"faces": {
				"north": {"uv": [5.75, 13.25, 5, 11.75], "rotation": 180, "texture": "#0"},
				"east": {"uv": [12.5, 10.25, 14, 10.75], "rotation": 90, "texture": "#0"},
				"south": {"uv": [6.5, 11.75, 5.75, 13.25], "texture": "#0"},
				"west": {"uv": [12.75, 3.5, 14.25, 4], "rotation": 270, "texture": "#0"},
				"up": {"uv": [14.25, 3.5, 15, 4], "texture": "#0"},
				"down": {"uv": [3.5, 14, 4.25, 14.5], "rotation": 180, "texture": "#0"}
			}
		},
		{
			"from": [7, 18.75374, 4.59626],
			"to": [9, 23.75374, 6.09626],
			"rotation": {"angle": 0, "axis": "y", "origin": [8, 18, 4.09626]},
			"faces": {
				"north": {"uv": [6.5, 14.5, 6, 13.25], "rotation": 180, "texture": "#0"},
				"east": {"uv": [14, 3, 15.25, 3.375], "rotation": 90, "texture": "#0"},
				"south": {"uv": [12.25, 13.25, 11.75, 14.5], "texture": "#0"},
				"west": {"uv": [14, 10, 15.25, 10.375], "rotation": 270, "texture": "#0"},
				"up": {"uv": [10, 14.5, 10.5, 14.875], "texture": "#0"},
				"down": {"uv": [14.5, 9.5, 15, 9.875], "rotation": 180, "texture": "#0"}
			}
		},
		{
			"from": [7.5, 23.75374, 2.59626],
			"to": [8.5, 24.75374, 6.09626],
			"rotation": {"angle": 0, "axis": "y", "origin": [8, 18, 4.09626]},
			"faces": {
				"north": {"uv": [10.25, 6.5, 10, 6.25], "rotation": 180, "texture": "#0"},
				"east": {"uv": [11.5, 14.25, 11.75, 15.125], "rotation": 90, "texture": "#0"},
				"south": {"uv": [10.5, 6.25, 10.25, 6.5], "texture": "#0"},
				"west": {"uv": [14.5, 0, 14.75, 0.875], "rotation": 270, "texture": "#0"},
				"up": {"uv": [14.25, 13.75, 14.5, 14.625], "texture": "#0"},
				"down": {"uv": [5.75, 13.75, 6, 14.625], "rotation": 180, "texture": "#0"}
			}
		},
		{
			"from": [7.5, 22.75374, 2.59626],
			"to": [8.5, 23.75374, 3.09626],
			"rotation": {"angle": 0, "axis": "y", "origin": [8, 18, 4.09626]},
			"faces": {
				"north": {"uv": [4.25, 10.75, 4, 10.5], "rotation": 180, "texture": "#0"},
				"east": {"uv": [12, 6.25, 12.25, 6.375], "rotation": 90, "texture": "#0"},
				"south": {"uv": [4.5, 10.5, 4.25, 10.75], "texture": "#0"},
				"west": {"uv": [3, 12.25, 3.25, 12.375], "rotation": 270, "texture": "#0"},
				"up": {"uv": [9.5, 12, 9.75, 12.125], "texture": "#0"},
				"down": {"uv": [11.75, 6.25, 12, 6.375], "rotation": 180, "texture": "#0"}
			}
		},
		{
			"from": [6.8, 17.09866, 2.01294],
			"to": [9.2, 19.09866, 6.01294],
			"rotation": {"angle": -22.5, "axis": "x", "origin": [8, 18, 4.09626]},
			"faces": {
				"north": {"uv": [4.25, 14.25, 5, 14.75], "texture": "#0"},
				"east": {"uv": [8, 9.75, 9, 10.25], "texture": "#0"},
				"south": {"uv": [5, 14.25, 5.75, 14.75], "texture": "#0"},
				"west": {"uv": [13.75, 9, 14.75, 9.5], "texture": "#0"},
				"up": {"uv": [13.75, 12.75, 13, 11.75], "texture": "#0"},
				"down": {"uv": [13.75, 12.75, 13, 13.75], "texture": "#0"}
			}
		}
	],
	"gui_light": "front",
	"display": {
		"thirdperson_righthand": {
			"rotation": [62, 0, 0],
			"translation": [0, 0, 1.75],
			"scale": [0.38, 0.38, 0.38]
		},
		"thirdperson_lefthand": {
			"rotation": [62, 0, 0],
			"translation": [0, 0, 1.75],
			"scale": [0.38, 0.38, 0.38]
		},
		"firstperson_righthand": {
			"rotation": [5, 1, 3],
			"translation": [-1.5, 4, 2.25],
			"scale": [0.34, 0.34, 0.34]
		},
		"firstperson_lefthand": {
			"rotation": [5, 1, 3],
			"translation": [-1.5, 4, 2.25],
			"scale": [0.34, 0.34, 0.34]
		},
		"ground": {
			"scale": [0.5, 0.5, 0.5]
		},
		"gui": {
			"rotation": [30, -135, 0],
			"translation": [0.25, -0.25, 0],
			"scale": [0.55164, 0.55164, 0.55164]
		},
		"head": {
			"translation": [0, -33, -1.5],
			"scale": [1.56, 1.56, 1.56]
		},
		"fixed": {
			"rotation": [-90, 0, 0],
			"translation": [0, -1.25, -19.75],
			"scale": [2.46484, 2.46484, 2.46484]
		}
	},
	"groups": [
		0,
		1,
		{
			"name": "group",
			"origin": [8, 5, 14],
			"color": 0,
			"children": [2, 3, 4, 5, 6, 7, 8]
		},
		{
			"name": "group",
			"origin": [2.5, 16.6, -0.5],
			"color": 0,
			"children": [9, 10, 11]
		},
		{
			"name": "group",
			"origin": [2.5, 16.6, -0.5],
			"color": 0,
			"children": [12, 13, 14]
		},
		{
			"name": "group",
			"origin": [2.5, 21.25, 7.4],
			"color": 0,
			"children": [
				15,
				16,
				17,
				{
					"name": "group",
					"origin": [2.5, 16.6, -0.5],
					"color": 0,
					"children": [18, 19, 20, 21]
				}
			]
		},
		{
			"name": "group",
			"origin": [2.5, 21.25, 7.4],
			"color": 0,
			"children": [
				22,
				23,
				24,
				25,
				26,
				27,
				{
					"name": "group",
					"origin": [-1.5, 9.01244, 10.09626],
					"color": 0,
					"children": [28, 29, 30, 31]
				},
				32
			]
		},
		{
			"name": "group",
			"origin": [2.5, 21.25, 7.4],
			"color": 0,
			"children": [
				33,
				34,
				35,
				36,
				37,
				38,
				39,
				40,
				41,
				{
					"name": "group",
					"origin": [2.5, 16.6, -0.5],
					"color": 0,
					"children": [42, 43, 44]
				},
				45
			]
		},
		{
			"name": "group",
			"origin": [2.5, 21.25, 7.4],
			"color": 0,
			"children": [
				46,
				47,
				48,
				49,
				50,
				51,
				{
					"name": "group",
					"origin": [-1.5, 9.01244, 10.09626],
					"color": 0,
					"children": [52, 53, 54, 55]
				},
				56
			]
		},
		{
			"name": "group",
			"origin": [2.5, 21.25, 7.4],
			"color": 0,
			"children": [
				57,
				58,
				{
					"name": "group",
					"origin": [2.5, 16.6, -0.5],
					"color": 0,
					"children": [59, 60, 61]
				},
				62
			]
		}
	]
}