{
	"format_version": "1.21.6",
	"credit": "Made with Blockbench",
	"texture_size": [128, 128],
	"textures": {
		"0": "skins:item/heavenly/heavenly_emperor_texture",
		"1": "skins:item/heavenly/heavenly_emperor_animation1",
		"particle": "skins:item/heavenly/heavenly_emperor_texture"
	},
	"elements": [
		{
			"from": [7, 4.5, 3],
			"to": [9, 11.5, 5],
			"rotation": {"angle": 45, "axis": "y", "origin": [8, 3.5, 4]},
			"faces": {
				"north": {"uv": [0, 5.9375, 0.25, 6.8125], "texture": "#0"},
				"east": {"uv": [0.25, 5.9375, 0, 6.8125], "texture": "#0"},
				"south": {"uv": [0.5, 5.9375, 0.25, 6.8125], "texture": "#0"},
				"west": {"uv": [0.25, 5.9375, 0.5, 6.8125], "texture": "#0"},
				"up": {"uv": [1.375, 0.875, 1.625, 1.125], "texture": "#0"},
				"down": {"uv": [1.375, 0.875, 1.625, 1.125], "texture": "#0"}
			}
		},
		{
			"from": [6.75, 24.8, 12.6],
			"to": [9.25, 26.3, 17.6],
			"rotation": {"angle": -22.5, "axis": "x", "origin": [-0.3, 17.8, 13.6]},
			"faces": {
				"north": {"uv": [8.8125, 4.625, 9.125, 4.8125], "rotation": 180, "texture": "#0"},
				"east": {"uv": [9.25, 3.8125, 9.4375, 4.4375], "rotation": 90, "texture": "#0"},
				"south": {"uv": [8.8125, 4.625, 9.125, 4.8125], "rotation": 180, "texture": "#0"},
				"west": {"uv": [9.25, 4.4375, 9.4375, 3.8125], "rotation": 90, "texture": "#0"},
				"up": {"uv": [9.4375, 4.4375, 9.75, 3.8125], "rotation": 180, "texture": "#0"},
				"down": {"uv": [9.75, 4.4375, 10.0625, 3.8125], "rotation": 180, "texture": "#0"}
			}
		},
		{
			"from": [6.25, 24.3, 17.6],
			"to": [9.75, 26.8, 19.6],
			"rotation": {"angle": -22.5, "axis": "x", "origin": [-0.3, 17.8, 13.6]},
			"faces": {
				"north": {"uv": [9.1875, 4.6875, 9.625, 5], "rotation": 180, "texture": "#0"},
				"east": {"uv": [9.1875, 4.4375, 9.5, 4.6875], "rotation": 90, "texture": "#0"},
				"south": {"uv": [9.1875, 4.6875, 9.625, 5], "rotation": 180, "texture": "#0"},
				"west": {"uv": [9.1875, 4.6875, 9.5, 4.4375], "rotation": 90, "texture": "#0"},
				"up": {"uv": [9.5, 4.6875, 9.9375, 4.4375], "rotation": 180, "texture": "#0"},
				"down": {"uv": [9.5, 4.4375, 9.9375, 4.6875], "rotation": 180, "texture": "#0"}
			}
		},
		{
			"from": [6.25, -10.8, 17.6],
			"to": [9.75, -8.3, 19.6],
			"rotation": {"angle": 22.5, "axis": "x", "origin": [-0.3, -1.8, 13.6]},
			"faces": {
				"north": {"uv": [9.1875, 5, 9.625, 4.6875], "rotation": 180, "texture": "#0"},
				"east": {"uv": [9.5, 4.6875, 9.1875, 4.4375], "rotation": 90, "texture": "#0"},
				"south": {"uv": [9.1875, 5, 9.625, 4.6875], "rotation": 180, "texture": "#0"},
				"west": {"uv": [9.5, 4.6875, 9.1875, 4.4375], "rotation": 90, "texture": "#0"},
				"up": {"uv": [9.5, 4.4375, 9.9375, 4.6875], "rotation": 180, "texture": "#0"},
				"down": {"uv": [9.5, 4.4375, 9.9375, 4.6875], "rotation": 180, "texture": "#0"}
			}
		},
		{
			"from": [6, 11.03417, 2.76583],
			"to": [10, 21.03417, 6.76583],
			"rotation": {"angle": 22.5, "axis": "x", "origin": [7.7, 20.06168, 6.28682]},
			"faces": {
				"north": {"uv": [9.5, 3.3125, 8.25, 2.8125], "rotation": 90, "texture": "#0"},
				"east": {"uv": [9.5, 2.3125, 8.25, 2.8125], "rotation": 90, "texture": "#0"},
				"south": {"uv": [9.5, 3.8125, 8.25, 3.3125], "rotation": 90, "texture": "#0"},
				"west": {"uv": [9.5, 2.8125, 8.25, 2.3125], "rotation": 90, "texture": "#0"},
				"up": {"uv": [8.25, 3.8125, 8.75, 4.3125], "rotation": 180, "texture": "#0"},
				"down": {"uv": [8.75, 3.8125, 9.25, 4.3125], "rotation": 180, "texture": "#0"}
			}
		},
		{
			"from": [6.5, 15, 2],
			"to": [9.5, 21, 4.5],
			"rotation": {"angle": 45, "axis": "x", "origin": [0.5, 15, 11.5]},
			"faces": {
				"north": {"uv": [9.5, 3.8125, 9.875, 3.0625], "texture": "#0"},
				"east": {"uv": [9.8125, 3.0625, 9.5, 2.3125], "texture": "#0"},
				"south": {"uv": [8.4375, 5.0625, 8.8125, 4.3125], "texture": "#0"},
				"west": {"uv": [9.5, 3.0625, 9.8125, 2.3125], "texture": "#0"},
				"up": {"uv": [8.8125, 4.625, 9.1875, 4.3125], "texture": "#0"},
				"down": {"uv": [8.8125, 4.625, 9.1875, 4.3125], "texture": "#0"}
			}
		},
		{
			"from": [2, 10, 2],
			"to": [2, 32, 18],
			"rotation": {"angle": -22.5, "axis": "y", "origin": [2, 21, 10]},
			"faces": {
				"north": {"uv": [0, 0, 0, 11], "texture": "#1"},
				"east": {"uv": [0, 0, 8, 11], "texture": "#1"},
				"south": {"uv": [0, 0, 0, 11], "texture": "#1"},
				"west": {"uv": [8, 0, 0, 11], "texture": "#1"},
				"up": {"uv": [0, 0, 0, 7], "texture": "#1"},
				"down": {"uv": [0, 7, 0, 0], "texture": "#1"}
			}
		},
		{
			"from": [14, 10, 2],
			"to": [14, 32, 18],
			"rotation": {"angle": 22.5, "axis": "y", "origin": [14, 21, 10]},
			"faces": {
				"north": {"uv": [0, 0, 0, 11], "texture": "#1"},
				"east": {"uv": [0, 0, 8, 11], "texture": "#1"},
				"south": {"uv": [0, 0, 0, 11], "texture": "#1"},
				"west": {"uv": [8, 0, 0, 11], "texture": "#1"},
				"up": {"uv": [0, 0, 0, 7], "texture": "#1"},
				"down": {"uv": [0, 7, 0, 0], "texture": "#1"}
			}
		},
		{
			"from": [6, -5.03417, 2.76583],
			"to": [10, 4.96583, 6.76583],
			"rotation": {"angle": -22.5, "axis": "x", "origin": [7.7, -4.06168, 6.28682]},
			"faces": {
				"north": {"uv": [8.25, 3.3125, 9.5, 2.8125], "rotation": 90, "texture": "#0"},
				"east": {"uv": [8.25, 2.3125, 9.5, 2.8125], "rotation": 90, "texture": "#0"},
				"south": {"uv": [8.25, 3.8125, 9.5, 3.3125], "rotation": 90, "texture": "#0"},
				"west": {"uv": [8.25, 2.8125, 9.5, 2.3125], "rotation": 90, "texture": "#0"},
				"up": {"uv": [8.75, 4.3125, 9.25, 3.8125], "rotation": 180, "texture": "#0"},
				"down": {"uv": [8.25, 4.3125, 8.75, 3.8125], "rotation": 180, "texture": "#0"}
			}
		},
		{
			"from": [6.5, -5, 2],
			"to": [9.5, 1, 4.5],
			"rotation": {"angle": -45, "axis": "x", "origin": [0.5, 1, 11.5]},
			"faces": {
				"north": {"uv": [9.5, 3.0625, 9.875, 3.8125], "texture": "#0"},
				"east": {"uv": [9.8125, 2.3125, 9.5, 3.0625], "texture": "#0"},
				"south": {"uv": [8.4375, 4.3125, 8.8125, 5.0625], "texture": "#0"},
				"west": {"uv": [9.5, 2.3125, 9.8125, 3.0625], "texture": "#0"},
				"up": {"uv": [8.8125, 4.3125, 9.1875, 4.625], "texture": "#0"},
				"down": {"uv": [8.8125, 4.3125, 9.1875, 4.625], "texture": "#0"}
			}
		},
		{
			"from": [6.75, -10.3, 12.6],
			"to": [9.25, -8.8, 17.6],
			"rotation": {"angle": 22.5, "axis": "x", "origin": [-0.3, -1.8, 13.6]},
			"faces": {
				"north": {"uv": [8.8125, 4.8125, 9.125, 4.625], "rotation": 180, "texture": "#0"},
				"east": {"uv": [9.4375, 3.8125, 9.25, 4.4375], "rotation": 90, "texture": "#0"},
				"south": {"uv": [8.8125, 4.8125, 9.125, 4.625], "rotation": 180, "texture": "#0"},
				"west": {"uv": [9.4375, 4.4375, 9.25, 3.8125], "rotation": 90, "texture": "#0"},
				"up": {"uv": [9.75, 3.8125, 10.0625, 4.4375], "rotation": 180, "texture": "#0"},
				"down": {"uv": [9.4375, 3.8125, 9.75, 4.4375], "rotation": 180, "texture": "#0"}
			}
		},
		{
			"from": [8.02498, 9.09938, -0.15],
			"to": [10.52498, 12.59938, 1.35],
			"rotation": {"angle": 22.5, "axis": "z", "origin": [8, 10.42322, 0.6]},
			"faces": {
				"north": {"uv": [1.9375, 2.6875, 1.625, 2.25], "texture": "#0"},
				"east": {"uv": [2.125, 2.6875, 1.9375, 2.25], "texture": "#0"},
				"south": {"uv": [1.625, 2.6875, 1.9375, 2.25], "texture": "#0"},
				"west": {"uv": [2.125, 2.6875, 1.9375, 2.25], "texture": "#0"},
				"up": {"uv": [2.125, 1.5625, 1.9375, 1.25], "rotation": 270, "texture": "#0"},
				"down": {"uv": [2.125, 1.5625, 1.9375, 1.25], "rotation": 90, "texture": "#0"}
			}
		},
		{
			"from": [5.47502, 9.09938, -0.15],
			"to": [7.97502, 12.59938, 1.35],
			"rotation": {"angle": -22.5, "axis": "z", "origin": [8, 10.42322, 0.6]},
			"faces": {
				"north": {"uv": [1.625, 2.6875, 1.9375, 2.25], "texture": "#0"},
				"east": {"uv": [1.9375, 2.6875, 2.125, 2.25], "texture": "#0"},
				"south": {"uv": [1.9375, 2.6875, 1.625, 2.25], "texture": "#0"},
				"west": {"uv": [1.9375, 2.6875, 2.125, 2.25], "texture": "#0"},
				"up": {"uv": [2.125, 1.25, 1.9375, 1.5625], "rotation": 270, "texture": "#0"},
				"down": {"uv": [2.125, 1.25, 1.9375, 1.5625], "rotation": 90, "texture": "#0"}
			}
		},
		{
			"from": [7, 9.4, -0.25],
			"to": [9, 13.4, 1.45],
			"rotation": {"angle": 0, "axis": "y", "origin": [8, 10.42322, 0.6]},
			"faces": {
				"north": {"uv": [2.125, 1.25, 2.375, 1.75], "texture": "#0"},
				"east": {"uv": [2.125, 1.6875, 2.3125, 2.1875], "texture": "#0"},
				"south": {"uv": [2.125, 1.25, 2.375, 1.75], "texture": "#0"},
				"west": {"uv": [2.125, 1.6875, 2.3125, 2.1875], "texture": "#0"},
				"up": {"uv": [8.375, 0.25, 8.1875, 0], "rotation": 270, "texture": "#0"},
				"down": {"uv": [8.375, 0.25, 8.1875, 0], "rotation": 90, "texture": "#0"}
			}
		},
		{
			"from": [7.94069, 8.98254, -0.4],
			"to": [9.44069, 10.48254, 1.6],
			"rotation": {"angle": -45, "axis": "z", "origin": [8, 10.42322, 0.6]},
			"faces": {
				"north": {"uv": [1.5625, 3, 1.375, 3.1875], "texture": "#0"},
				"east": {"uv": [1.625, 3.1875, 1.375, 3.375], "texture": "#0"},
				"south": {"uv": [1.375, 3, 1.5625, 3.1875], "texture": "#0"},
				"west": {"uv": [2.9375, 3.75, 2.6875, 3.5625], "texture": "#0"},
				"up": {"uv": [2.6875, 3.75, 2.9375, 3.5625], "rotation": 270, "texture": "#0"},
				"down": {"uv": [1.375, 3.375, 1.625, 3.1875], "rotation": 90, "texture": "#0"}
			}
		},
		{
			"from": [8, 12.5, 3.9],
			"to": [8, 20.5, 9.9],
			"rotation": {"angle": 22.5, "axis": "x", "origin": [8, 16.5, 6.9]},
			"faces": {
				"north": {"uv": [0, 0, 0, 1], "texture": "#missing"},
				"east": {"uv": [6.5625, 0.75, 5.5625, 0], "rotation": 270, "texture": "#0"},
				"south": {"uv": [0, 0, 0, 1], "rotation": 180, "texture": "#missing"},
				"west": {"uv": [5.5625, 0.75, 6.5625, 0], "rotation": 90, "texture": "#0"},
				"up": {"uv": [0, 0.75, 0, 0], "rotation": 180, "texture": "#missing"},
				"down": {"uv": [0, 0.75, 0, 0], "texture": "#missing"}
			}
		},
		{
			"from": [8, 20, 7.5],
			"to": [8, 26, 15.5],
			"rotation": {"angle": -22.5, "axis": "x", "origin": [8, 23, 11.5]},
			"faces": {
				"north": {"uv": [0, 0.75, 0, 0], "rotation": 180, "texture": "#missing"},
				"east": {"uv": [6.5625, 0.75, 5.5625, 0], "rotation": 180, "texture": "#0"},
				"south": {"uv": [0, 0.75, 0, 0], "rotation": 180, "texture": "#missing"},
				"west": {"uv": [5.5625, 0.75, 6.5625, 0], "rotation": 180, "texture": "#0"},
				"up": {"uv": [0, 0, 0, 1], "rotation": 180, "texture": "#missing"},
				"down": {"uv": [0, 0, 0, 1], "rotation": 180, "texture": "#missing"}
			}
		},
		{
			"from": [8, -10, 7.5],
			"to": [8, -4, 15.5],
			"rotation": {"angle": 22.5, "axis": "x", "origin": [8, -7, 11.5]},
			"faces": {
				"north": {"uv": [0, 0, 0, 0.75], "rotation": 180, "texture": "#missing"},
				"east": {"uv": [6.5625, 0, 5.5625, 0.75], "rotation": 180, "texture": "#0"},
				"south": {"uv": [0, 0, 0, 0.75], "rotation": 180, "texture": "#missing"},
				"west": {"uv": [5.5625, 0, 6.5625, 0.75], "rotation": 180, "texture": "#0"},
				"up": {"uv": [0, 1, 0, 0], "rotation": 180, "texture": "#missing"},
				"down": {"uv": [0, 1, 0, 0], "rotation": 180, "texture": "#missing"}
			}
		},
		{
			"from": [8, -4.5, 3.9],
			"to": [8, 3.5, 9.9],
			"rotation": {"angle": -22.5, "axis": "x", "origin": [8, -0.5, 6.9]},
			"faces": {
				"north": {"uv": [0, 1, 0, 0], "texture": "#missing"},
				"east": {"uv": [5.5625, 0.75, 6.5625, 0], "rotation": 270, "texture": "#0"},
				"south": {"uv": [0, 1, 0, 0], "rotation": 180, "texture": "#missing"},
				"west": {"uv": [6.5625, 0.75, 5.5625, 0], "rotation": 90, "texture": "#0"},
				"up": {"uv": [0, 0, 0, 0.75], "texture": "#missing"},
				"down": {"uv": [0, 0, 0, 0.75], "rotation": 180, "texture": "#missing"}
			}
		},
		{
			"from": [6.75, 11, 2.75],
			"to": [9.25, 14, 5.25],
			"rotation": {"angle": 45, "axis": "y", "origin": [8, 9, 4]},
			"faces": {
				"north": {"uv": [2.75, 4.625, 2.4375, 4.25], "texture": "#0"},
				"east": {"uv": [2.4375, 4.625, 2.75, 4.25], "texture": "#0"},
				"south": {"uv": [2.75, 4.625, 2.4375, 4.25], "texture": "#0"},
				"west": {"uv": [2.4375, 4.625, 2.75, 4.25], "texture": "#0"},
				"up": {"uv": [2.75, 4.25, 3.0625, 4.5625], "rotation": 270, "texture": "#0"},
				"down": {"uv": [2.75, 4.25, 3.0625, 4.5625], "rotation": 270, "texture": "#0"}
			}
		},
		{
			"from": [7.5, 11.5, 1.5],
			"to": [8.5, 13.5, 6.5],
			"rotation": {"angle": 0, "axis": "y", "origin": [7.5, 11.5, -0.5]},
			"faces": {
				"north": {"uv": [1.125, 4.5, 1.25, 4.75], "texture": "#0"},
				"east": {"uv": [0.5, 4.5, 1.125, 4.75], "texture": "#0"},
				"south": {"uv": [1.125, 4.5, 1.25, 4.75], "texture": "#0"},
				"west": {"uv": [0.5, 4.5, 1.125, 4.75], "texture": "#0"},
				"up": {"uv": [4.3125, 2.375, 4.4375, 3], "texture": "#0"},
				"down": {"uv": [4.3125, 2.375, 4.4375, 3], "texture": "#0"}
			}
		},
		{
			"from": [6.75, 2, 2.75],
			"to": [9.25, 5, 5.25],
			"rotation": {"angle": 45, "axis": "y", "origin": [8, 0, 4]},
			"faces": {
				"north": {"uv": [2.75, 4.625, 2.4375, 4.25], "texture": "#0"},
				"east": {"uv": [2.4375, 4.625, 2.75, 4.25], "texture": "#0"},
				"south": {"uv": [2.75, 4.625, 2.4375, 4.25], "texture": "#0"},
				"west": {"uv": [2.4375, 4.625, 2.75, 4.25], "texture": "#0"},
				"up": {"uv": [2.75, 4.25, 3.0625, 4.5625], "rotation": 270, "texture": "#0"},
				"down": {"uv": [2.75, 4.25, 3.0625, 4.5625], "rotation": 270, "texture": "#0"}
			}
		},
		{
			"from": [7.75, 8, 13.7],
			"to": [8.25, 26, 14.2],
			"rotation": {"angle": 0, "axis": "y", "origin": [8, 24.5, 13.95]},
			"faces": {
				"north": {"uv": [10.0625, 2.3125, 10.125, 4.5625], "texture": "#0"},
				"east": {"uv": [10.0625, 2.3125, 10.125, 4.5625], "texture": "#0"},
				"south": {"uv": [10.0625, 2.3125, 10.125, 4.5625], "texture": "#0"},
				"west": {"uv": [10.0625, 2.3125, 10.125, 4.5625], "texture": "#0"},
				"up": {"uv": [9.75, 0.1875, 9.8125, 0.25], "texture": "#0"},
				"down": {"uv": [9.75, 0.1875, 9.8125, 0.25], "texture": "#0"}
			}
		},
		{
			"from": [7.75, -10, 13.7],
			"to": [8.25, 8, 14.2],
			"rotation": {"angle": 0, "axis": "y", "origin": [8, -8.5, 13.95]},
			"faces": {
				"north": {"uv": [10.0625, 4.5625, 10.125, 2.3125], "texture": "#0"},
				"east": {"uv": [10.0625, 4.5625, 10.125, 2.3125], "texture": "#0"},
				"south": {"uv": [10.0625, 4.5625, 10.125, 2.3125], "texture": "#0"},
				"west": {"uv": [10.0625, 4.5625, 10.125, 2.3125], "texture": "#0"},
				"up": {"uv": [9.75, 0.25, 9.8125, 0.1875], "texture": "#0"},
				"down": {"uv": [9.75, 0.25, 9.8125, 0.1875], "texture": "#0"}
			}
		},
		{
			"from": [7.5, 2.5, 1.5],
			"to": [8.5, 4.5, 6.5],
			"rotation": {"angle": 0, "axis": "y", "origin": [7.5, 2.5, -0.5]},
			"faces": {
				"north": {"uv": [1.125, 4.5, 1.25, 4.75], "texture": "#0"},
				"east": {"uv": [0.5, 4.5, 1.125, 4.75], "texture": "#0"},
				"south": {"uv": [1.125, 4.5, 1.25, 4.75], "texture": "#0"},
				"west": {"uv": [0.5, 4.5, 1.125, 4.75], "texture": "#0"},
				"up": {"uv": [4.3125, 2.375, 4.4375, 3], "texture": "#0"},
				"down": {"uv": [4.3125, 2.375, 4.4375, 3], "texture": "#0"}
			}
		},
		{
			"from": [-1, -1, -2.5],
			"to": [17, 17, -2.5],
			"rotation": {"angle": 0, "axis": "y", "origin": [8, 8, -2.5]},
			"faces": {
				"north": {"uv": [8.125, 0, 10.375, 2.25], "texture": "#0"},
				"east": {"uv": [0, 0, 0, 2.25], "texture": "#missing"},
				"south": {"uv": [8.125, 0, 10.375, 2.25], "texture": "#0"},
				"west": {"uv": [0, 0, 0, 2.25], "texture": "#missing"},
				"up": {"uv": [0, 0, 2.25, 0], "texture": "#missing"},
				"down": {"uv": [0, 0, 2.25, 0], "texture": "#missing"}
			}
		},
		{
			"from": [-2, -2, -5],
			"to": [18, 18, -5],
			"rotation": {"angle": -45, "axis": "z", "origin": [8, 8, -5]},
			"faces": {
				"north": {"uv": [8.125, 0, 10.375, 2.25], "texture": "#0"},
				"east": {"uv": [0, 0, 0, 2.25], "texture": "#missing"},
				"south": {"uv": [8.125, 0, 10.375, 2.25], "texture": "#0"},
				"west": {"uv": [0, 0, 0, 2.25], "texture": "#missing"},
				"up": {"uv": [0, 0, 2.25, 0], "texture": "#missing"},
				"down": {"uv": [0, 0, 2.25, 0], "texture": "#missing"}
			}
		}
	],
	"gui_light": "front",
	"display": {
		"thirdperson_righthand": {
			"rotation": [0, -3, 0],
			"translation": [-0.75, -1.75, 2],
			"scale": [0.5, 0.5, 0.5]
		},
		"thirdperson_lefthand": {
			"rotation": [0, -3, 0],
			"translation": [-0.75, -1.75, 2],
			"scale": [0.5, 0.5, 0.5]
		},
		"firstperson_righthand": {
			"rotation": [-34.69, -9.23, -9],
			"translation": [6.5, -2, -2.5],
			"scale": [0.54883, 0.54883, 0.54883]
		},
		"firstperson_lefthand": {
			"rotation": [-34.69, -9.23, -9],
			"translation": [6.5, -2, -2.5],
			"scale": [0.54883, 0.54883, 0.54883]
		},
		"ground": {
			"rotation": [94, 85, 0],
			"translation": [0, 3.75, 0.25],
			"scale": [0.5, 0.5, 0.5]
		},
		"gui": {
			"rotation": [-57, 135, 71],
			"translation": [-1.5, 1.25, 0],
			"scale": [0.5, 0.5, 0.5]
		},
		"head": {
			"rotation": [91, -1, 90],
			"translation": [0, 10.5, 0.25],
			"scale": [0.7, 0.7, 0.7]
		},
		"fixed": {
			"rotation": [0, 90, 0],
			"translation": [0, 1.25, -2.25],
			"scale": [1.2, 1.2, 1.2]
		}
	}
}