{
	"format_version": "1.21.6",
	"credit": "Made with Blockbench",
	"texture_size": [128, 128],
	"textures": {
		"0": "skins:item/heavenly/heavenly_emperor_texture",
		"1": "skins:item/heavenly/heavenly_emperor_animation1",
		"2": "skins:item/heavenly/heavenly_emperor_animation2",
		"particle": "skins:item/heavenly/heavenly_emperor_texture"
	},
	"elements": [
		{
			"from": [7, -12, 7],
			"to": [9, -2, 9],
			"rotation": {"angle": 45, "axis": "y", "origin": [8, -8, 8]},
			"faces": {
				"north": {"uv": [1.375, 0.875, 1.625, 2.125], "texture": "#0"},
				"east": {"uv": [1.625, 0.875, 1.375, 2.125], "texture": "#0"},
				"south": {"uv": [3.25, 1.5, 3, 2.75], "texture": "#0"},
				"west": {"uv": [3, 1.5, 3.25, 2.75], "texture": "#0"},
				"up": {"uv": [1.375, 0.875, 1.625, 1.125], "texture": "#0"},
				"down": {"uv": [1.375, 0.875, 1.625, 1.125], "texture": "#0"}
			}
		},
		{
			"from": [6.75, -12.5, 6.75],
			"to": [9.25, -9.5, 9.25],
			"rotation": {"angle": 45, "axis": "y", "origin": [8, -7.5, 8]},
			"faces": {
				"north": {"uv": [1.9375, 0.875, 1.625, 1.25], "texture": "#0"},
				"east": {"uv": [1.625, 0.875, 1.9375, 1.25], "texture": "#0"},
				"south": {"uv": [1.9375, 0.875, 1.625, 1.25], "texture": "#0"},
				"west": {"uv": [1.625, 0.875, 1.9375, 1.25], "texture": "#0"},
				"up": {"uv": [1.9375, 1.25, 1.625, 1.5625], "rotation": 270, "texture": "#0"},
				"down": {"uv": [1.9375, 1.25, 1.625, 1.5625], "rotation": 270, "texture": "#0"}
			}
		},
		{
			"from": [6.75, -3.5, 6.75],
			"to": [9.25, -0.5, 9.25],
			"rotation": {"angle": 45, "axis": "y", "origin": [8, -5.5, 8]},
			"faces": {
				"north": {"uv": [1.9375, 1.25, 1.625, 0.875], "texture": "#0"},
				"east": {"uv": [1.625, 1.25, 1.9375, 0.875], "texture": "#0"},
				"south": {"uv": [1.9375, 1.25, 1.625, 0.875], "texture": "#0"},
				"west": {"uv": [1.625, 1.25, 1.9375, 0.875], "texture": "#0"},
				"up": {"uv": [1.625, 1.25, 1.9375, 1.5625], "rotation": 270, "texture": "#0"},
				"down": {"uv": [1.625, 1.25, 1.9375, 1.5625], "rotation": 270, "texture": "#0"}
			}
		},
		{
			"from": [6.5, -1.5, 5],
			"to": [9.5, 1.5, 11],
			"rotation": {"angle": 0, "axis": "y", "origin": [8, -8.11142, 7.5625]},
			"faces": {
				"north": {"uv": [1.9375, 1.25, 2.3125, 0.875], "texture": "#0"},
				"east": {"uv": [0.25, 3.75, 1, 3.375], "texture": "#0"},
				"south": {"uv": [1.9375, 1.25, 2.3125, 0.875], "texture": "#0"},
				"west": {"uv": [0.25, 3.75, 1, 3.375], "texture": "#0"},
				"up": {"uv": [0.25, 3.75, 1, 4.125], "rotation": 270, "texture": "#0"},
				"down": {"uv": [0.25, 4.125, 1, 4.5], "rotation": 270, "texture": "#0"}
			}
		},
		{
			"from": [5.75, -3, 8],
			"to": [10.25, 1, 12],
			"rotation": {"angle": -45, "axis": "x", "origin": [8.7, -3, 8]},
			"faces": {
				"north": {"uv": [2.875, 0, 2.375, 0.5625], "rotation": 90, "texture": "#0"},
				"east": {"uv": [1.375, 3.4375, 1.875, 3.9375], "rotation": 90, "texture": "#0"},
				"south": {"uv": [1.875, 4.5, 1.375, 3.9375], "rotation": 90, "texture": "#0"},
				"west": {"uv": [1.375, 3.9375, 1.875, 3.4375], "rotation": 90, "texture": "#0"},
				"up": {"uv": [1.375, 3.9375, 1.875, 4.5], "rotation": 90, "texture": "#0"},
				"down": {"uv": [2.875, 0, 2.375, 0.5625], "rotation": 90, "texture": "#0"}
			}
		},
		{
			"from": [7, -3.1, 4.6],
			"to": [9, -0.6, 8.5],
			"rotation": {"angle": 22.5, "axis": "x", "origin": [7, -2.1, 8.5]},
			"faces": {
				"north": {"uv": [2.75, 3.1875, 2.5, 3.5], "texture": "#0"},
				"east": {"uv": [1.875, 3.4375, 2.375, 3.75], "texture": "#0"},
				"south": {"uv": [2.75, 3.1875, 2.5, 3.5], "texture": "#0"},
				"west": {"uv": [2.375, 3.4375, 1.875, 3.75], "texture": "#0"},
				"up": {"uv": [2.125, 2.6875, 2.375, 2.1875], "texture": "#0"},
				"down": {"uv": [2.125, 2.6875, 2.375, 2.1875], "texture": "#0"}
			}
		},
		{
			"from": [7, -3.1, 7.5],
			"to": [9, -0.6, 11.4],
			"rotation": {"angle": -22.5, "axis": "x", "origin": [7, -2.1, 7.5]},
			"faces": {
				"north": {"uv": [2.5, 3.1875, 2.75, 3.5], "texture": "#0"},
				"east": {"uv": [2.375, 3.4375, 1.875, 3.75], "texture": "#0"},
				"south": {"uv": [2.5, 3.1875, 2.75, 3.5], "texture": "#0"},
				"west": {"uv": [1.875, 3.4375, 2.375, 3.75], "texture": "#0"},
				"up": {"uv": [2.125, 2.1875, 2.375, 2.6875], "texture": "#0"},
				"down": {"uv": [2.125, 2.1875, 2.375, 2.6875], "texture": "#0"}
			}
		},
		{
			"from": [5.25, -1.79289, 8.5],
			"to": [10.75, 0.20711, 10.5],
			"rotation": {"angle": -45, "axis": "x", "origin": [8.7, -2.29289, 8]},
			"faces": {
				"north": {"uv": [2.3125, 3.1875, 1.625, 3.4375], "texture": "#0"},
				"east": {"uv": [1.625, 2.6875, 1.875, 2.9375], "texture": "#0"},
				"south": {"uv": [2.3125, 2.9375, 1.625, 3.1875], "texture": "#0"},
				"west": {"uv": [1.875, 2.6875, 1.625, 2.9375], "texture": "#0"},
				"up": {"uv": [2.3125, 3.1875, 1.625, 2.9375], "texture": "#0"},
				"down": {"uv": [2.3125, 3.1875, 1.625, 3.4375], "texture": "#0"}
			}
		},
		{
			"from": [5.2, -1.79289, 8.5],
			"to": [5.2, 0.20711, 10.5],
			"rotation": {"angle": -45, "axis": "x", "origin": [8.6, -2.29289, 8]},
			"faces": {
				"north": {"uv": [0, 0, 0, 4], "texture": "#2"},
				"east": {"uv": [4, 0, 0, 4], "texture": "#2"},
				"south": {"uv": [0, 0, 0, 4], "texture": "#2"},
				"west": {"uv": [0, 0, 4, 4], "texture": "#2"},
				"up": {"uv": [0, 4, 0, 0], "texture": "#2"},
				"down": {"uv": [0, 0, 0, 4], "texture": "#2"}
			}
		},
		{
			"from": [10.8, -1.79289, 8.5],
			"to": [10.8, 0.20711, 10.5],
			"rotation": {"angle": -45, "axis": "x", "origin": [7.4, -2.29289, 8]},
			"faces": {
				"north": {"uv": [0, 0, 0, 4], "texture": "#2"},
				"east": {"uv": [4, 0, 0, 4], "texture": "#2"},
				"south": {"uv": [0, 0, 0, 4], "texture": "#2"},
				"west": {"uv": [0, 0, 4, 4], "texture": "#2"},
				"up": {"uv": [0, 4, 0, 0], "texture": "#2"},
				"down": {"uv": [0, 0, 0, 4], "texture": "#2"}
			}
		},
		{
			"from": [6, -12.6, 6],
			"to": [10, -11, 10],
			"rotation": {"angle": -45, "axis": "y", "origin": [8, -11.75, 8]},
			"faces": {
				"north": {"uv": [1.625, 2.0625, 2.125, 2.25], "texture": "#0"},
				"east": {"uv": [1.625, 2.0625, 2.125, 2.25], "texture": "#0"},
				"south": {"uv": [1.625, 2.0625, 2.125, 2.25], "texture": "#0"},
				"west": {"uv": [2.125, 2.0625, 1.625, 2.25], "texture": "#0"},
				"up": {"uv": [2.125, 2.0625, 1.625, 1.5625], "rotation": 270, "texture": "#0"},
				"down": {"uv": [2.125, 2.0625, 1.625, 1.5625], "rotation": 90, "texture": "#0"}
			}
		},
		{
			"from": [7.15, -16, 7],
			"to": [8.85, -12, 9],
			"rotation": {"angle": 0, "axis": "y", "origin": [7, 1.2, 8]},
			"faces": {
				"north": {"uv": [2.125, 1.6875, 2.3125, 2.1875], "texture": "#0"},
				"east": {"uv": [2.125, 1.25, 2.375, 1.75], "texture": "#0"},
				"south": {"uv": [2.125, 1.6875, 2.3125, 2.1875], "texture": "#0"},
				"west": {"uv": [2.125, 1.25, 2.375, 1.75], "texture": "#0"},
				"up": {"uv": [8.1875, 0, 8.375, 0.25], "texture": "#0"},
				"down": {"uv": [8.1875, 0, 8.375, 0.25], "texture": "#0"}
			}
		},
		{
			"from": [7, -11.08922, -6.30421],
			"to": [9, -9.58922, -4.80421],
			"rotation": {"angle": -45, "axis": "x", "origin": [7.7, 3.21499, 8]},
			"faces": {
				"north": {"uv": [1.625, 3.1875, 1.375, 3.375], "texture": "#0"},
				"east": {"uv": [1.375, 3, 1.5625, 3.1875], "texture": "#0"},
				"south": {"uv": [2.9375, 3.75, 2.6875, 3.5625], "texture": "#0"},
				"west": {"uv": [1.5625, 3, 1.375, 3.1875], "texture": "#0"},
				"up": {"uv": [2.9375, 3.5625, 2.6875, 3.75], "texture": "#0"},
				"down": {"uv": [1.625, 3.1875, 1.375, 3.375], "texture": "#0"}
			}
		},
		{
			"from": [7.25, -15.5, 6.5],
			"to": [8.75, -12, 9],
			"rotation": {"angle": 22.5, "axis": "x", "origin": [8, -12, 6.5]},
			"faces": {
				"north": {"uv": [2.125, 2.6875, 1.9375, 2.25], "texture": "#0"},
				"east": {"uv": [1.625, 2.6875, 1.9375, 2.25], "texture": "#0"},
				"south": {"uv": [2.125, 2.6875, 1.9375, 2.25], "texture": "#0"},
				"west": {"uv": [1.9375, 2.6875, 1.625, 2.25], "texture": "#0"},
				"up": {"uv": [1.9375, 1.25, 2.125, 1.5625], "texture": "#0"},
				"down": {"uv": [1.9375, 1.25, 2.125, 1.5625], "texture": "#0"}
			}
		},
		{
			"from": [7.25, -15.5, 7],
			"to": [8.75, -12, 9.5],
			"rotation": {"angle": -22.5, "axis": "x", "origin": [8, -12, 9.5]},
			"faces": {
				"north": {"uv": [1.9375, 2.6875, 2.125, 2.25], "texture": "#0"},
				"east": {"uv": [1.9375, 2.6875, 1.625, 2.25], "texture": "#0"},
				"south": {"uv": [1.9375, 2.6875, 2.125, 2.25], "texture": "#0"},
				"west": {"uv": [1.625, 2.6875, 1.9375, 2.25], "texture": "#0"},
				"up": {"uv": [1.9375, 1.5625, 2.125, 1.25], "texture": "#0"},
				"down": {"uv": [1.9375, 1.5625, 2.125, 1.25], "texture": "#0"}
			}
		},
		{
			"from": [7, -1.45, 9.9],
			"to": [9.1, 1.45, 12],
			"rotation": {"angle": -45, "axis": "y", "origin": [8, -0.75, 10.9]},
			"faces": {
				"north": {"uv": [1.6875, 4.1875, 1.4375, 3.8125], "texture": "#0"},
				"east": {"uv": [1.375, 2.5, 1.625, 2.125], "texture": "#0"},
				"south": {"uv": [1.625, 2.5, 1.375, 2.125], "texture": "#0"},
				"west": {"uv": [1.6875, 4.1875, 1.4375, 3.8125], "texture": "#0"},
				"up": {"uv": [1.625, 2.5, 1.375, 2.75], "rotation": 270, "texture": "#0"},
				"down": {"uv": [1.625, 2.75, 1.375, 3], "rotation": 270, "texture": "#0"}
			}
		},
		{
			"from": [7, -1.45, 4],
			"to": [9.1, 1.45, 6.1],
			"rotation": {"angle": 45, "axis": "y", "origin": [8, -0.75, 5.1]},
			"faces": {
				"north": {"uv": [1.375, 2.5, 1.625, 2.125], "texture": "#0"},
				"east": {"uv": [1.625, 2.5, 1.375, 2.125], "texture": "#0"},
				"south": {"uv": [1.4375, 4.1875, 1.6875, 3.8125], "texture": "#0"},
				"west": {"uv": [1.4375, 4.1875, 1.6875, 3.8125], "texture": "#0"},
				"up": {"uv": [1.375, 2.5, 1.625, 2.75], "rotation": 270, "texture": "#0"},
				"down": {"uv": [1.375, 2.75, 1.625, 3], "rotation": 270, "texture": "#0"}
			}
		},
		{
			"from": [6, -5, 8],
			"to": [6, 13, 22],
			"rotation": {"angle": -22.5, "axis": "x", "origin": [6, 4, 15]},
			"faces": {
				"north": {"uv": [0, 0, 0, 11], "texture": "#1"},
				"east": {"uv": [0, 0, 8, 11], "texture": "#1"},
				"south": {"uv": [0, 0, 0, 11], "texture": "#1"},
				"west": {"uv": [8, 0, 0, 11], "texture": "#1"},
				"up": {"uv": [0, 0, 0, 7], "texture": "#1"},
				"down": {"uv": [0, 7, 0, 0], "texture": "#1"}
			}
		},
		{
			"from": [10, -5, 8],
			"to": [10, 13, 22],
			"rotation": {"angle": -22.5, "axis": "x", "origin": [10, 4, 15]},
			"faces": {
				"north": {"uv": [0, 0, 0, 11], "texture": "#1"},
				"east": {"uv": [0, 0, 8, 11], "texture": "#1"},
				"south": {"uv": [0, 0, 0, 11], "texture": "#1"},
				"west": {"uv": [8, 0, 0, 11], "texture": "#1"},
				"up": {"uv": [0, 0, 0, 7], "texture": "#1"},
				"down": {"uv": [0, 7, 0, 0], "texture": "#1"}
			}
		},
		{
			"from": [6.36976, -15.28191, 14.14522],
			"to": [10.36976, -15.28191, 16.14522],
			"rotation": {"angle": 22.5, "axis": "x", "origin": [8.36976, -14.08832, 12.64804]},
			"faces": {
				"north": {"uv": [0, 96, 0, 0], "rotation": 90, "texture": "#missing"},
				"east": {"uv": [0, 192, 0, 0], "rotation": 270, "texture": "#missing"},
				"south": {"uv": [0, 96, 0, 0], "rotation": 90, "texture": "#missing"},
				"west": {"uv": [0, 192, 0, 0], "rotation": 90, "texture": "#missing"},
				"up": {"uv": [3.3125, 1.0625, 3.8125, 0.8125], "rotation": 180, "texture": "#0"},
				"down": {"uv": [3.3125, 0.8125, 3.8125, 1.0625], "rotation": 180, "texture": "#0"}
			}
		},
		{
			"from": [6.36976, -15.93744, 12.10631],
			"to": [10.36976, -12.93744, 12.10631],
			"rotation": {"angle": -45, "axis": "x", "origin": [8.36976, -14.08832, 12.64804]},
			"faces": {
				"north": {"uv": [3.3125, 0.4375, 3.8125, 0.8125], "texture": "#0"},
				"east": {"uv": [0, 0, 0, 192], "texture": "#missing"},
				"south": {"uv": [3.8125, 0.4375, 3.3125, 0.8125], "texture": "#0"},
				"west": {"uv": [0, 0, 0, 192], "texture": "#missing"},
				"up": {"uv": [0, 0, 0, 96], "rotation": 90, "texture": "#missing"},
				"down": {"uv": [0, 0, 0, 96], "rotation": 270, "texture": "#missing"}
			}
		},
		{
			"from": [6.36976, -13.22855, 11.72626],
			"to": [10.36976, -10.72855, 11.72626],
			"rotation": {"angle": -22.5, "axis": "x", "origin": [8.36976, -14.08832, 12.64804]},
			"faces": {
				"north": {"uv": [3.3125, 0.125, 3.8125, 0.4375], "texture": "#0"},
				"east": {"uv": [0, 0, 0, 192], "texture": "#0"},
				"south": {"uv": [3.8125, 0.125, 3.3125, 0.4375], "texture": "#0"},
				"west": {"uv": [0, 0, 0, 192], "texture": "#0"},
				"up": {"uv": [0, 0, 0, 96], "rotation": 90, "texture": "#0"},
				"down": {"uv": [0, 0, 0, 96], "rotation": 270, "texture": "#0"}
			}
		},
		{
			"from": [6.36976, 0.92855, 3.97374],
			"to": [10.36976, 3.42855, 3.97374],
			"rotation": {"angle": -22.5, "axis": "x", "origin": [8.36976, 4.28832, 3.05196]},
			"faces": {
				"north": {"uv": [3.3125, 0.4375, 3.8125, 0.125], "texture": "#0"},
				"east": {"uv": [0, 192, 0, 0], "texture": "#0"},
				"south": {"uv": [3.8125, 0.4375, 3.3125, 0.125], "texture": "#0"},
				"west": {"uv": [0, 192, 0, 0], "texture": "#0"},
				"up": {"uv": [0, 0, 0, 96], "rotation": 270, "texture": "#0"},
				"down": {"uv": [0, 0, 0, 96], "rotation": 90, "texture": "#0"}
			}
		},
		{
			"from": [6.36976, 3.13744, 3.59369],
			"to": [10.36976, 6.13744, 3.59369],
			"rotation": {"angle": -45, "axis": "x", "origin": [8.36976, 4.28832, 3.05196]},
			"faces": {
				"north": {"uv": [3.3125, 0.8125, 3.8125, 0.4375], "texture": "#0"},
				"east": {"uv": [0, 192, 0, 0], "texture": "#missing"},
				"south": {"uv": [3.8125, 0.8125, 3.3125, 0.4375], "texture": "#0"},
				"west": {"uv": [0, 192, 0, 0], "texture": "#missing"},
				"up": {"uv": [0, 0, 0, 96], "rotation": 270, "texture": "#missing"},
				"down": {"uv": [0, 0, 0, 96], "rotation": 90, "texture": "#missing"}
			}
		},
		{
			"from": [6.36976, 5.48191, -0.44522],
			"to": [10.36976, 5.48191, 1.55478],
			"rotation": {"angle": 22.5, "axis": "x", "origin": [8.36976, 4.28832, 3.05196]},
			"faces": {
				"north": {"uv": [0, 0, 0, 96], "rotation": 90, "texture": "#missing"},
				"east": {"uv": [0, 0, 0, 192], "rotation": 270, "texture": "#missing"},
				"south": {"uv": [0, 0, 0, 96], "rotation": 90, "texture": "#missing"},
				"west": {"uv": [0, 0, 0, 192], "rotation": 90, "texture": "#missing"},
				"up": {"uv": [3.3125, 0.8125, 3.8125, 1.0625], "rotation": 180, "texture": "#0"},
				"down": {"uv": [3.3125, 1.0625, 3.8125, 0.8125], "rotation": 180, "texture": "#0"}
			}
		},
		{
			"from": [11.90846, -13.22855, 6.44804],
			"to": [11.90846, -10.72855, 9.44804],
			"rotation": {"angle": 22.5, "axis": "z", "origin": [12.83024, -14.08832, 7.44804]},
			"faces": {
				"north": {"uv": [0, 0, 0, 192], "texture": "#0"},
				"east": {"uv": [3.8125, 0, 4.1875, 0.3125], "texture": "#0"},
				"south": {"uv": [0, 0, 0, 192], "texture": "#0"},
				"west": {"uv": [4.1875, 0, 3.8125, 0.3125], "texture": "#0"},
				"up": {"uv": [0, 0, 0, 96], "rotation": 180, "texture": "#0"},
				"down": {"uv": [0, 0, 0, 96], "rotation": 180, "texture": "#0"}
			}
		},
		{
			"from": [12.28851, -15.93744, 6.44804],
			"to": [12.28851, -12.93744, 9.44804],
			"rotation": {"angle": 45, "axis": "z", "origin": [12.83024, -14.08832, 7.44804]},
			"faces": {
				"north": {"uv": [0, 0, 0, 192], "texture": "#missing"},
				"east": {"uv": [3.8125, 0.3125, 4.1875, 0.6875], "texture": "#0"},
				"south": {"uv": [0, 0, 0, 192], "texture": "#missing"},
				"west": {"uv": [4.1875, 0.3125, 3.8125, 0.6875], "texture": "#0"},
				"up": {"uv": [0, 0, 0, 96], "rotation": 180, "texture": "#missing"},
				"down": {"uv": [0, 0, 0, 96], "rotation": 180, "texture": "#missing"}
			}
		},
		{
			"from": [5.89154, 0.72855, 3.94804],
			"to": [5.89154, 3.22855, 6.94804],
			"rotation": {"angle": 22.5, "axis": "z", "origin": [4.96976, 4.08832, 4.94804]},
			"faces": {
				"north": {"uv": [0, 192, 0, 0], "texture": "#0"},
				"east": {"uv": [3.8125, 0.3125, 4.1875, 0], "texture": "#0"},
				"south": {"uv": [0, 192, 0, 0], "texture": "#0"},
				"west": {"uv": [4.1875, 0.3125, 3.8125, 0], "texture": "#0"},
				"up": {"uv": [0, 96, 0, 0], "rotation": 180, "texture": "#0"},
				"down": {"uv": [0, 96, 0, 0], "rotation": 180, "texture": "#0"}
			}
		},
		{
			"from": [5.51149, 2.93744, 3.94804],
			"to": [5.51149, 5.93744, 6.94804],
			"rotation": {"angle": 45, "axis": "z", "origin": [4.96976, 4.08832, 4.94804]},
			"faces": {
				"north": {"uv": [0, 192, 0, 0], "texture": "#missing"},
				"east": {"uv": [3.8125, 0.6875, 4.1875, 0.3125], "texture": "#0"},
				"south": {"uv": [0, 192, 0, 0], "texture": "#missing"},
				"west": {"uv": [4.1875, 0.6875, 3.8125, 0.3125], "texture": "#0"},
				"up": {"uv": [0, 96, 0, 0], "rotation": 180, "texture": "#missing"},
				"down": {"uv": [0, 96, 0, 0], "rotation": 180, "texture": "#missing"}
			}
		},
		{
			"from": [-0.1, 2.5, -0.4],
			"to": [4.4, 5, 2.1],
			"rotation": {"angle": 0, "axis": "y", "origin": [3.2, 0.5, 3.5]},
			"faces": {
				"north": {"uv": [6.1875, 6.875, 6.75, 7.1875], "texture": "#0"},
				"east": {"uv": [6.8125, 6.5, 6.5, 6.8125], "texture": "#0"},
				"south": {"uv": [6.75, 6.875, 6.1875, 7.1875], "texture": "#0"},
				"west": {"uv": [6.8125, 6.5, 6.5, 6.8125], "texture": "#0"},
				"up": {"uv": [6.75, 7.1875, 6.1875, 7.5], "texture": "#0"},
				"down": {"uv": [6.75, 7.1875, 6.1875, 7.5], "texture": "#0"}
			}
		},
		{
			"from": [4.4, -1, 1.6],
			"to": [5.4, 5, 3.6],
			"rotation": {"angle": -22.5, "axis": "x", "origin": [4.7, 0, 2.6]},
			"faces": {
				"north": {"uv": [6.0625, 6.875, 6.1875, 7.625], "texture": "#0"},
				"east": {"uv": [5.8125, 6.875, 6.0625, 7.625], "texture": "#0"},
				"south": {"uv": [6.1875, 6.875, 6.0625, 7.625], "texture": "#0"},
				"west": {"uv": [5.8125, 6.875, 6.0625, 7.625], "texture": "#0"},
				"up": {"uv": [5.9375, 3.25, 5.8125, 3.5], "texture": "#0"},
				"down": {"uv": [6, 3.25, 5.8125, 3.5], "texture": "#0"}
			}
		},
		{
			"from": [5.4, -1.5, 1.2],
			"to": [6.4, 1.5, 6.2],
			"rotation": {"angle": 0, "axis": "y", "origin": [7.5, 6.5, 3.2]},
			"faces": {
				"north": {"uv": [6.5, 6.5, 6.375, 6.875], "texture": "#0"},
				"east": {"uv": [5.75, 6.5, 6.375, 6.875], "texture": "#0"},
				"south": {"uv": [6.375, 6.5, 6.5, 6.875], "texture": "#0"},
				"west": {"uv": [5.75, 6.5, 6.375, 6.875], "texture": "#0"},
				"up": {"uv": [6.875, 3.75, 7, 4.375], "texture": "#0"},
				"down": {"uv": [6.875, 3.75, 7, 4.375], "texture": "#0"}
			}
		},
		{
			"from": [9.6, -1.5, 1.2],
			"to": [10.6, 1.5, 6.2],
			"rotation": {"angle": 0, "axis": "y", "origin": [8.5, 6.5, 3.2]},
			"faces": {
				"north": {"uv": [6.375, 6.5, 6.5, 6.875], "texture": "#0"},
				"east": {"uv": [6.375, 6.5, 5.75, 6.875], "texture": "#0"},
				"south": {"uv": [6.5, 6.5, 6.375, 6.875], "texture": "#0"},
				"west": {"uv": [6.375, 6.5, 5.75, 6.875], "texture": "#0"},
				"up": {"uv": [7, 3.75, 6.875, 4.375], "texture": "#0"},
				"down": {"uv": [7, 3.75, 6.875, 4.375], "texture": "#0"}
			}
		},
		{
			"from": [6, -2.5, 0.1],
			"to": [10, 2.5, 5.1],
			"rotation": {"angle": 0, "axis": "y", "origin": [9.6, 1, 3.5]},
			"faces": {
				"north": {"uv": [5.75, 5.875, 6.25, 6.5], "texture": "#0"},
				"east": {"uv": [6.1875, 5.1875, 6.8125, 5.8125], "texture": "#0"},
				"south": {"uv": [5.75, 5.875, 6.25, 6.5], "texture": "#0"},
				"west": {"uv": [6.8125, 5.1875, 6.1875, 5.8125], "texture": "#0"},
				"up": {"uv": [6.25, 5.875, 6.75, 6.5], "texture": "#0"},
				"down": {"uv": [6.25, 6.5, 6.75, 5.875], "texture": "#0"}
			}
		},
		{
			"from": [6.5, 5, 4.8],
			"to": [9.5, 6.5, 7.3],
			"rotation": {"angle": 0, "axis": "y", "origin": [7.7, -0.85, 6.7]},
			"faces": {
				"north": {"uv": [5.8125, 5.3125, 6.1875, 5.5], "texture": "#0"},
				"east": {"uv": [6.1875, 5, 6.5, 5.1875], "texture": "#0"},
				"south": {"uv": [5.8125, 5.5, 6.1875, 5.6875], "texture": "#0"},
				"west": {"uv": [6.5, 5, 6.1875, 5.1875], "texture": "#0"},
				"up": {"uv": [5.8125, 5, 6.1875, 5.3125], "texture": "#0"},
				"down": {"uv": [5.8125, 5, 6.1875, 5.3125], "texture": "#0"}
			}
		},
		{
			"from": [6.5, 9, 4.8],
			"to": [9.5, 10.5, 7.3],
			"rotation": {"angle": 0, "axis": "y", "origin": [7.7, 3.15, 6.7]},
			"faces": {
				"north": {"uv": [5.8125, 5.3125, 6.1875, 5.5], "texture": "#0"},
				"east": {"uv": [6.1875, 5, 6.5, 5.1875], "texture": "#0"},
				"south": {"uv": [5.8125, 5.5, 6.1875, 5.6875], "texture": "#0"},
				"west": {"uv": [6.5, 5, 6.1875, 5.1875], "texture": "#0"},
				"up": {"uv": [5.8125, 5, 6.1875, 5.3125], "texture": "#0"},
				"down": {"uv": [5.8125, 5, 6.1875, 5.3125], "texture": "#0"}
			}
		},
		{
			"from": [6.5, 13.5, 3.8],
			"to": [9.5, 15, 6.3],
			"rotation": {"angle": -22.5, "axis": "x", "origin": [8, 14.25, 5.05]},
			"faces": {
				"north": {"uv": [5.8125, 5.3125, 6.1875, 5.5], "texture": "#0"},
				"east": {"uv": [6.1875, 5, 6.5, 5.1875], "texture": "#0"},
				"south": {"uv": [5.8125, 5.5, 6.1875, 5.6875], "texture": "#0"},
				"west": {"uv": [6.5, 5, 6.1875, 5.1875], "texture": "#0"},
				"up": {"uv": [5.8125, 5, 6.1875, 5.3125], "texture": "#0"},
				"down": {"uv": [5.8125, 5, 6.1875, 5.3125], "texture": "#0"}
			}
		},
		{
			"from": [6.8, 11.1, 6.45],
			"to": [9.2, 18.6, 8.95],
			"rotation": {"angle": -22.5, "axis": "x", "origin": [8, 12.25, 7]},
			"faces": {
				"north": {"uv": [7, 2.8125, 6.6875, 3.75], "texture": "#0"},
				"east": {"uv": [6.375, 2.8125, 6.0625, 3.75], "texture": "#0"},
				"south": {"uv": [6.6875, 2.8125, 6.375, 3.75], "texture": "#0"},
				"west": {"uv": [6.0625, 2.8125, 6.375, 3.75], "texture": "#0"},
				"up": {"uv": [6.0625, 2.8125, 6.375, 3.125], "texture": "#0"},
				"down": {"uv": [6.0625, 2.8125, 6.375, 3.125], "texture": "#0"}
			}
		},
		{
			"from": [6.25, 16.5, 3.5],
			"to": [9.75, 20.5, 6],
			"rotation": {"angle": 45, "axis": "x", "origin": [7.9, 18.76897, 4.89129]},
			"faces": {
				"north": {"uv": [5.6875, 4.5625, 6.125, 4.0625], "rotation": 180, "texture": "#0"},
				"east": {"uv": [5.3125, 3.25, 5.8125, 3.5625], "rotation": 270, "texture": "#0"},
				"south": {"uv": [5.6875, 4.5625, 6.125, 4.0625], "rotation": 180, "texture": "#0"},
				"west": {"uv": [5.3125, 3.5625, 5.8125, 3.25], "rotation": 270, "texture": "#0"},
				"up": {"uv": [5.6875, 4.0625, 6.125, 3.75], "texture": "#0"},
				"down": {"uv": [5.1875, 9.5, 5.625, 9.8125], "texture": "#0"}
			}
		},
		{
			"from": [6.5, 19.04957, -0.36109],
			"to": [9.5, 22.04957, 5.63891],
			"rotation": {"angle": 22.5, "axis": "x", "origin": [8, 22.04957, 1.88891]},
			"faces": {
				"north": {"uv": [5.6875, 4.9375, 6.0625, 4.5625], "rotation": 180, "texture": "#0"},
				"east": {"uv": [6.125, 3.75, 6.5, 4.5], "rotation": 270, "texture": "#0"},
				"south": {"uv": [5.6875, 4.9375, 6.0625, 4.5625], "rotation": 180, "texture": "#0"},
				"west": {"uv": [6.125, 4.5, 6.5, 3.75], "rotation": 270, "texture": "#0"},
				"up": {"uv": [6.5, 4.5, 6.875, 3.75], "texture": "#0"},
				"down": {"uv": [5.25, 8.75, 5.625, 9.5], "texture": "#0"}
			}
		},
		{
			"from": [7.25, 18.34957, -1.36109],
			"to": [8.75, 22.84957, 2.63891],
			"rotation": {"angle": 22.5, "axis": "x", "origin": [7.8, 21.84957, 1.88891]},
			"faces": {
				"north": {"uv": [6.6875, 5.0625, 6.875, 4.5], "rotation": 180, "texture": "#0"},
				"east": {"uv": [6.125, 5, 6.6875, 4.5], "rotation": 270, "texture": "#0"},
				"south": {"uv": [6.6875, 5.0625, 6.875, 4.5], "rotation": 180, "texture": "#0"},
				"west": {"uv": [6.125, 5, 6.6875, 4.5], "rotation": 270, "texture": "#0"},
				"up": {"uv": [6.6875, 5, 6.875, 4.5], "texture": "#0"},
				"down": {"uv": [6.6875, 5, 6.875, 4.5], "texture": "#0"}
			}
		},
		{
			"from": [8, 20.24888, -4.05589],
			"to": [8, 21.24888, 7.94411],
			"rotation": {"angle": -22.5, "axis": "x", "origin": [7.05313, 4.14936, 2.5]},
			"faces": {
				"north": {"uv": [7.5625, 0, 7.6875, 0], "rotation": 90, "texture": "#0"},
				"east": {"uv": [3.1875, 11.4375, 3.3125, 12.9375], "rotation": 90, "texture": "#0"},
				"south": {"uv": [7.5625, 0, 7.6875, 0], "rotation": 90, "texture": "#0"},
				"west": {"uv": [3.1875, 11.4375, 3.3125, 12.9375], "rotation": 90, "texture": "#0"},
				"up": {"uv": [0, 0, 1.5, 0], "rotation": 270, "texture": "#0"},
				"down": {"uv": [0, 0, 1.5, 0], "rotation": 270, "texture": "#0"}
			}
		},
		{
			"from": [7, 14.3, -12],
			"to": [9, 16.8, -9.5],
			"rotation": {"angle": -22.5, "axis": "x", "origin": [8, 15.4, -13.5]},
			"faces": {
				"north": {"uv": [4.25, 9.625, 4.5625, 9.875], "rotation": 90, "texture": "#0"},
				"east": {"uv": [4.3125, 10.8125, 4.625, 11.125], "rotation": 90, "texture": "#0"},
				"south": {"uv": [4.25, 9.625, 4.5625, 9.875], "rotation": 90, "texture": "#0"},
				"west": {"uv": [4.3125, 10.8125, 4.625, 11.125], "rotation": 90, "texture": "#0"},
				"up": {"uv": [4.3125, 11.125, 4.625, 11.375], "rotation": 90, "texture": "#0"},
				"down": {"uv": [5, 9.875, 5.3125, 10.125], "rotation": 90, "texture": "#0"}
			}
		},
		{
			"from": [7.25, 15.71449, -15.30014],
			"to": [8.75, 18.21449, -12.80014],
			"rotation": {"angle": 22.5, "axis": "x", "origin": [8, 13.96449, -17.05014]},
			"faces": {
				"north": {"uv": [4.75, 9.6875, 5.0625, 9.875], "rotation": 90, "texture": "#0"},
				"east": {"uv": [4.75, 9.375, 5.0625, 9.6875], "texture": "#0"},
				"south": {"uv": [5.3125, 8.5625, 5.625, 8.75], "rotation": 90, "texture": "#0"},
				"west": {"uv": [4.75, 9.375, 5.0625, 9.6875], "texture": "#0"},
				"up": {"uv": [5.3125, 8.5625, 5.625, 8.75], "rotation": 90, "texture": "#0"},
				"down": {"uv": [4.75, 9.6875, 5.0625, 9.875], "rotation": 90, "texture": "#0"}
			}
		},
		{
			"from": [8, 18.5, -14.5],
			"to": [8, 23.5, -8.5],
			"rotation": {"angle": -22.5, "axis": "x", "origin": [7.05313, 3.94936, 3.5]},
			"faces": {
				"north": {"uv": [10.0625, 6.375, 10.6875, 6.375], "rotation": 90, "texture": "#missing"},
				"east": {"uv": [6.3125, 0.8125, 5.5625, 1.4375], "texture": "#0"},
				"south": {"uv": [10.0625, 6.375, 10.6875, 6.375], "rotation": 90, "texture": "#missing"},
				"west": {"uv": [5.5625, 0.8125, 6.3125, 1.4375], "texture": "#0"},
				"up": {"uv": [2.5, 6.375, 3.1875, 6.375], "rotation": 270, "texture": "#missing"},
				"down": {"uv": [2.5, 6.375, 3.1875, 6.375], "rotation": 270, "texture": "#missing"}
			}
		},
		{
			"from": [6.75, 1.5, 6.75],
			"to": [9.25, 12, 9.25],
			"rotation": {"angle": 0, "axis": "y", "origin": [8, 7.25, 8]},
			"faces": {
				"north": {"uv": [6.6875, 1.5, 7, 2.8125], "texture": "#0"},
				"east": {"uv": [6.0625, 1.5, 6.375, 2.8125], "texture": "#0"},
				"south": {"uv": [6.375, 1.5, 6.6875, 2.8125], "texture": "#0"},
				"west": {"uv": [6.375, 1.5, 6.0625, 2.8125], "texture": "#0"},
				"up": {"uv": [6.375, 1.5, 6.0625, 1.8125], "texture": "#0"},
				"down": {"uv": [6.375, 1.5, 6.0625, 1.8125], "texture": "#0"}
			}
		},
		{
			"from": [8, 2.5, 0.5],
			"to": [8, 19.5, 6.5],
			"rotation": {"angle": 0, "axis": "y", "origin": [7, 2.5, 3.5]},
			"faces": {
				"north": {"uv": [0, 0, 0, 2.5], "texture": "#missing"},
				"east": {"uv": [7.8125, 0, 7.0625, 2.125], "texture": "#0"},
				"south": {"uv": [0, 0, 0, 2.5], "texture": "#missing"},
				"west": {"uv": [7.0625, 0, 7.8125, 2.125], "texture": "#0"},
				"up": {"uv": [0, 0, 0, 0.75], "texture": "#missing"},
				"down": {"uv": [0, 0, 0, 0.75], "texture": "#missing"}
			}
		}
	],
	"gui_light": "front",
	"display": {
		"thirdperson_righthand": {
			"translation": [0, 5, 1.75],
			"scale": [0.5, 0.5, 0.5]
		},
		"thirdperson_lefthand": {
			"translation": [0, 5, 1.75],
			"scale": [0.5, 0.5, 0.5]
		},
		"firstperson_righthand": {
			"rotation": [-43, 4, -4],
			"translation": [6, 4.75, -4.25],
			"scale": [0.6, 0.6, 0.6]
		},
		"firstperson_lefthand": {
			"rotation": [-43, 4, -4],
			"translation": [6, 4.75, -4.25],
			"scale": [0.6, 0.6, 0.6]
		},
		"ground": {
			"rotation": [0, 0, 88],
			"translation": [-2, 2.5, 0.25],
			"scale": [0.45, 0.45, 0.45]
		},
		"gui": {
			"rotation": [-90, 67, 90],
			"translation": [2.5, 2.75, -1.5],
			"scale": [0.5, 0.5, 0.5]
		},
		"head": {
			"rotation": [90, -156, 90],
			"translation": [1, 10.5, 1.75],
			"scale": [0.6, 0.6, 0.6]
		},
		"fixed": {
			"rotation": [-90, -90, -90],
			"translation": [0, 5.5, 0.25],
			"scale": [1.2, 1.2, 1.2]
		}
	}
}