{
	"format_version": "1.21.6",
	"credit": "Made with Blockbench",
	"texture_size": [128, 128],
	"textures": {
		"0": "skins:item/heavenly/heavenly_emperor_texture",
		"1": "skins:item/heavenly/heavenly_emperor_animation1",
		"2": "skins:item/heavenly/heavenly_emperor_animation2",
		"particle": "skins:item/heavenly/heavenly_emperor_texture"
	},
	"elements": [
		{
			"from": [-6.32201, 6.08922, 0.72173],
			"to": [-4.82201, 7.58922, 2.72173],
			"rotation": {"angle": -45, "axis": "z", "origin": [7.9822, -6.71499, 1.42173]},
			"faces": {
				"north": {"uv": [1.375, 3.1875, 1.5625, 3], "texture": "#0"},
				"east": {"uv": [2.6875, 3.5625, 2.9375, 3.75], "texture": "#0"},
				"south": {"uv": [1.5625, 3.1875, 1.375, 3], "texture": "#0"},
				"west": {"uv": [1.375, 3.375, 1.625, 3.1875], "texture": "#0"},
				"up": {"uv": [1.375, 3.375, 1.625, 3.1875], "rotation": 270, "texture": "#0"},
				"down": {"uv": [2.6875, 3.75, 2.9375, 3.5625], "rotation": 90, "texture": "#0"}
			}
		},
		{
			"from": [6.9822, 8.5, 0.97173],
			"to": [9.4822, 12, 2.47173],
			"rotation": {"angle": -22.5, "axis": "z", "origin": [9.4822, 8.5, 1.72173]},
			"faces": {
				"north": {"uv": [1.9375, 2.25, 1.625, 2.6875], "texture": "#0"},
				"east": {"uv": [2.125, 2.25, 1.9375, 2.6875], "texture": "#0"},
				"south": {"uv": [1.625, 2.25, 1.9375, 2.6875], "texture": "#0"},
				"west": {"uv": [2.125, 2.25, 1.9375, 2.6875], "texture": "#0"},
				"up": {"uv": [2.125, 1.25, 1.9375, 1.5625], "rotation": 270, "texture": "#0"},
				"down": {"uv": [2.125, 1.25, 1.9375, 1.5625], "rotation": 90, "texture": "#0"}
			}
		},
		{
			"from": [6.9822, 8.5, 0.87173],
			"to": [8.9822, 12.5, 2.57173],
			"rotation": {"angle": 0, "axis": "y", "origin": [7.9822, -4.7, 0.72173]},
			"faces": {
				"north": {"uv": [2.375, 1.75, 2.125, 1.25], "texture": "#0"},
				"east": {"uv": [2.3125, 2.1875, 2.125, 1.6875], "texture": "#0"},
				"south": {"uv": [2.375, 1.75, 2.125, 1.25], "texture": "#0"},
				"west": {"uv": [2.3125, 2.1875, 2.125, 1.6875], "texture": "#0"},
				"up": {"uv": [8.375, 0.25, 8.1875, 0], "rotation": 270, "texture": "#0"},
				"down": {"uv": [8.375, 0.25, 8.1875, 0], "rotation": 90, "texture": "#0"}
			}
		},
		{
			"from": [6.4822, 8.5, 0.97173],
			"to": [8.9822, 12, 2.47173],
			"rotation": {"angle": 22.5, "axis": "z", "origin": [6.4822, 8.5, 1.72173]},
			"faces": {
				"north": {"uv": [1.625, 2.25, 1.9375, 2.6875], "texture": "#0"},
				"east": {"uv": [1.9375, 2.25, 2.125, 2.6875], "texture": "#0"},
				"south": {"uv": [1.9375, 2.25, 1.625, 2.6875], "texture": "#0"},
				"west": {"uv": [1.9375, 2.25, 2.125, 2.6875], "texture": "#0"},
				"up": {"uv": [2.125, 1.5625, 1.9375, 1.25], "rotation": 270, "texture": "#0"},
				"down": {"uv": [2.125, 1.5625, 1.9375, 1.25], "rotation": 90, "texture": "#0"}
			}
		},
		{
			"from": [8, 1.5, 1],
			"to": [13, 9.5, 1],
			"rotation": {"angle": -22.5, "axis": "y", "origin": [8, 6.5, 1]},
			"faces": {
				"north": {"uv": [10.625, 0, 11.25, 1], "texture": "#0"},
				"east": {"uv": [0.25, 0, 0.25, 1], "texture": "#missing"},
				"south": {"uv": [10.625, 0, 11.25, 1], "texture": "#0"},
				"west": {"uv": [0.25, 0, 0.25, 1], "texture": "#missing"},
				"up": {"uv": [0.75, 0, 1.375, 0], "texture": "#missing"},
				"down": {"uv": [0.75, 0, 1.375, 0], "texture": "#missing"}
			}
		},
		{
			"from": [3, 1.5, 1],
			"to": [8, 9.5, 1],
			"rotation": {"angle": 22.5, "axis": "y", "origin": [8, 6.5, 1]},
			"faces": {
				"north": {"uv": [11.25, 0, 10.625, 1], "texture": "#0"},
				"east": {"uv": [0.25, 0, 0.25, 1], "texture": "#missing"},
				"south": {"uv": [11.25, 0, 10.625, 1], "texture": "#0"},
				"west": {"uv": [0.25, 0, 0.25, 1], "texture": "#missing"},
				"up": {"uv": [1.375, 0, 0.75, 0], "texture": "#missing"},
				"down": {"uv": [1.375, 0, 0.75, 0], "texture": "#missing"}
			}
		},
		{
			"from": [3.4, 2.5, 2.9],
			"to": [3.4, 9.5, 5.9],
			"rotation": {"angle": 0, "axis": "y", "origin": [3.4, 6.5, 2.9]},
			"faces": {
				"north": {"uv": [0.25, 0, 0.25, 1], "texture": "#missing"},
				"east": {"uv": [11.25, 0, 11.625, 0.875], "texture": "#0"},
				"south": {"uv": [0.25, 0, 0.25, 1], "texture": "#missing"},
				"west": {"uv": [11.625, 0, 11.25, 0.875], "texture": "#0"},
				"up": {"uv": [1.375, 0, 0.75, 0], "rotation": 270, "texture": "#missing"},
				"down": {"uv": [1.375, 0, 0.75, 0], "rotation": 90, "texture": "#missing"}
			}
		},
		{
			"from": [12.6, 2.5, 2.9],
			"to": [12.6, 9.5, 5.9],
			"rotation": {"angle": 0, "axis": "y", "origin": [12.6, 6.5, 2.9]},
			"faces": {
				"north": {"uv": [0.25, 0, 0.25, 1], "texture": "#missing"},
				"east": {"uv": [11.25, 0, 11.625, 0.875], "texture": "#0"},
				"south": {"uv": [0.25, 0, 0.25, 1], "texture": "#missing"},
				"west": {"uv": [11.625, 0, 11.25, 0.875], "texture": "#0"},
				"up": {"uv": [1.375, 0, 0.75, 0], "rotation": 270, "texture": "#missing"},
				"down": {"uv": [1.375, 0, 0.75, 0], "rotation": 90, "texture": "#missing"}
			}
		},
		{
			"from": [3, 8, 0.5],
			"to": [8.4, 10, 2],
			"rotation": {"angle": 22.5, "axis": "y", "origin": [8, 7, 2]},
			"faces": {
				"north": {"uv": [7.4875, 5.6875, 6.8125, 5.9375], "texture": "#0"},
				"east": {"uv": [7, 5.6875, 6.8125, 5.9375], "texture": "#0"},
				"south": {"uv": [6.8125, 5.6875, 7.4875, 5.9375], "texture": "#0"},
				"west": {"uv": [7, 6.125, 6.8125, 6.375], "texture": "#0"},
				"up": {"uv": [7.4875, 5.9375, 6.8125, 6.125], "texture": "#0"},
				"down": {"uv": [7.4875, 5.6875, 6.8125, 5.875], "texture": "#0"}
			}
		},
		{
			"from": [7.6, 8, 0.5],
			"to": [13, 10, 2],
			"rotation": {"angle": -22.5, "axis": "y", "origin": [8, 7, 2]},
			"faces": {
				"north": {"uv": [6.8125, 5.6875, 7.4875, 5.9375], "texture": "#0"},
				"east": {"uv": [6.8125, 6.125, 7, 6.375], "texture": "#0"},
				"south": {"uv": [7.4875, 5.6875, 6.8125, 5.9375], "texture": "#0"},
				"west": {"uv": [6.8125, 5.6875, 7, 5.9375], "texture": "#0"},
				"up": {"uv": [6.8125, 5.9375, 7.4875, 6.125], "texture": "#0"},
				"down": {"uv": [6.8125, 5.6875, 7.4875, 5.875], "texture": "#0"}
			}
		},
		{
			"from": [7.5, 6.5, 2.7],
			"to": [16.5, 17.5, 2.7],
			"rotation": {"angle": -22.5, "axis": "y", "origin": [12, 12, 2.7]},
			"faces": {
				"north": {"uv": [5.375, 0, 4.25, 1.375], "texture": "#0"},
				"east": {"uv": [0, 0, 0, 1.375], "texture": "#missing"},
				"south": {"uv": [4.25, 0, 5.375, 1.375], "texture": "#0"},
				"west": {"uv": [0, 0, 0, 1.375], "texture": "#missing"},
				"up": {"uv": [0, 1, 0, 0], "rotation": 90, "texture": "#missing"},
				"down": {"uv": [0, 1, 0, 0], "rotation": 270, "texture": "#missing"}
			}
		},
		{
			"from": [-0.5, 6.5, 2.7],
			"to": [8.5, 17.5, 2.7],
			"rotation": {"angle": 22.5, "axis": "y", "origin": [4, 12, 2.7]},
			"faces": {
				"north": {"uv": [4.25, 0, 5.375, 1.375], "texture": "#0"},
				"east": {"uv": [0, 0, 0, 1.375], "texture": "#missing"},
				"south": {"uv": [5.375, 0, 4.25, 1.375], "texture": "#0"},
				"west": {"uv": [0, 0, 0, 1.375], "texture": "#missing"},
				"up": {"uv": [0, 0, 0, 1], "rotation": 90, "texture": "#missing"},
				"down": {"uv": [0, 0, 0, 1], "rotation": 270, "texture": "#missing"}
			}
		},
		{
			"from": [-2, 0, 12],
			"to": [18, 20, 12],
			"rotation": {"angle": -45, "axis": "z", "origin": [8, 10, 12]},
			"faces": {
				"north": {"uv": [8.125, 0, 10.375, 2.25], "texture": "#0"},
				"east": {"uv": [0, 0, 0, 2.25], "texture": "#missing"},
				"south": {"uv": [8.125, 0, 10.375, 2.25], "texture": "#0"},
				"west": {"uv": [0, 0, 0, 2.25], "texture": "#missing"},
				"up": {"uv": [0, 0, 2.25, 0], "texture": "#missing"},
				"down": {"uv": [0, 0, 2.25, 0], "texture": "#missing"}
			}
		},
		{
			"from": [-2, 0, 12.5],
			"to": [18, 20, 12.5],
			"rotation": {"angle": 0, "axis": "y", "origin": [8, 10, 12.5]},
			"faces": {
				"north": {"uv": [8.125, 0, 10.375, 2.25], "texture": "#0"},
				"east": {"uv": [0, 0, 0, 2.25], "texture": "#missing"},
				"south": {"uv": [8.125, 0, 10.375, 2.25], "texture": "#0"},
				"west": {"uv": [0, 0, 0, 2.25], "texture": "#missing"},
				"up": {"uv": [0, 0, 2.25, 0], "texture": "#missing"},
				"down": {"uv": [0, 0, 2.25, 0], "texture": "#missing"}
			}
		},
		{
			"from": [4, 6, 0.95],
			"to": [8, 10, 2.45],
			"rotation": {"angle": -45, "axis": "z", "origin": [8, 6, 2.5]},
			"faces": {
				"north": {"uv": [1.375, 3.9375, 1.875, 3.4375], "rotation": 90, "texture": "#0"},
				"east": {"uv": [2.875, 0.1875, 2.375, 0], "rotation": 90, "texture": "#0"},
				"south": {"uv": [1.375, 3.4375, 1.875, 3.9375], "rotation": 90, "texture": "#0"},
				"west": {"uv": [1.875, 4.125, 1.375, 3.9375], "rotation": 90, "texture": "#0"},
				"up": {"uv": [1.375, 4.125, 1.875, 3.9375], "rotation": 180, "texture": "#0"},
				"down": {"uv": [2.875, 0.1875, 2.375, 0], "texture": "#0"}
			}
		},
		{
			"from": [5.5, 7.20711, 0.45],
			"to": [7.5, 9.20711, 2.95],
			"rotation": {"angle": -45, "axis": "z", "origin": [8, 6.70711, 2.5]},
			"faces": {
				"north": {"uv": [1.875, 2.6875, 1.625, 2.9375], "texture": "#0"},
				"east": {"uv": [1.9375, 3.1875, 1.625, 3.4375], "texture": "#0"},
				"south": {"uv": [1.625, 2.6875, 1.875, 2.9375], "texture": "#0"},
				"west": {"uv": [1.625, 2.9375, 1.9375, 3.1875], "texture": "#0"},
				"up": {"uv": [1.625, 3.1875, 1.9375, 2.9375], "rotation": 90, "texture": "#0"},
				"down": {"uv": [1.625, 3.1875, 1.9375, 3.4375], "rotation": 270, "texture": "#0"}
			}
		},
		{
			"from": [5.5, 7.20711, 1.2],
			"to": [7.5, 9.20711, 1.2],
			"rotation": {"angle": -45, "axis": "z", "origin": [8, 6.70711, -2.2]},
			"faces": {
				"north": {"uv": [0, 0, 4, 4], "texture": "#2"},
				"east": {"uv": [0, 0, 0, 4], "texture": "#2"},
				"south": {"uv": [4, 0, 0, 4], "texture": "#2"},
				"west": {"uv": [0, 0, 0, 4], "texture": "#2"},
				"up": {"uv": [0, 4, 0, 0], "rotation": 90, "texture": "#2"},
				"down": {"uv": [0, 0, 0, 4], "rotation": 270, "texture": "#2"}
			}
		},
		{
			"from": [13, 5, 3],
			"to": [13, 11, 11],
			"rotation": {"angle": 0, "axis": "y", "origin": [15, 8, 9]},
			"faces": {
				"north": {"uv": [0, 0, 0, 0.75], "texture": "#missing"},
				"east": {"uv": [5.5625, 0, 6.5625, 0.75], "texture": "#0"},
				"south": {"uv": [0, 0, 0, 0.75], "texture": "#missing"},
				"west": {"uv": [6.5625, 0, 5.5625, 0.75], "texture": "#0"},
				"up": {"uv": [0, 1, 0, 0], "texture": "#missing"},
				"down": {"uv": [0, 1, 0, 0], "texture": "#missing"}
			}
		},
		{
			"from": [3, 5, 3],
			"to": [3, 11, 11],
			"rotation": {"angle": 0, "axis": "y", "origin": [1, 8, 9]},
			"faces": {
				"north": {"uv": [0, 0, 0, 0.75], "texture": "#missing"},
				"east": {"uv": [5.5625, 0, 6.5625, 0.75], "texture": "#0"},
				"south": {"uv": [0, 0, 0, 0.75], "texture": "#missing"},
				"west": {"uv": [6.5625, 0, 5.5625, 0.75], "texture": "#0"},
				"up": {"uv": [0, 1, 0, 0], "texture": "#missing"},
				"down": {"uv": [0, 1, 0, 0], "texture": "#missing"}
			}
		},
		{
			"from": [10.5, 2, 7],
			"to": [23, 18, 7],
			"rotation": {"angle": -45, "axis": "y", "origin": [17.25, 10, 7]},
			"faces": {
				"north": {"uv": [0, 0, 8, 11], "texture": "#1"},
				"east": {"uv": [0, 0, 0, 11], "texture": "#1"},
				"south": {"uv": [8, 0, 0, 11], "texture": "#1"},
				"west": {"uv": [0, 0, 0, 11], "texture": "#1"},
				"up": {"uv": [0, 7, 0, 0], "rotation": 90, "texture": "#1"},
				"down": {"uv": [0, 0, 0, 7], "rotation": 270, "texture": "#1"}
			}
		},
		{
			"from": [-7, 2, 7],
			"to": [5.5, 18, 7],
			"rotation": {"angle": 45, "axis": "y", "origin": [-1.25, 10, 7]},
			"faces": {
				"north": {"uv": [8, 0, 0, 11], "texture": "#1"},
				"east": {"uv": [0, 0, 0, 11], "texture": "#1"},
				"south": {"uv": [0, 0, 8, 11], "texture": "#1"},
				"west": {"uv": [0, 0, 0, 11], "texture": "#1"},
				"up": {"uv": [0, 0, 0, 7], "rotation": 90, "texture": "#1"},
				"down": {"uv": [0, 7, 0, 0], "rotation": 270, "texture": "#1"}
			}
		}
	],
	"gui_light": "front",
	"display": {
		"thirdperson_righthand": {
			"rotation": [42.76, 10.93, -4.97],
			"translation": [0, 4.75, 1],
			"scale": [0.6, 0.6, 0.6]
		},
		"thirdperson_lefthand": {
			"rotation": [42.76, 10.93, -4.97],
			"translation": [0, 4.75, 1],
			"scale": [0.6, 0.6, 0.6]
		},
		"firstperson_righthand": {
			"rotation": [5, 130, -4],
			"translation": [16, -4.25, -23.25],
			"scale": [1.73633, 1.73633, 1.73633]
		},
		"firstperson_lefthand": {
			"rotation": [5, 130, -4],
			"translation": [16, -4.25, -23.25],
			"scale": [1.73633, 1.73633, 1.73633]
		},
		"ground": {
			"translation": [0, 3, 0],
			"scale": [0.54688, 0.54688, 0.54688]
		},
		"gui": {
			"rotation": [20, -180, 0],
			"translation": [0, -1.25, 0],
			"scale": [0.73477, 0.73477, 0.73477]
		},
		"head": {
			"translation": [0, 2.25, -0.25],
			"scale": [1.57914, 1.73539, 1.57914]
		},
		"fixed": {
			"translation": [0, 0.5, -9.5],
			"scale": [1.61133, 1.61133, 1.61133]
		}
	}
}