{
	"format_version": "1.21.6",
	"credit": "MadewithBlockbench",
	"textures": {
		"1": "skins:item/legacy/abyss_eff_01",
		"2": "skins:item/legacy/abyss_hoe",
		"3": "skins:item/legacy/abyss_eff_02",
		"particle": "skins:item/legacy/abyss_hoe"
	},
	"elements": [
		{
			"from": [8.38624, 4.5, -2.61376],
			"to": [8.38624, 16.5, 19.38624],
			"rotation": {"angle": 0, "axis": "y", "origin": [8.38624, 0.26668, 8]},
			"faces": {
				"north": {"uv": [0, 0, 0, 5.33333], "texture": "#2"},
				"east": {"uv": [0, 5.33333, 9.77778, 10.66667], "texture": "#2"},
				"south": {"uv": [0, 0, 0, 5.33333], "texture": "#2"},
				"west": {"uv": [0, 0, 9.77778, 5.33333], "texture": "#2"},
				"up": {"uv": [9.77778, 0, 0, 0], "rotation": 270, "texture": "#2"},
				"down": {"uv": [9.77778, 0, 0, 0], "rotation": 90, "texture": "#2"}
			}
		},
		{
			"from": [7.38624, 5.37606, 13.65561],
			"to": [9.38624, 8.37606, 16.65561],
			"rotation": {"angle": -45, "axis": "x", "origin": [8.38624, 0.26668, 8]},
			"faces": {
				"north": {"uv": [1.33333, 10.66667, 2.22222, 12], "texture": "#2"},
				"east": {"uv": [10.66667, 0, 12, 1.33333], "texture": "#2"},
				"south": {"uv": [10.66667, 1.33333, 11.55556, 2.66667], "texture": "#2"},
				"west": {"uv": [0, 10.66667, 1.33333, 12], "texture": "#2"},
				"up": {"uv": [3.55556, 11.55556, 2.22222, 10.66667], "rotation": 270, "texture": "#2"},
				"down": {"uv": [12, 2.66667, 10.66667, 3.55556], "rotation": 90, "texture": "#2"}
			}
		},
		{
			"from": [7.38624, -7.76607, 0.51347],
			"to": [9.38624, -5.76607, 2.51347],
			"rotation": {"angle": -45, "axis": "x", "origin": [8.38624, 0.26668, 8]},
			"faces": {
				"north": {"uv": [10.66667, 3.55556, 11.55556, 4.44444], "texture": "#2"},
				"east": {"uv": [4.44444, 10.66667, 5.33333, 11.55556], "texture": "#2"},
				"south": {"uv": [10.66667, 4.44444, 11.55556, 5.33333], "texture": "#2"},
				"west": {"uv": [3.55556, 10.66667, 4.44444, 11.55556], "texture": "#2"},
				"up": {"uv": [6.22222, 11.55556, 5.33333, 10.66667], "rotation": 270, "texture": "#2"},
				"down": {"uv": [11.55556, 5.33333, 10.66667, 6.22222], "rotation": 90, "texture": "#2"}
			}
		},
		{
			"from": [7.88624, -8.5, 7.88624],
			"to": [8.88624, 8.5, 8.88624],
			"rotation": {"angle": 0, "axis": "y", "origin": [8.38624, 0.26668, 8]},
			"faces": {
				"north": {"uv": [9.77778, 7.55556, 10.22222, 15.11111], "texture": "#2"},
				"east": {"uv": [10.22222, 0, 10.66667, 7.55556], "texture": "#2"},
				"south": {"uv": [10.22222, 7.55556, 10.66667, 15.11111], "texture": "#2"},
				"west": {"uv": [9.77778, 0, 10.22222, 7.55556], "texture": "#2"},
				"up": {"uv": [12.44444, 3.55556, 12, 3.11111], "rotation": 270, "texture": "#2"},
				"down": {"uv": [13.77778, 1.33333, 13.33333, 1.77778], "rotation": 90, "texture": "#2"}
			}
		},
		{
			"from": [7.63624, 5.5, 7.63624],
			"to": [9.13624, 7.5, 9.13624],
			"rotation": {"angle": 0, "axis": "y", "origin": [8.38624, 0.26668, 8]},
			"faces": {
				"north": {"uv": [8, 10.66667, 8.66667, 11.55556], "texture": "#2"},
				"east": {"uv": [10.66667, 8.44444, 11.33333, 9.33333], "texture": "#2"},
				"south": {"uv": [8.88889, 10.66667, 9.55556, 11.55556], "texture": "#2"},
				"west": {"uv": [10.66667, 7.55556, 11.33333, 8.44444], "texture": "#2"},
				"up": {"uv": [12.22222, 10.88889, 11.55556, 10.22222], "rotation": 270, "texture": "#2"},
				"down": {"uv": [12.22222, 11.11111, 11.55556, 11.77778], "rotation": 90, "texture": "#2"}
			}
		},
		{
			"from": [7.63624, 7.75, 7.63624],
			"to": [9.13624, 8.5, 9.13624],
			"rotation": {"angle": 0, "axis": "y", "origin": [8.38624, 0.26668, 8]},
			"faces": {
				"north": {"uv": [12.88889, 8.88889, 13.55556, 9.22222], "texture": "#2"},
				"east": {"uv": [10.66667, 12.88889, 11.33333, 13.22222], "texture": "#2"},
				"south": {"uv": [11.55556, 12.88889, 12.22222, 13.22222], "texture": "#2"},
				"west": {"uv": [12.88889, 8.44444, 13.55556, 8.77778], "texture": "#2"},
				"up": {"uv": [0.66667, 12.66667, 0, 12], "rotation": 270, "texture": "#2"},
				"down": {"uv": [12.66667, 0, 12, 0.66667], "rotation": 90, "texture": "#2"}
			}
		},
		{
			"from": [7.63624, 4.5, 7.63624],
			"to": [9.13624, 5.25, 9.13624],
			"rotation": {"angle": 0, "axis": "y", "origin": [8.38624, 0.26668, 8]},
			"faces": {
				"north": {"uv": [0, 13.33333, 0.66667, 13.66667], "texture": "#2"},
				"east": {"uv": [0.88889, 13.33333, 1.55556, 13.66667], "texture": "#2"},
				"south": {"uv": [13.33333, 0.88889, 14, 1.22222], "texture": "#2"},
				"west": {"uv": [12.44444, 12.88889, 13.11111, 13.22222], "texture": "#2"},
				"up": {"uv": [1.55556, 12.66667, 0.88889, 12], "rotation": 270, "texture": "#2"},
				"down": {"uv": [12.66667, 2.22222, 12, 2.88889], "rotation": 90, "texture": "#2"}
			}
		},
		{
			"from": [7.63624, -8.5, 7.63624],
			"to": [9.13624, -7.75, 9.13624],
			"rotation": {"angle": 0, "axis": "y", "origin": [8.38624, 0.26668, 8]},
			"faces": {
				"north": {"uv": [0, 13.33333, 0.66667, 13.66667], "texture": "#2"},
				"east": {"uv": [0.88889, 13.33333, 1.55556, 13.66667], "texture": "#2"},
				"south": {"uv": [13.33333, 0.88889, 14, 1.22222], "texture": "#2"},
				"west": {"uv": [12.44444, 12.88889, 13.11111, 13.22222], "texture": "#2"},
				"up": {"uv": [1.55556, 12.66667, 0.88889, 12], "rotation": 270, "texture": "#2"},
				"down": {"uv": [12.66667, 2.22222, 12, 2.88889], "rotation": 90, "texture": "#2"}
			}
		},
		{
			"from": [7.63624, -7.5, 7.63624],
			"to": [9.13624, -5.5, 9.13624],
			"rotation": {"angle": 0, "axis": "y", "origin": [8.38624, 0.26668, 8]},
			"faces": {
				"north": {"uv": [13.33333, 5.77778, 14, 6.66667], "texture": "#2"},
				"east": {"uv": [13.33333, 5.77778, 14, 6.66667], "texture": "#2"},
				"south": {"uv": [13.33333, 5.77778, 14, 6.66667], "texture": "#2"},
				"west": {"uv": [13.33333, 5.77778, 14, 6.66667], "texture": "#2"},
				"up": {"uv": [12.22222, 10.88889, 11.55556, 10.22222], "rotation": 270, "texture": "#2"},
				"down": {"uv": [12.22222, 11.11111, 11.55556, 11.77778], "rotation": 90, "texture": "#2"}
			}
		},
		{
			"from": [7.63624, -5.25, 7.63624],
			"to": [9.13624, -4.5, 9.13624],
			"rotation": {"angle": 0, "axis": "y", "origin": [8.38624, 0.26668, 8]},
			"faces": {
				"north": {"uv": [12.88889, 8.88889, 13.55556, 9.22222], "texture": "#2"},
				"east": {"uv": [10.66667, 12.88889, 11.33333, 13.22222], "texture": "#2"},
				"south": {"uv": [11.55556, 12.88889, 12.22222, 13.22222], "texture": "#2"},
				"west": {"uv": [12.88889, 8.44444, 13.55556, 8.77778], "texture": "#2"},
				"up": {"uv": [0.66667, 12.66667, 0, 12], "rotation": 270, "texture": "#2"},
				"down": {"uv": [12.66667, 0, 12, 0.66667], "rotation": 90, "texture": "#2"}
			}
		},
		{
			"from": [8.13624, 4.05786, 17.07503],
			"to": [8.13624, 9.05786, 22.07503],
			"rotation": {"angle": -45, "axis": "x", "origin": [8.38624, 0.26668, 8]},
			"faces": {
				"north": {"uv": [0, 0, 9.77778, 0], "rotation": 90, "texture": "#3"},
				"east": {"uv": [0, 16, 16, 0], "rotation": 90, "texture": "#3"},
				"south": {"uv": [0, 0, 9.77778, 0], "rotation": 90, "texture": "#3"},
				"west": {"uv": [16, 16, 0, 0], "rotation": 270, "texture": "#3"},
				"up": {"uv": [0, 5.33333, 0, 0], "texture": "#3"},
				"down": {"uv": [0, 5.33333, 0, 0], "rotation": 180, "texture": "#3"}
			}
		},
		{
			"from": [8.38624, -14, 8.88624],
			"to": [8.38624, -9, 13.88624],
			"rotation": {"angle": 0, "axis": "y", "origin": [8.38624, 0.26668, 8]},
			"faces": {
				"north": {"uv": [9.77778, 0, 0, 0], "rotation": 270, "texture": "#1"},
				"east": {"uv": [16, 0, 0, 16], "rotation": 270, "texture": "#1"},
				"south": {"uv": [9.77778, 0, 0, 0], "rotation": 270, "texture": "#1"},
				"west": {"uv": [0, 0, 16, 16], "rotation": 90, "texture": "#1"},
				"up": {"uv": [0, 0, 0, 5.33333], "rotation": 180, "texture": "#1"},
				"down": {"uv": [0, 0, 0, 5.33333], "texture": "#1"}
			}
		},
		{
			"from": [8.63624, 4.05786, 17.07503],
			"to": [8.63624, 9.05786, 22.07503],
			"rotation": {"angle": -45, "axis": "x", "origin": [8.38624, 0.26668, 8]},
			"faces": {
				"north": {"uv": [0, 0, 9.77778, 0], "rotation": 90, "texture": "#3"},
				"east": {"uv": [0, 16, 16, 0], "rotation": 90, "texture": "#3"},
				"south": {"uv": [0, 0, 9.77778, 0], "rotation": 90, "texture": "#3"},
				"west": {"uv": [16, 16, 0, 0], "rotation": 270, "texture": "#3"},
				"up": {"uv": [0, 5.33333, 0, 0], "texture": "#3"},
				"down": {"uv": [0, 5.33333, 0, 0], "rotation": 180, "texture": "#3"}
			}
		},
		{
			"from": [7.58624, 11.1815, 10.00397],
			"to": [9.18624, 12.7815, 11.60397],
			"rotation": {"angle": 0, "axis": "z", "origin": [8.38624, 0.26668, 8]},
			"faces": {
				"north": {"uv": [7.77778, 11.11111, 7.11111, 11.77778], "texture": "#2"},
				"east": {"uv": [6.88889, 11.11111, 6.22222, 11.77778], "texture": "#2"},
				"south": {"uv": [11.33333, 10.22222, 10.66667, 10.88889], "texture": "#2"},
				"west": {"uv": [11.33333, 9.33333, 10.66667, 10], "texture": "#2"},
				"up": {"uv": [10.66667, 11.77778, 11.33333, 11.11111], "rotation": 270, "texture": "#2"},
				"down": {"uv": [11.55556, 1.33333, 12.22222, 2], "rotation": 90, "texture": "#2"}
			}
		},
		{
			"from": [7.78624, 10.93302, 1.13909],
			"to": [8.98624, 12.53302, 2.33909],
			"rotation": {"angle": 45, "axis": "x", "origin": [8.38624, 0.26668, 8]},
			"faces": {
				"north": {"uv": [13, 4, 12.44444, 4.66667], "texture": "#2"},
				"east": {"uv": [4.11111, 12.44444, 3.55556, 13.11111], "texture": "#2"},
				"south": {"uv": [13, 3.11111, 12.44444, 3.77778], "texture": "#2"},
				"west": {"uv": [3.22222, 12.44444, 2.66667, 13.11111], "texture": "#2"},
				"up": {"uv": [12.44444, 9.88889, 13, 9.33333], "rotation": 270, "texture": "#2"},
				"down": {"uv": [12.44444, 10.22222, 13, 10.77778], "rotation": 90, "texture": "#2"}
			}
		},
		{
			"from": [7.94624, 12.92743, 11.04647],
			"to": [8.82624, 13.80743, 14.24647],
			"rotation": {"angle": 0, "axis": "z", "origin": [8.38624, 0.26668, 8]},
			"faces": {
				"north": {"uv": [6.22222, 11.55556, 5.77778, 12], "texture": "#2"},
				"east": {"uv": [12.11111, 6.22222, 10.66667, 6.66667], "texture": "#2"},
				"south": {"uv": [12, 2.22222, 11.55556, 2.66667], "texture": "#2"},
				"west": {"uv": [7.66667, 10.66667, 6.22222, 11.11111], "texture": "#2"},
				"up": {"uv": [10.66667, 7.11111, 12.11111, 6.66667], "rotation": 270, "texture": "#2"},
				"down": {"uv": [10.66667, 7.11111, 12.11111, 7.55556], "rotation": 90, "texture": "#2"}
			}
		},
		{
			"from": [8.02624, 9.6457, 18.54242],
			"to": [8.74624, 10.2857, 19.74242],
			"rotation": {"angle": -22.5, "axis": "x", "origin": [8.38624, 0.26668, 8]},
			"faces": {
				"north": {"uv": [13.66667, 4, 13.33333, 4.33333], "texture": "#2"},
				"east": {"uv": [3.66667, 13.33333, 3.11111, 13.66667], "texture": "#2"},
				"south": {"uv": [4.33333, 13.33333, 4, 13.66667], "texture": "#2"},
				"west": {"uv": [2.77778, 13.33333, 2.22222, 13.66667], "texture": "#2"},
				"up": {"uv": [13.33333, 3.44444, 13.88889, 3.11111], "rotation": 270, "texture": "#2"},
				"down": {"uv": [13.33333, 3.55556, 13.88889, 3.88889], "rotation": 90, "texture": "#2"}
			}
		},
		{
			"from": [8.02624, -13.5733, 4.12054],
			"to": [8.74624, -11.5733, 4.76054],
			"rotation": {"angle": -22.5, "axis": "x", "origin": [8.38624, 0.26668, 8]},
			"faces": {
				"north": {"uv": [13.22222, 7.55556, 12.88889, 8.44444], "texture": "#2"},
				"east": {"uv": [7.88889, 12.88889, 7.55556, 13.77778], "texture": "#2"},
				"south": {"uv": [7.44444, 12.88889, 7.11111, 13.77778], "texture": "#2"},
				"west": {"uv": [7, 12.88889, 6.66667, 13.77778], "texture": "#2"},
				"up": {"uv": [5.33333, 13.66667, 5.66667, 13.33333], "rotation": 270, "texture": "#2"},
				"down": {"uv": [13.33333, 5.33333, 13.66667, 5.66667], "rotation": 90, "texture": "#2"}
			}
		},
		{
			"from": [8.02624, -9.59396, 14.60508],
			"to": [8.74624, -8.95396, 16.60508],
			"rotation": {"angle": 22.5, "axis": "x", "origin": [8.38624, 0.26668, 8]},
			"faces": {
				"north": {"uv": [5.66667, 13.33333, 5.33333, 13.66667], "rotation": 270, "texture": "#2"},
				"east": {"uv": [7.55556, 13.77778, 7.88889, 12.88889], "rotation": 270, "texture": "#2"},
				"south": {"uv": [13.66667, 5.66667, 13.33333, 5.33333], "rotation": 270, "texture": "#2"},
				"west": {"uv": [6.66667, 13.77778, 7, 12.88889], "rotation": 90, "texture": "#2"},
				"up": {"uv": [7.11111, 13.77778, 7.44444, 12.88889], "rotation": 180, "texture": "#2"},
				"down": {"uv": [12.88889, 8.44444, 13.22222, 7.55556], "texture": "#2"}
			}
		},
		{
			"from": [7.94624, -11.40181, 5.61287],
			"to": [8.82624, -9.64181, 6.49287],
			"rotation": {"angle": -22.5, "axis": "x", "origin": [8.38624, 0.26668, 8]},
			"faces": {
				"north": {"uv": [9.77778, 12.44444, 9.33333, 13.22222], "texture": "#2"},
				"east": {"uv": [9.33333, 12.44444, 8.88889, 13.22222], "texture": "#2"},
				"south": {"uv": [12.88889, 8.44444, 12.44444, 9.22222], "texture": "#2"},
				"west": {"uv": [8.88889, 12.44444, 8.44444, 13.22222], "texture": "#2"},
				"up": {"uv": [1.77778, 13.77778, 2.22222, 13.33333], "rotation": 270, "texture": "#2"},
				"down": {"uv": [13.33333, 1.77778, 13.77778, 2.22222], "rotation": 90, "texture": "#2"}
			}
		},
		{
			"from": [7.58624, -8.46574, 2.01053],
			"to": [9.18624, -6.86574, 3.61053],
			"rotation": {"angle": -45, "axis": "x", "origin": [8.38624, 0.26668, 8]},
			"faces": {
				"north": {"uv": [12.22222, 12, 11.55556, 12.66667], "texture": "#2"},
				"east": {"uv": [11.33333, 12, 10.66667, 12.66667], "texture": "#2"},
				"south": {"uv": [7.33333, 12, 6.66667, 12.66667], "texture": "#2"},
				"west": {"uv": [6.44444, 12, 5.77778, 12.66667], "texture": "#2"},
				"up": {"uv": [12.44444, 1.55556, 13.11111, 0.88889], "rotation": 270, "texture": "#2"},
				"down": {"uv": [1.77778, 12.44444, 2.44444, 13.11111], "rotation": 90, "texture": "#2"}
			}
		},
		{
			"from": [7.58624, 9.38543, -1.64072],
			"to": [9.18624, 10.98543, -0.04072],
			"rotation": {"angle": 22.5, "axis": "x", "origin": [8.38624, 0.26668, 8]},
			"faces": {
				"north": {"uv": [10.66667, 10.22222, 11.33333, 10.88889], "texture": "#2"},
				"east": {"uv": [6.22222, 11.11111, 6.88889, 11.77778], "texture": "#2"},
				"south": {"uv": [7.11111, 11.11111, 7.77778, 11.77778], "texture": "#2"},
				"west": {"uv": [10.66667, 9.33333, 11.33333, 10], "texture": "#2"},
				"up": {"uv": [11.33333, 11.77778, 10.66667, 11.11111], "rotation": 270, "texture": "#2"},
				"down": {"uv": [12.22222, 1.33333, 11.55556, 2], "rotation": 90, "texture": "#2"}
			}
		},
		{
			"from": [7.94624, 12.19513, 1.75352],
			"to": [8.82624, 13.07513, 4.95352],
			"rotation": {"angle": 0, "axis": "z", "origin": [8.38624, 0.26668, 8]},
			"faces": {
				"north": {"uv": [11.55556, 2.66667, 12, 2.22222], "texture": "#2"},
				"east": {"uv": [10.66667, 6.66667, 12.11111, 6.22222], "texture": "#2"},
				"south": {"uv": [5.77778, 12, 6.22222, 11.55556], "texture": "#2"},
				"west": {"uv": [6.22222, 11.11111, 7.66667, 10.66667], "texture": "#2"},
				"up": {"uv": [12.11111, 7.55556, 10.66667, 7.11111], "rotation": 270, "texture": "#2"},
				"down": {"uv": [12.11111, 6.66667, 10.66667, 7.11111], "rotation": 90, "texture": "#2"}
			}
		},
		{
			"from": [8.02624, 13.77813, 6.00422],
			"to": [8.74624, 14.41813, 7.20422],
			"rotation": {"angle": -22.5, "axis": "x", "origin": [8.38624, 0.26668, 8]},
			"faces": {
				"north": {"uv": [4, 13.66667, 4.33333, 13.33333], "texture": "#2"},
				"east": {"uv": [3.11111, 13.66667, 3.66667, 13.33333], "texture": "#2"},
				"south": {"uv": [13.33333, 4.33333, 13.66667, 4], "texture": "#2"},
				"west": {"uv": [2.22222, 13.66667, 2.77778, 13.33333], "texture": "#2"},
				"up": {"uv": [13.88889, 3.88889, 13.33333, 3.55556], "rotation": 270, "texture": "#2"},
				"down": {"uv": [13.88889, 3.11111, 13.33333, 3.44444], "rotation": 90, "texture": "#2"}
			}
		},
		{
			"from": [7.58624, 10.92151, 9.82069],
			"to": [9.18624, 12.52151, 11.42069],
			"rotation": {"angle": -22.5, "axis": "x", "origin": [8.38624, 0.26668, 8]},
			"faces": {
				"north": {"uv": [11.55556, 7.55556, 12.22222, 8.22222], "texture": "#2"},
				"east": {"uv": [8, 11.55556, 8.66667, 12.22222], "texture": "#2"},
				"south": {"uv": [11.55556, 8.44444, 12.22222, 9.11111], "texture": "#2"},
				"west": {"uv": [11.55556, 5.33333, 12.22222, 6], "texture": "#2"},
				"up": {"uv": [9.55556, 12.22222, 8.88889, 11.55556], "rotation": 270, "texture": "#2"},
				"down": {"uv": [12.22222, 9.33333, 11.55556, 10], "rotation": 90, "texture": "#2"}
			}
		},
		{
			"from": [7.78624, 9.57957, -0.24668],
			"to": [8.98624, 10.77957, 1.35332],
			"rotation": {"angle": 22.5, "axis": "x", "origin": [8.38624, 0.26668, 8]},
			"faces": {
				"north": {"uv": [12.44444, 11.11111, 13, 11.66667], "texture": "#2"},
				"east": {"uv": [12.44444, 4.88889, 13.11111, 5.44444], "texture": "#2"},
				"south": {"uv": [12.44444, 12, 13, 12.55556], "texture": "#2"},
				"west": {"uv": [4.44444, 12.44444, 5.11111, 13], "texture": "#2"},
				"up": {"uv": [13.11111, 6.33333, 12.44444, 5.77778], "rotation": 270, "texture": "#2"},
				"down": {"uv": [13.11111, 6.66667, 12.44444, 7.22222], "rotation": 90, "texture": "#2"}
			}
		}
	],
	"gui_light": "front",
	"display": {
		"thirdperson_righthand": {
			"rotation": [0, 2, 0],
			"translation": [0, 6, 2.5],
			"scale": [0.8, 0.8, 0.8]
		},
		"thirdperson_lefthand": {
			"rotation": [0, 2, 0],
			"translation": [0, 6, 2.5],
			"scale": [0.8, 0.8, 0.8]
		},
		"firstperson_righthand": {
			"rotation": [-19.76, -1.15, -0.46],
			"translation": [5.75, 4, -6.25],
			"scale": [1.24141, 1.24141, 1.24141]
		},
		"firstperson_lefthand": {
			"rotation": [-19.76, -1.15, -0.46],
			"translation": [5.75, 4, -6.25],
			"scale": [1.24141, 1.24141, 1.24141]
		},
		"ground": {
			"rotation": [0, 0, -26],
			"translation": [0, 9, 0],
			"scale": [0.6, 0.6, 0.6]
		},
		"gui": {
			"rotation": [-90, 50, 90],
			"translation": [-1.75, 0.75, -3.25],
			"scale": [0.55859, 0.55859, 0.55859]
		},
		"head": {
			"scale": [0, 0, 0]
		},
		"fixed": {
			"rotation": [0, -90, 0],
			"translation": [-2.75, 10.75, -3.25],
			"scale": [1.67773, 1.67773, 1.67773]
		}
	},
	"groups": [
		{
			"name": "hoe",
			"origin": [8, 8, 8],
			"color": 0,
			"children": [
				0,
				1,
				2,
				3,
				4,
				5,
				6,
				7,
				8,
				9,
				10,
				11,
				12,
				{
					"name": "group",
					"origin": [15.313, 13.33842, 8],
					"color": 0,
					"children": [13, 14, 15, 16, 17, 18, 19, 20]
				},
				{
					"name": "group",
					"origin": [15.313, 13.33842, 8],
					"color": 0,
					"children": [21, 22, 23, 24, 25]
				}
			]
		}
	]
}