{
	"format_version": "1.21.6",
	"credit": "MadewithBlockbench",
	"texture_size": [64, 64],
	"textures": {
		"0": "skins:item/legacy/clown_mask",
		"particle": "skins:item/legacy/clown_mask"
	},
	"elements": [
		{
			"from": [6.5, 9, 10],
			"to": [9.5, 12, 12],
			"faces": {
				"north": {"uv": [5, 8.5, 5.75, 9.25], "texture": "#0"},
				"east": {"uv": [9.25, 4.5, 8.75, 5.25], "texture": "#0"},
				"south": {"uv": [5.75, 8.5, 6.5, 9.25], "texture": "#0"},
				"west": {"uv": [8.75, 4.5, 9.25, 5.25], "texture": "#0"},
				"up": {"uv": [9.5, 9, 8.75, 8.5], "texture": "#0"},
				"down": {"uv": [9.5, 8.5, 8.75, 9], "texture": "#0"}
			}
		},
		{
			"from": [1, 5, 9],
			"to": [15, 11, 10],
			"faces": {
				"north": {"uv": [0, 5, 3.5, 6.5], "texture": "#0"},
				"east": {"uv": [8.75, 0.75, 9, 2.25], "texture": "#0"},
				"south": {"uv": [3.5, 5, 7, 6.5], "texture": "#0"},
				"west": {"uv": [8.75, 2.25, 9, 3.75], "texture": "#0"},
				"up": {"uv": [7, 8.5, 3.5, 8.25], "texture": "#0"},
				"down": {"uv": [10.5, 8.25, 7, 8.5], "texture": "#0"}
			}
		},
		{
			"from": [1, 11, 9],
			"to": [4, 14, 10],
			"faces": {
				"north": {"uv": [6.5, 8.5, 7.25, 9.25], "texture": "#0"},
				"east": {"uv": [3.75, 9.25, 4, 10], "texture": "#0"},
				"south": {"uv": [7.25, 8.5, 8, 9.25], "texture": "#0"},
				"west": {"uv": [9.25, 3.75, 9.5, 4.5], "texture": "#0"},
				"up": {"uv": [4.75, 9.5, 4, 9.25], "texture": "#0"},
				"down": {"uv": [10, 4.5, 9.25, 4.75], "texture": "#0"}
			}
		},
		{
			"from": [12, 11, 9],
			"to": [15, 14, 10],
			"faces": {
				"north": {"uv": [8, 8.5, 8.75, 9.25], "texture": "#0"},
				"east": {"uv": [5.25, 9.25, 5.5, 10], "texture": "#0"},
				"south": {"uv": [8.75, 0, 9.5, 0.75], "texture": "#0"},
				"west": {"uv": [5.5, 9.25, 5.75, 10], "texture": "#0"},
				"up": {"uv": [10, 5, 9.25, 4.75], "texture": "#0"},
				"down": {"uv": [10, 5, 9.25, 5.25], "texture": "#0"}
			}
		},
		{
			"from": [6, 11, 9],
			"to": [10, 14, 10],
			"faces": {
				"north": {"uv": [3, 8.5, 4, 9.25], "texture": "#0"},
				"east": {"uv": [4.75, 9.25, 5, 10], "texture": "#0"},
				"south": {"uv": [4, 8.5, 5, 9.25], "texture": "#0"},
				"west": {"uv": [5, 9.25, 5.25, 10], "texture": "#0"},
				"up": {"uv": [9.75, 6, 8.75, 5.75], "texture": "#0"},
				"down": {"uv": [10, 3.25, 9, 3.5], "texture": "#0"}
			}
		},
		{
			"from": [1, 14, 9],
			"to": [15, 19, 10],
			"faces": {
				"north": {"uv": [0, 6.5, 3.5, 7.75], "texture": "#0"},
				"east": {"uv": [9, 0.75, 9.25, 2], "texture": "#0"},
				"south": {"uv": [3.5, 6.5, 7, 7.75], "texture": "#0"},
				"west": {"uv": [9, 2, 9.25, 3.25], "texture": "#0"},
				"up": {"uv": [10.5, 8.25, 7, 8], "texture": "#0"},
				"down": {"uv": [3.5, 8.25, 0, 8.5], "texture": "#0"}
			}
		},
		{
			"from": [-6, 19, 10],
			"to": [22, 29, 10],
			"faces": {
				"north": {"uv": [7, 2.5, 0, 5], "texture": "#0"},
				"east": {"uv": [0, 0, 0, 2.5], "texture": "#0"},
				"south": {"uv": [0, 2.5, 7, 5], "texture": "#0"},
				"west": {"uv": [0, 0, 0, 2.5], "texture": "#0"},
				"up": {"uv": [7, 0, 0, 0], "texture": "#0"},
				"down": {"uv": [7, 0, 0, 0], "texture": "#0"}
			}
		},
		{
			"from": [-6, 13, 10],
			"to": [1, 19, 10],
			"faces": {
				"north": {"uv": [8.75, 1.5, 7, 3], "texture": "#0"},
				"east": {"uv": [0, 0, 0, 1.5], "texture": "#0"},
				"south": {"uv": [7, 1.5, 8.75, 3], "texture": "#0"},
				"west": {"uv": [0, 0, 0, 1.5], "texture": "#0"},
				"up": {"uv": [1.75, 0, 0, 0], "texture": "#0"},
				"down": {"uv": [1.75, 0, 0, 0], "texture": "#0"}
			}
		},
		{
			"from": [15, 13, 10],
			"to": [22, 19, 10],
			"faces": {
				"north": {"uv": [8.75, 4.5, 7, 6], "texture": "#0"},
				"east": {"uv": [0, 0, 0, 1.5], "texture": "#0"},
				"south": {"uv": [7, 4.5, 8.75, 6], "texture": "#0"},
				"west": {"uv": [0, 0, 0, 1.5], "texture": "#0"},
				"up": {"uv": [1.75, 0, 0, 0], "texture": "#0"},
				"down": {"uv": [1.75, 0, 0, 0], "texture": "#0"}
			}
		},
		{
			"from": [-2, 9, 9],
			"to": [1, 13, 10],
			"faces": {
				"north": {"uv": [0, 8.5, 0.75, 9.5], "texture": "#0"},
				"east": {"uv": [8.75, 9, 9, 10], "texture": "#0"},
				"south": {"uv": [0.75, 8.5, 1.5, 9.5], "texture": "#0"},
				"west": {"uv": [9, 9, 9.25, 10], "texture": "#0"},
				"up": {"uv": [9.75, 3.75, 9, 3.5], "texture": "#0"},
				"down": {"uv": [10, 2.75, 9.25, 3], "texture": "#0"}
			}
		},
		{
			"from": [15, 9, 9],
			"to": [18, 13, 10],
			"faces": {
				"north": {"uv": [1.5, 8.5, 2.25, 9.5], "texture": "#0"},
				"east": {"uv": [9.25, 0.75, 9.5, 1.75], "texture": "#0"},
				"south": {"uv": [2.25, 8.5, 3, 9.5], "texture": "#0"},
				"west": {"uv": [9.25, 1.75, 9.5, 2.75], "texture": "#0"},
				"up": {"uv": [3.75, 9.5, 3, 9.25], "texture": "#0"},
				"down": {"uv": [10, 3, 9.25, 3.25], "texture": "#0"}
			}
		},
		{
			"from": [1, 10, -5],
			"to": [1, 12, 9],
			"faces": {
				"north": {"uv": [0, 0, 0, 0.5], "texture": "#0"},
				"east": {"uv": [7, 7, 10.5, 7.5], "texture": "#0"},
				"south": {"uv": [0, 0, 0, 0.5], "texture": "#0"},
				"west": {"uv": [10.5, 7, 7, 7.5], "texture": "#0"},
				"up": {"uv": [0, 3.5, 0, 0], "texture": "#0"},
				"down": {"uv": [0, 0, 0, 3.5], "texture": "#0"}
			}
		},
		{
			"from": [1, 10, -5],
			"to": [15, 12, -5],
			"faces": {
				"north": {"uv": [7, 7.5, 10.5, 8], "texture": "#0"},
				"east": {"uv": [16, 13, 16, 13.5], "texture": "#0"},
				"south": {"uv": [7, 7.5, 10.5, 8], "texture": "#0"},
				"west": {"uv": [0, 13, 0, 13.5], "texture": "#0"},
				"up": {"uv": [0.25, 0, 3.75, 0], "texture": "#0"},
				"down": {"uv": [0.25, 16, 3.75, 16], "texture": "#0"}
			}
		},
		{
			"from": [15, 10, -5],
			"to": [15, 12, 9],
			"faces": {
				"north": {"uv": [0, 0, 0, 0.5], "texture": "#0"},
				"east": {"uv": [7, 7, 10.5, 7.5], "texture": "#0"},
				"south": {"uv": [0, 0, 0, 0.5], "texture": "#0"},
				"west": {"uv": [10.5, 7, 7, 7.5], "texture": "#0"},
				"up": {"uv": [0, 3.5, 0, 0], "texture": "#0"},
				"down": {"uv": [0, 0, 0, 3.5], "texture": "#0"}
			}
		}
	],
	"gui_light": "front",
	"display": {
		"thirdperson_righthand": {
			"rotation": [-122.76, 1.18, -179.64],
			"scale": [0.25, 0.25, 0.25]
		},
		"thirdperson_lefthand": {
			"rotation": [-122.76, 1.18, -179.64],
			"scale": [0.25, 0.25, 0.25]
		},
		"firstperson_righthand": {
			"scale": [0.44336, 0.44336, 0.44336]
		},
		"firstperson_lefthand": {
			"scale": [0.44336, 0.44336, 0.44336]
		},
		"ground": {
			"translation": [-0.5, 1.5, 1],
			"scale": [0.4043, 0.4043, 0.4043]
		},
		"gui": {
			"translation": [0, -4.75, 0],
			"scale": [0.53516, 0.53516, 0.53516]
		},
		"head": {
			"rotation": [-180, 0, -180],
			"translation": [0, -3.75, -5.5],
			"scale": [0.91977, 0.91977, 0.91977]
		},
		"fixed": {
			"rotation": [0, -180, 0],
			"translation": [0, -4, 0.25],
			"scale": [1.1, 1.112, 1.1]
		}
	},
	"groups": [
		{
			"name": "All",
			"origin": [8, 8, 8],
			"color": 0,
			"children": [
				{
					"name": "Mask",
					"origin": [0, 0, 0],
					"color": 0,
					"children": [0, 1, 2, 3, 4, 5, 6, 7, 8, 9, 10]
				},
				{
					"name": "Strab",
					"origin": [0, 0, 0],
					"color": 0,
					"children": [11, 12, 13]
				}
			]
		}
	]
}