{
	"format_version": "1.21.6",
	"credit": "Made by kron",
	"texture_size": [128, 128],
	"textures": {
		"1": "skins:item/legacy/divinghelmet_2",
		"particle": "skins:item/legacy/divinghelmet_2"
	},
	"elements": [
		{
			"from": [0.38327, 5.10569, 8.53011],
			"to": [2.15423, 6.26795, 10.29705],
			"rotation": {"angle": -45, "axis": "x", "origin": [1.89273, 8.64101, 9.09008]},
			"faces": {
				"north": {"uv": [4.125, 3.5, 4.375, 3.625], "texture": "#1"},
				"east": {"uv": [4.125, 5.375, 4.375, 5.5], "texture": "#1"},
				"south": {"uv": [3.75, 6.125, 4, 6.25], "texture": "#1"},
				"west": {"uv": [6.125, 4.875, 6.375, 5], "texture": "#1"},
				"up": {"uv": [5.25, 2, 5, 1.75], "texture": "#1"},
				"down": {"uv": [5.625, 8, 5.375, 8.25], "texture": "#1"}
			}
		},
		{
			"from": [13.86, 7.32, 1.436],
			"to": [15.116, 10.04, 3.276],
			"rotation": {"angle": 0, "axis": "y", "origin": [0.64, 0.7, 0.64]},
			"faces": {
				"north": {"uv": [7.5, 9.875, 7.6875, 10.1875], "texture": "#1"},
				"east": {"uv": [6.625, 9.5, 6.875, 9.8125], "texture": "#1"},
				"south": {"uv": [9.875, 7.5, 10.0625, 7.8125], "texture": "#1"},
				"west": {"uv": [9.5, 7, 9.75, 7.3125], "texture": "#1"},
				"up": {"uv": [7.9375, 10.125, 7.75, 9.875], "texture": "#1"},
				"down": {"uv": [8.1875, 9.875, 8, 10.125], "texture": "#1"}
			}
		},
		{
			"from": [2.84715, 11.81574, 0.64],
			"to": [13.15285, 13.83974, 2.488],
			"rotation": {"angle": 0, "axis": "y", "origin": [9.52085, -3.08826, 0.64]},
			"faces": {
				"north": {"uv": [6.625, 1, 7.9375, 1.25], "texture": "#1"},
				"east": {"uv": [3.875, 9.25, 4.125, 9.5], "texture": "#1"},
				"south": {"uv": [6.625, 2.125, 7.9375, 2.375], "texture": "#1"},
				"west": {"uv": [9.625, 0.75, 9.875, 1], "texture": "#1"},
				"up": {"uv": [7.9375, 2.625, 6.625, 2.375], "texture": "#1"},
				"down": {"uv": [8.0625, 4.25, 6.75, 4.5], "texture": "#1"}
			}
		},
		{
			"from": [2.84715, 3.46026, 0.732],
			"to": [13.15285, 5.463, 2.388],
			"rotation": {"angle": 0, "axis": "y", "origin": [7.24322, 19.367, 0.548]},
			"faces": {
				"north": {"uv": [6.75, 4.5, 8.0625, 4.75], "texture": "#1"},
				"east": {"uv": [8.375, 9.875, 8.5625, 10.125], "texture": "#1"},
				"south": {"uv": [6.5, 6.75, 7.8125, 7], "texture": "#1"},
				"west": {"uv": [8.875, 9.875, 9.0625, 10.125], "texture": "#1"},
				"up": {"uv": [9.0625, 3.3125, 7.75, 3.125], "texture": "#1"},
				"down": {"uv": [9.1875, 6.75, 7.875, 6.9375], "texture": "#1"}
			}
		},
		{
			"from": [10.93872, 4.39955, 0.632],
			"to": [12.96272, 7.06755, 2.48],
			"rotation": {"angle": 22.5, "axis": "z", "origin": [-3.96528, 10.93155, 0.64]},
			"faces": {
				"north": {"uv": [8.375, 9.5, 8.625, 9.8125], "texture": "#1"},
				"east": {"uv": [9.625, 0, 9.875, 0.3125], "texture": "#1"},
				"south": {"uv": [9.625, 0.375, 9.875, 0.6875], "texture": "#1"},
				"west": {"uv": [9.625, 2, 9.875, 2.3125], "texture": "#1"},
				"up": {"uv": [7.75, 9.875, 7.5, 9.625], "texture": "#1"},
				"down": {"uv": [8, 9.625, 7.75, 9.875], "texture": "#1"}
			}
		},
		{
			"from": [10.93872, 10.23245, 0.632],
			"to": [12.96272, 12.90045, 2.48],
			"rotation": {"angle": -22.5, "axis": "z", "origin": [-3.96528, 6.36845, 0.64]},
			"faces": {
				"north": {"uv": [2.125, 9.625, 2.375, 9.9375], "texture": "#1"},
				"east": {"uv": [2.375, 9.625, 2.625, 9.9375], "texture": "#1"},
				"south": {"uv": [9.625, 2.375, 9.875, 2.6875], "texture": "#1"},
				"west": {"uv": [2.625, 9.625, 2.875, 9.9375], "texture": "#1"},
				"up": {"uv": [8.25, 9.875, 8, 9.625], "texture": "#1"},
				"down": {"uv": [9.125, 9.625, 8.875, 9.875], "texture": "#1"}
			}
		},
		{
			"from": [12.14985, 5.92491, 0.64],
			"to": [14.173, 11.37483, 2.48],
			"rotation": {"angle": 0, "axis": "y", "origin": [-2.75415, 15.23883, 0.64]},
			"faces": {
				"north": {"uv": [3.625, 8.25, 3.875, 8.9375], "texture": "#1"},
				"east": {"uv": [2.25, 8.375, 2.5, 9.0625], "texture": "#1"},
				"south": {"uv": [2.5, 8.375, 2.75, 9.0625], "texture": "#1"},
				"west": {"uv": [2.75, 8.375, 3, 9.0625], "texture": "#1"},
				"up": {"uv": [9.375, 9.875, 9.125, 9.625], "texture": "#1"},
				"down": {"uv": [9.625, 9.625, 9.375, 9.875], "texture": "#1"}
			}
		},
		{
			"from": [3.03728, 4.39955, 0.632],
			"to": [5.06128, 7.06755, 2.48],
			"rotation": {"angle": -22.5, "axis": "z", "origin": [19.96528, 10.93155, 0.64]},
			"faces": {
				"north": {"uv": [2.875, 9.625, 3.125, 9.9375], "texture": "#1"},
				"east": {"uv": [9.625, 2.875, 9.875, 3.1875], "texture": "#1"},
				"south": {"uv": [3.125, 9.625, 3.375, 9.9375], "texture": "#1"},
				"west": {"uv": [9.625, 3.25, 9.875, 3.5625], "texture": "#1"},
				"up": {"uv": [9.875, 9.875, 9.625, 9.625], "texture": "#1"},
				"down": {"uv": [0.75, 9.75, 0.5, 10], "texture": "#1"}
			}
		},
		{
			"from": [1.827, 5.92491, 0.64],
			"to": [3.85015, 11.37483, 2.48],
			"rotation": {"angle": 0, "axis": "y", "origin": [18.75415, 15.23883, 0.64]},
			"faces": {
				"north": {"uv": [6.875, 8.375, 7.125, 9.0625], "texture": "#1"},
				"east": {"uv": [7.125, 8.375, 7.375, 9.0625], "texture": "#1"},
				"south": {"uv": [8.5, 2.125, 8.75, 2.8125], "texture": "#1"},
				"west": {"uv": [3.875, 8.5, 4.125, 9.1875], "texture": "#1"},
				"up": {"uv": [1, 10, 0.75, 9.75], "texture": "#1"},
				"down": {"uv": [1.5, 9.75, 1.25, 10], "texture": "#1"}
			}
		},
		{
			"from": [3.03728, 10.23245, 0.632],
			"to": [5.06128, 12.90045, 2.48],
			"rotation": {"angle": 22.5, "axis": "z", "origin": [19.96528, 6.36845, 0.64]},
			"faces": {
				"north": {"uv": [9.625, 3.625, 9.875, 3.9375], "texture": "#1"},
				"east": {"uv": [4.625, 9.625, 4.875, 9.9375], "texture": "#1"},
				"south": {"uv": [5.375, 9.625, 5.625, 9.9375], "texture": "#1"},
				"west": {"uv": [5.625, 9.625, 5.875, 9.9375], "texture": "#1"},
				"up": {"uv": [1.75, 10, 1.5, 9.75], "texture": "#1"},
				"down": {"uv": [2, 9.75, 1.75, 10], "texture": "#1"}
			}
		},
		{
			"from": [3.4893, 8, -2.54031],
			"to": [12.5107, 14.31985, -1.3],
			"rotation": {"angle": 22.5, "axis": "x", "origin": [0, 0, 0.7]},
			"faces": {
				"north": {"uv": [3.375, 3.625, 4.5, 4.4375], "texture": "#1"},
				"east": {"uv": [4.75, 6.25, 4.875, 7.0625], "texture": "#1"},
				"south": {"uv": [4.125, 2, 5.25, 2.8125], "texture": "#1"},
				"west": {"uv": [8.75, 8.875, 8.875, 9.6875], "texture": "#1"},
				"up": {"uv": [9.625, 3, 8.5, 2.875], "texture": "#1"},
				"down": {"uv": [9.625, 3, 8.5, 3.125], "texture": "#1"}
			}
		},
		{
			"from": [3.4893, 2.94225, -2.54031],
			"to": [12.5107, 9.2621, -1.3],
			"rotation": {"angle": -22.5, "axis": "x", "origin": [0, 17.2621, 0.7]},
			"faces": {
				"north": {"uv": [4.5, 2.875, 5.625, 3.6875], "texture": "#1"},
				"east": {"uv": [1.125, 9, 1.25, 9.8125], "texture": "#1"},
				"south": {"uv": [3.375, 4.5, 4.5, 5.3125], "texture": "#1"},
				"west": {"uv": [4.5, 9, 4.625, 9.8125], "texture": "#1"},
				"up": {"uv": [9.75, 4.625, 8.625, 4.5], "texture": "#1"},
				"down": {"uv": [9.75, 8.25, 8.625, 8.375], "texture": "#1"}
			}
		},
		{
			"from": [6.77833, 4.27012, -1.68122],
			"to": [7.32167, 4.97012, 0.51878],
			"rotation": {"angle": 22.5, "axis": "x", "origin": [6.22167, 2.97012, -0.58122]},
			"faces": {
				"north": {"uv": [4.375, 3.5, 4.4375, 3.5625], "texture": "#1"},
				"east": {"uv": [10.25, 1.125, 10.5, 1.1875], "texture": "#1"},
				"south": {"uv": [4.375, 5.375, 4.4375, 5.4375], "texture": "#1"},
				"west": {"uv": [1.25, 10.25, 1.5, 10.3125], "texture": "#1"},
				"up": {"uv": [0.9375, 10.5, 0.875, 10.25], "texture": "#1"},
				"down": {"uv": [10.3125, 1.25, 10.25, 1.5], "texture": "#1"}
			}
		},
		{
			"from": [6.77833, 13.79846, 5.78111],
			"to": [7.32167, 14.49846, 7.98111],
			"rotation": {"angle": -22.5, "axis": "x", "origin": [6.22167, -3.70154, 6.88111]},
			"faces": {
				"north": {"uv": [4, 6.125, 4.0625, 6.1875], "texture": "#1"},
				"east": {"uv": [1.5, 10.25, 1.75, 10.3125], "texture": "#1"},
				"south": {"uv": [6.375, 4.875, 6.4375, 4.9375], "texture": "#1"},
				"west": {"uv": [10.25, 1.625, 10.5, 1.6875], "texture": "#1"},
				"up": {"uv": [1.8125, 10.5, 1.75, 10.25], "texture": "#1"},
				"down": {"uv": [10.3125, 1.75, 10.25, 2], "texture": "#1"}
			}
		},
		{
			"from": [6.77833, 4.59211, -1.1],
			"to": [7.32167, 12.69211, -0.4],
			"rotation": {"angle": 0, "axis": "y", "origin": [6.22167, -9.40789, 6.1]},
			"faces": {
				"north": {"uv": [8.25, 9.625, 8.3125, 10.625], "texture": "#1"},
				"east": {"uv": [2, 9.75, 2.0625, 10.75], "texture": "#1"},
				"south": {"uv": [3.375, 9.75, 3.4375, 10.75], "texture": "#1"},
				"west": {"uv": [3.5, 9.75, 3.5625, 10.75], "texture": "#1"},
				"up": {"uv": [7.3125, 5.8125, 7.25, 5.75], "texture": "#1"},
				"down": {"uv": [0.3125, 7.625, 0.25, 7.6875], "texture": "#1"}
			}
		},
		{
			"from": [9.17833, 13.79846, 5.78111],
			"to": [9.72167, 14.49846, 7.98111],
			"rotation": {"angle": -22.5, "axis": "x", "origin": [8.82167, -3.70154, 6.88111]},
			"faces": {
				"north": {"uv": [4.375, 8, 4.4375, 8.0625], "texture": "#1"},
				"east": {"uv": [10.25, 2, 10.5, 2.0625], "texture": "#1"},
				"south": {"uv": [8.125, 0.5, 8.1875, 0.5625], "texture": "#1"},
				"west": {"uv": [2.125, 10.25, 2.375, 10.3125], "texture": "#1"},
				"up": {"uv": [1.9375, 10.5, 1.875, 10.25], "texture": "#1"},
				"down": {"uv": [10.3125, 2.125, 10.25, 2.375], "texture": "#1"}
			}
		},
		{
			"from": [9.17833, 4.59211, -1.1],
			"to": [9.72167, 12.69211, -0.4],
			"rotation": {"angle": 0, "axis": "y", "origin": [8.82167, -9.40789, 6.1]},
			"faces": {
				"north": {"uv": [3.625, 9.75, 3.6875, 10.75], "texture": "#1"},
				"east": {"uv": [3.75, 9.75, 3.8125, 10.75], "texture": "#1"},
				"south": {"uv": [3.875, 9.75, 3.9375, 10.75], "texture": "#1"},
				"west": {"uv": [4, 9.75, 4.0625, 10.75], "texture": "#1"},
				"up": {"uv": [8.1875, 4.6875, 8.125, 4.625], "texture": "#1"},
				"down": {"uv": [8.6875, 0.375, 8.625, 0.4375], "texture": "#1"}
			}
		},
		{
			"from": [9.17833, 4.27012, -1.68122],
			"to": [9.72167, 4.97012, 0.51878],
			"rotation": {"angle": 22.5, "axis": "x", "origin": [8.82167, 2.97012, -0.58122]},
			"faces": {
				"north": {"uv": [3, 8.625, 3.0625, 8.6875], "texture": "#1"},
				"east": {"uv": [2.375, 10.25, 2.625, 10.3125], "texture": "#1"},
				"south": {"uv": [8.75, 1.125, 8.8125, 1.1875], "texture": "#1"},
				"west": {"uv": [10.25, 2.375, 10.5, 2.4375], "texture": "#1"},
				"up": {"uv": [10.3125, 2.75, 10.25, 2.5], "texture": "#1"},
				"down": {"uv": [2.6875, 10.25, 2.625, 10.5], "texture": "#1"}
			}
		},
		{
			"from": [11.37833, 4.27012, -1.68122],
			"to": [11.92167, 4.97012, 0.51878],
			"rotation": {"angle": 22.5, "axis": "x", "origin": [10.82167, 2.97012, -0.58122]},
			"faces": {
				"north": {"uv": [8.75, 5.75, 8.8125, 5.8125], "texture": "#1"},
				"east": {"uv": [2.75, 10.25, 3, 10.3125], "texture": "#1"},
				"south": {"uv": [0.75, 8.875, 0.8125, 8.9375], "texture": "#1"},
				"west": {"uv": [10.25, 2.75, 10.5, 2.8125], "texture": "#1"},
				"up": {"uv": [3.0625, 10.5, 3, 10.25], "texture": "#1"},
				"down": {"uv": [3.1875, 10.25, 3.125, 10.5], "texture": "#1"}
			}
		},
		{
			"from": [11.37833, 13.69846, 5.78111],
			"to": [11.92167, 14.39846, 7.98111],
			"rotation": {"angle": -22.5, "axis": "x", "origin": [10.82167, -3.80154, 6.88111]},
			"faces": {
				"north": {"uv": [1.75, 8.875, 1.8125, 8.9375], "texture": "#1"},
				"east": {"uv": [10.25, 3.125, 10.5, 3.1875], "texture": "#1"},
				"south": {"uv": [2.125, 9, 2.1875, 9.0625], "texture": "#1"},
				"west": {"uv": [10.25, 3.25, 10.5, 3.3125], "texture": "#1"},
				"up": {"uv": [3.3125, 10.5, 3.25, 10.25], "texture": "#1"},
				"down": {"uv": [10.3125, 3.375, 10.25, 3.625], "texture": "#1"}
			}
		},
		{
			"from": [11.37833, 4.59211, -1.1],
			"to": [11.92167, 12.59211, -0.4],
			"rotation": {"angle": 0, "axis": "y", "origin": [10.82167, -10.60789, 6.1]},
			"faces": {
				"north": {"uv": [4.125, 9.75, 4.1875, 10.75], "texture": "#1"},
				"east": {"uv": [8.75, 9.75, 8.8125, 10.75], "texture": "#1"},
				"south": {"uv": [0, 9.875, 0.0625, 10.875], "texture": "#1"},
				"west": {"uv": [9.875, 0, 9.9375, 1], "texture": "#1"},
				"up": {"uv": [9.1875, 0.3125, 9.125, 0.25], "texture": "#1"},
				"down": {"uv": [9.1875, 2, 9.125, 2.0625], "texture": "#1"}
			}
		},
		{
			"from": [4.07833, 13.69846, 5.78111],
			"to": [4.62167, 14.39846, 7.98111],
			"rotation": {"angle": -22.5, "axis": "x", "origin": [3.72167, -3.80154, 6.88111]},
			"faces": {
				"north": {"uv": [9.25, 1, 9.3125, 1.0625], "texture": "#1"},
				"east": {"uv": [10.25, 3.625, 10.5, 3.6875], "texture": "#1"},
				"south": {"uv": [9.25, 5.625, 9.3125, 5.6875], "texture": "#1"},
				"west": {"uv": [10.25, 3.75, 10.5, 3.8125], "texture": "#1"},
				"up": {"uv": [10.3125, 4.125, 10.25, 3.875], "texture": "#1"},
				"down": {"uv": [10.3125, 4.125, 10.25, 4.375], "texture": "#1"}
			}
		},
		{
			"from": [4.07833, 4.59211, -1.1],
			"to": [4.62167, 12.59211, -0.4],
			"rotation": {"angle": 0, "axis": "y", "origin": [3.72167, -10.60789, 6.1]},
			"faces": {
				"north": {"uv": [0.125, 9.875, 0.1875, 10.875], "texture": "#1"},
				"east": {"uv": [0.25, 9.875, 0.3125, 10.875], "texture": "#1"},
				"south": {"uv": [0.375, 9.875, 0.4375, 10.875], "texture": "#1"},
				"west": {"uv": [1.125, 9.875, 1.1875, 10.875], "texture": "#1"},
				"up": {"uv": [3.4375, 9.4375, 3.375, 9.375], "texture": "#1"},
				"down": {"uv": [8.4375, 9.375, 8.375, 9.4375], "texture": "#1"}
			}
		},
		{
			"from": [4.07833, 4.27012, -1.68122],
			"to": [4.62167, 4.97012, 0.51878],
			"rotation": {"angle": 22.5, "axis": "x", "origin": [5.17833, 2.97012, -0.58122]},
			"faces": {
				"north": {"uv": [9.625, 6.625, 9.6875, 6.6875], "texture": "#1"},
				"east": {"uv": [10.25, 4.375, 10.5, 4.4375], "texture": "#1"},
				"south": {"uv": [9.75, 4.5, 9.8125, 4.5625], "texture": "#1"},
				"west": {"uv": [10.25, 4.5, 10.5, 4.5625], "texture": "#1"},
				"up": {"uv": [4.6875, 10.5, 4.625, 10.25], "texture": "#1"},
				"down": {"uv": [10.3125, 4.625, 10.25, 4.875], "texture": "#1"}
			}
		},
		{
			"from": [4.78616, 13.71132, 2.51],
			"to": [11.21384, 16.13132, 15.5],
			"rotation": {"angle": 0, "axis": "y", "origin": [8.90384, -4.10868, 2.4]},
			"faces": {
				"north": {"uv": [7.5, 5.875, 8.3125, 6.1875], "texture": "#1"},
				"east": {"uv": [4.875, 5.5, 6.5, 5.8125], "texture": "#1"},
				"south": {"uv": [7.875, 3.75, 8.6875, 4.0625], "texture": "#1"},
				"west": {"uv": [0, 5.625, 1.625, 5.9375], "texture": "#1"},
				"up": {"uv": [4.0625, 3.625, 3.25, 2], "texture": "#1"},
				"down": {"uv": [0.8125, 3.625, 0, 5.25], "texture": "#1"}
			}
		},
		{
			"from": [0.61924, 5.44718, 2.5],
			"to": [3.03823, 13.56339, 15.6],
			"rotation": {"angle": 0, "axis": "y", "origin": [20.85823, 16.58339, 2.4]},
			"faces": {
				"north": {"uv": [1.125, 6.625, 1.4375, 7.625], "texture": "#1"},
				"east": {"uv": [0, 1.625, 1.625, 2.625], "texture": "#1"},
				"south": {"uv": [3.125, 6.75, 3.4375, 7.75], "texture": "#1"},
				"west": {"uv": [1.625, 1.625, 3.25, 2.625], "texture": "#1"},
				"up": {"uv": [1.9375, 7.25, 1.625, 5.625], "texture": "#1"},
				"down": {"uv": [2.3125, 5.75, 2, 7.375], "texture": "#1"}
			}
		},
		{
			"from": [2.2859, 1.4235, 2.4],
			"to": [13.7141, 3.69924, 15.6],
			"rotation": {"angle": 0, "axis": "y", "origin": [7.09515, 21.51924, 2.29]},
			"faces": {
				"north": {"uv": [5.625, 3.375, 7.0625, 3.6875], "texture": "#1"},
				"east": {"uv": [5.625, 2.625, 7.25, 2.9375], "texture": "#1"},
				"south": {"uv": [6, 5.875, 7.4375, 6.1875], "texture": "#1"},
				"west": {"uv": [5.625, 3, 7.25, 3.3125], "texture": "#1"},
				"up": {"uv": [1.4375, 1.625, 0, 0], "texture": "#1"},
				"down": {"uv": [2.9375, 0, 1.5, 1.625], "texture": "#1"}
			}
		},
		{
			"from": [11.51268, 9.43199, 2.4],
			"to": [13.93268, 13.78719, 15.6],
			"rotation": {"angle": -22.5, "axis": "z", "origin": [-6.30732, 5.97719, 2.29]},
			"faces": {
				"north": {"uv": [4.125, 2.875, 4.4375, 3.4375], "texture": "#1"},
				"east": {"uv": [4.5, 3.75, 6.125, 4.3125], "texture": "#1"},
				"south": {"uv": [0.5, 8.25, 0.8125, 8.8125], "texture": "#1"},
				"west": {"uv": [4.5, 4.375, 6.125, 4.9375], "texture": "#1"},
				"up": {"uv": [2.6875, 7.375, 2.375, 5.75], "texture": "#1"},
				"down": {"uv": [3.0625, 5.75, 2.75, 7.375], "texture": "#1"}
			}
		},
		{
			"from": [12.96177, 5.44718, 2.5],
			"to": [15.38076, 13.56339, 15.6],
			"rotation": {"angle": 0, "axis": "y", "origin": [-4.85823, 16.58339, 2.4]},
			"faces": {
				"north": {"uv": [7, 4.75, 7.3125, 5.75], "texture": "#1"},
				"east": {"uv": [0, 2.625, 1.625, 3.625], "texture": "#1"},
				"south": {"uv": [6.5, 7, 6.8125, 8], "texture": "#1"},
				"west": {"uv": [1.625, 2.625, 3.25, 3.625], "texture": "#1"},
				"up": {"uv": [5.1875, 7.5, 4.875, 5.875], "texture": "#1"},
				"down": {"uv": [5.5625, 5.875, 5.25, 7.5], "texture": "#1"}
			}
		},
		{
			"from": [3.82, 17.02, 2.4],
			"to": [8.65244, 18.66215, 15.6],
			"rotation": {"angle": -22.5, "axis": "z", "origin": [-0.8, -0.8, 2.4]},
			"faces": {
				"north": {"uv": [9.125, 4.125, 9.75, 4.3125], "texture": "#1"},
				"east": {"uv": [7.25, 6.25, 8.875, 6.4375], "texture": "#1"},
				"south": {"uv": [9.125, 5.125, 9.75, 5.3125], "texture": "#1"},
				"west": {"uv": [7.25, 6.5, 8.875, 6.6875], "texture": "#1"},
				"up": {"uv": [1.5, 5.25, 0.875, 3.625], "texture": "#1"},
				"down": {"uv": [2.125, 3.625, 1.5, 5.25], "texture": "#1"}
			}
		},
		{
			"from": [14.49641, 0.79719, 3.07905],
			"to": [18.01641, 4.08719, 8.56905],
			"rotation": {"angle": -22.5, "axis": "y", "origin": [-6.32359, 6.17719, 7.26905]},
			"faces": {
				"north": {"uv": [5.375, 8.25, 5.8125, 8.6875], "texture": "#1"},
				"east": {"uv": [2.375, 7.375, 3.0625, 7.8125], "texture": "#1"},
				"south": {"uv": [8.25, 5.375, 8.6875, 5.8125], "texture": "#1"},
				"west": {"uv": [4.875, 7.5, 5.5625, 7.9375], "texture": "#1"},
				"up": {"uv": [7.8125, 8.1875, 7.375, 7.5], "texture": "#1"},
				"down": {"uv": [1.3125, 7.625, 0.875, 8.3125], "texture": "#1"}
			}
		},
		{
			"from": [14.24709, 0.79719, 6.22251],
			"to": [17.76709, 3.98719, 12.71251],
			"rotation": {"angle": 0, "axis": "y", "origin": [-6.57291, 6.17719, 20.41251]},
			"faces": {
				"north": {"uv": [8.375, 1.25, 8.8125, 1.625], "texture": "#1"},
				"east": {"uv": [7.375, 0.625, 8.1875, 1], "texture": "#1"},
				"south": {"uv": [8.375, 5.875, 8.8125, 6.25], "texture": "#1"},
				"west": {"uv": [7.375, 4.75, 8.1875, 5.125], "texture": "#1"},
				"up": {"uv": [4.1875, 7.0625, 3.75, 6.25], "texture": "#1"},
				"down": {"uv": [4.6875, 6.25, 4.25, 7.0625], "texture": "#1"}
			}
		},
		{
			"from": [12.69641, -0.18484, 4.08149],
			"to": [16.81641, 3.20516, 6.57149],
			"rotation": {"angle": -45, "axis": "x", "origin": [6.37641, 1.19516, 5.48149]},
			"faces": {
				"north": {"uv": [8, 2.125, 8.5, 2.5625], "texture": "#1"},
				"east": {"uv": [0.75, 9, 1.0625, 9.4375], "texture": "#1"},
				"south": {"uv": [4.875, 8, 5.375, 8.4375], "texture": "#1"},
				"west": {"uv": [1.75, 9, 2.0625, 9.4375], "texture": "#1"},
				"up": {"uv": [9.125, 0.3125, 8.625, 0], "texture": "#1"},
				"down": {"uv": [4.625, 8.625, 4.125, 8.9375], "texture": "#1"}
			}
		},
		{
			"from": [12.79641, 0.99719, 4.83095],
			"to": [16.71641, 3.38719, 7.32095],
			"rotation": {"angle": 0, "axis": "y", "origin": [-6.62359, 5.37719, 17.23095]},
			"faces": {
				"north": {"uv": [8.625, 4.125, 9.125, 4.4375], "texture": "#1"},
				"east": {"uv": [9.25, 0.25, 9.5625, 0.5625], "texture": "#1"},
				"south": {"uv": [8.625, 7.5, 9.125, 7.8125], "texture": "#1"},
				"west": {"uv": [9.25, 0.625, 9.5625, 0.9375], "texture": "#1"},
				"up": {"uv": [9.125, 8.1875, 8.625, 7.875], "texture": "#1"},
				"down": {"uv": [0.5, 8.75, 0, 9.0625], "texture": "#1"}
			}
		},
		{
			"from": [12.79641, -0.7706, 0.58026],
			"to": [16.71641, 1.62649, 5.46735],
			"rotation": {"angle": 0, "axis": "y", "origin": [-6.62359, 5.41649, 17.28026]},
			"faces": {
				"north": {"uv": [8.75, 0.375, 9.25, 0.6875], "texture": "#1"},
				"east": {"uv": [8.125, 3.375, 8.75, 3.6875], "texture": "#1"},
				"south": {"uv": [8.75, 0.75, 9.25, 1.0625], "texture": "#1"},
				"west": {"uv": [8.25, 1.75, 8.875, 2.0625], "texture": "#1"},
				"up": {"uv": [7.375, 7.625, 6.875, 7], "texture": "#1"},
				"down": {"uv": [0.875, 7.125, 0.375, 7.75], "texture": "#1"}
			}
		},
		{
			"from": [8.0418, -1.00281, -0.57592],
			"to": [13.5318, 2.38719, 3.34408],
			"rotation": {"angle": 0, "axis": "y", "origin": [-0.5582, 2.37719, 13.76408]},
			"faces": {
				"north": {"uv": [0, 7.75, 0.6875, 8.1875], "texture": "#1"},
				"east": {"uv": [6.375, 8, 6.875, 8.4375], "texture": "#1"},
				"south": {"uv": [7.75, 2.625, 8.4375, 3.0625], "texture": "#1"},
				"west": {"uv": [8.125, 4.125, 8.625, 4.5625], "texture": "#1"},
				"up": {"uv": [7.0625, 0.5, 6.375, 0], "texture": "#1"},
				"down": {"uv": [7.1875, 6.25, 6.5, 6.75], "texture": "#1"}
			}
		},
		{
			"from": [-0.71641, -0.7706, 0.58026],
			"to": [3.20359, 1.62649, 5.46735],
			"rotation": {"angle": 0, "axis": "y", "origin": [22.62359, 5.41649, 17.28026]},
			"faces": {
				"north": {"uv": [8.75, 2.125, 9.25, 2.4375], "texture": "#1"},
				"east": {"uv": [8.25, 4.625, 8.875, 4.9375], "texture": "#1"},
				"south": {"uv": [8.75, 2.5, 9.25, 2.8125], "texture": "#1"},
				"west": {"uv": [8.25, 5, 8.875, 5.3125], "texture": "#1"},
				"up": {"uv": [4, 7.75, 3.5, 7.125], "texture": "#1"},
				"down": {"uv": [4.5, 7.125, 4, 7.75], "texture": "#1"}
			}
		},
		{
			"from": [-0.71641, 0.99719, 4.83095],
			"to": [3.20359, 3.38719, 7.32095],
			"rotation": {"angle": 0, "axis": "y", "origin": [22.62359, 5.37719, 17.23095]},
			"faces": {
				"north": {"uv": [3, 8.75, 3.5, 9.0625], "texture": "#1"},
				"east": {"uv": [9.25, 2, 9.5625, 2.3125], "texture": "#1"},
				"south": {"uv": [8.75, 3.375, 9.25, 3.6875], "texture": "#1"},
				"west": {"uv": [9.25, 2.375, 9.5625, 2.6875], "texture": "#1"},
				"up": {"uv": [9.25, 4.0625, 8.75, 3.75], "texture": "#1"},
				"down": {"uv": [5.875, 8.75, 5.375, 9.0625], "texture": "#1"}
			}
		},
		{
			"from": [-0.81641, -0.18484, 4.08149],
			"to": [3.30359, 3.20516, 6.57149],
			"rotation": {"angle": -45, "axis": "x", "origin": [9.62359, 1.19516, 5.48149]},
			"faces": {
				"north": {"uv": [4.375, 8.125, 4.875, 8.5625], "texture": "#1"},
				"east": {"uv": [3.5, 9, 3.8125, 9.4375], "texture": "#1"},
				"south": {"uv": [0, 8.25, 0.5, 8.6875], "texture": "#1"},
				"west": {"uv": [4.125, 9, 4.4375, 9.4375], "texture": "#1"},
				"up": {"uv": [9.25, 5.6875, 8.75, 5.375], "texture": "#1"},
				"down": {"uv": [6.375, 8.75, 5.875, 9.0625], "texture": "#1"}
			}
		},
		{
			"from": [2.4682, -1.00281, -0.57592],
			"to": [7.9582, 2.38719, 3.34408],
			"rotation": {"angle": 0, "axis": "y", "origin": [16.5582, 2.37719, 13.76408]},
			"faces": {
				"north": {"uv": [3.125, 7.75, 3.8125, 8.1875], "texture": "#1"},
				"east": {"uv": [8.25, 0.5, 8.75, 0.9375], "texture": "#1"},
				"south": {"uv": [5.625, 7.75, 6.3125, 8.1875], "texture": "#1"},
				"west": {"uv": [3.125, 8.25, 3.625, 8.6875], "texture": "#1"},
				"up": {"uv": [1.0625, 7.125, 0.375, 6.625], "texture": "#1"},
				"down": {"uv": [7.3125, 0.5, 6.625, 1], "texture": "#1"}
			}
		},
		{
			"from": [13.7418, 5.59719, 0.42408],
			"to": [15.9318, 10.59719, 5.42408],
			"rotation": {"angle": -22.5, "axis": "x", "origin": [-1.9582, 2.37719, 13.76408]},
			"faces": {
				"north": {"uv": [3, 1, 3.25, 1.625], "texture": "#1"},
				"east": {"uv": [0.375, 6, 1, 6.625], "texture": "#1"},
				"south": {"uv": [4.625, 8.625, 4.875, 9.25], "texture": "#1"},
				"west": {"uv": [1, 6, 1.625, 6.625], "texture": "#1"},
				"up": {"uv": [7.625, 9.375, 7.375, 8.75], "texture": "#1"},
				"down": {"uv": [7.875, 8.75, 7.625, 9.375], "texture": "#1"}
			}
		},
		{
			"from": [10.89641, 2.2294, 0.58026],
			"to": [14.81641, 3.42649, 5.46735],
			"rotation": {"angle": 0, "axis": "y", "origin": [-8.02359, 5.41649, 17.28026]},
			"faces": {
				"north": {"uv": [7.25, 3.25, 7.75, 3.375], "texture": "#1"},
				"east": {"uv": [9.5, 6.375, 10.125, 6.5], "texture": "#1"},
				"south": {"uv": [8.375, 1.625, 8.875, 1.75], "texture": "#1"},
				"west": {"uv": [9.5, 6.5, 10.125, 6.625], "texture": "#1"},
				"up": {"uv": [6.5, 7.75, 6, 7.125], "texture": "#1"},
				"down": {"uv": [2, 7.25, 1.5, 7.875], "texture": "#1"}
			}
		},
		{
			"from": [1.18359, 2.2294, 0.58026],
			"to": [5.10359, 3.42649, 5.46735],
			"rotation": {"angle": 0, "axis": "y", "origin": [24.02359, 5.41649, 17.28026]},
			"faces": {
				"north": {"uv": [9.5, 8.5, 10, 8.625], "texture": "#1"},
				"east": {"uv": [9.5, 7.375, 10.125, 7.5], "texture": "#1"},
				"south": {"uv": [9.625, 4, 10.125, 4.125], "texture": "#1"},
				"west": {"uv": [9.5, 8.375, 10.125, 8.5], "texture": "#1"},
				"up": {"uv": [7.75, 3.25, 7.25, 2.625], "texture": "#1"},
				"down": {"uv": [7.875, 0, 7.375, 0.625], "texture": "#1"}
			}
		},
		{
			"from": [4.98359, 2.2294, -0.41974],
			"to": [10.90359, 3.42649, 5.46735],
			"rotation": {"angle": 0, "axis": "y", "origin": [24.02359, 5.41649, 17.28026]},
			"faces": {
				"north": {"uv": [6.5, 5.75, 7.25, 5.875], "texture": "#1"},
				"east": {"uv": [8.875, 6.625, 9.625, 6.75], "texture": "#1"},
				"south": {"uv": [9.125, 1.625, 9.875, 1.75], "texture": "#1"},
				"west": {"uv": [9.125, 4.375, 9.875, 4.5], "texture": "#1"},
				"up": {"uv": [4.125, 6.125, 3.375, 5.375], "texture": "#1"},
				"down": {"uv": [4.875, 5.5, 4.125, 6.25], "texture": "#1"}
			}
		},
		{
			"from": [0.0682, 5.59719, 0.42408],
			"to": [2.2582, 10.59719, 5.42408],
			"rotation": {"angle": -22.5, "axis": "x", "origin": [17.9582, 2.37719, 13.76408]},
			"faces": {
				"north": {"uv": [0.5, 8.875, 0.75, 9.5], "texture": "#1"},
				"east": {"uv": [3.125, 6.125, 3.75, 6.75], "texture": "#1"},
				"south": {"uv": [8.875, 1.125, 9.125, 1.75], "texture": "#1"},
				"west": {"uv": [6.125, 4.25, 6.75, 4.875], "texture": "#1"},
				"up": {"uv": [1.5, 9.5, 1.25, 8.875], "texture": "#1"},
				"down": {"uv": [1.75, 8.875, 1.5, 9.5], "texture": "#1"}
			}
		},
		{
			"from": [-2.01641, 0.79719, 3.07905],
			"to": [1.50359, 4.08719, 8.56905],
			"rotation": {"angle": 22.5, "axis": "y", "origin": [22.32359, 6.17719, 7.26905]},
			"faces": {
				"north": {"uv": [5.875, 8.25, 6.3125, 8.6875], "texture": "#1"},
				"east": {"uv": [7.875, 0, 8.5625, 0.4375], "texture": "#1"},
				"south": {"uv": [7.375, 8.25, 7.8125, 8.6875], "texture": "#1"},
				"west": {"uv": [2.375, 7.875, 3.0625, 8.3125], "texture": "#1"},
				"up": {"uv": [7.3125, 8.3125, 6.875, 7.625], "texture": "#1"},
				"down": {"uv": [4.3125, 7.75, 3.875, 8.4375], "texture": "#1"}
			}
		},
		{
			"from": [-1.76709, 0.79719, 6.22251],
			"to": [1.75291, 3.98719, 12.71251],
			"rotation": {"angle": 0, "axis": "y", "origin": [22.57291, 6.17719, 20.41251]},
			"faces": {
				"north": {"uv": [4.875, 8.5, 5.3125, 8.875], "texture": "#1"},
				"east": {"uv": [7.375, 5.125, 8.1875, 5.5], "texture": "#1"},
				"south": {"uv": [6.375, 8.5, 6.8125, 8.875], "texture": "#1"},
				"west": {"uv": [7.375, 5.5, 8.1875, 5.875], "texture": "#1"},
				"up": {"uv": [6.4375, 7.0625, 6, 6.25], "texture": "#1"},
				"down": {"uv": [6.9375, 4.875, 6.5, 5.6875], "texture": "#1"}
			}
		},
		{
			"from": [16.17833, 7.29211, 10.5],
			"to": [16.92167, 11.39211, 11.2],
			"rotation": {"angle": 0, "axis": "y", "origin": [15.17311, 9.09085, 9.00321]},
			"faces": {
				"north": {"uv": [6.25, 10, 6.3125, 10.5], "texture": "#1"},
				"east": {"uv": [10, 7.875, 10.0625, 8.375], "texture": "#1"},
				"south": {"uv": [10, 8.5, 10.0625, 9], "texture": "#1"},
				"west": {"uv": [1, 10.125, 1.0625, 10.625], "texture": "#1"},
				"up": {"uv": [9.9375, 1.6875, 9.875, 1.625], "texture": "#1"},
				"down": {"uv": [5.3125, 9.875, 5.25, 9.9375], "texture": "#1"}
			}
		},
		{
			"from": [7.34756, 17.02, 2.4],
			"to": [12.18, 18.66215, 15.6],
			"rotation": {"angle": 22.5, "axis": "z", "origin": [16.8, -0.8, 2.4]},
			"faces": {
				"north": {"uv": [9.125, 7.5, 9.75, 7.6875], "texture": "#1"},
				"east": {"uv": [7.375, 7, 9, 7.1875], "texture": "#1"},
				"south": {"uv": [9.125, 7.75, 9.75, 7.9375], "texture": "#1"},
				"west": {"uv": [7.375, 7.25, 9, 7.4375], "texture": "#1"},
				"up": {"uv": [2.75, 5.25, 2.125, 3.625], "texture": "#1"},
				"down": {"uv": [3.375, 3.625, 2.75, 5.25], "texture": "#1"}
			}
		},
		{
			"from": [12.58229, 11.21117, 10.5],
			"to": [14.78229, 11.9545, 11.2],
			"rotation": {"angle": -45, "axis": "z", "origin": [15.17311, 9.09085, 9.00321]},
			"faces": {
				"north": {"uv": [10.25, 5, 10.5, 5.0625], "texture": "#1"},
				"east": {"uv": [9.875, 7.875, 9.9375, 7.9375], "texture": "#1"},
				"south": {"uv": [10.25, 5.125, 10.5, 5.1875], "texture": "#1"},
				"west": {"uv": [10, 1.875, 10.0625, 1.9375], "texture": "#1"},
				"up": {"uv": [5.5, 10.3125, 5.25, 10.25], "texture": "#1"},
				"down": {"uv": [10.5, 5.25, 10.25, 5.3125], "texture": "#1"}
			}
		},
		{
			"from": [12.93763, 6.58254, 10.5],
			"to": [15.13763, 7.32587, 11.2],
			"rotation": {"angle": 45, "axis": "z", "origin": [15.17311, 9.09085, 9.00321]},
			"faces": {
				"north": {"uv": [10.25, 5.375, 10.5, 5.4375], "texture": "#1"},
				"east": {"uv": [10, 2.75, 10.0625, 2.8125], "texture": "#1"},
				"south": {"uv": [5.5, 10.25, 5.75, 10.3125], "texture": "#1"},
				"west": {"uv": [4.75, 10.25, 4.8125, 10.3125], "texture": "#1"},
				"up": {"uv": [10.5, 5.5625, 10.25, 5.5], "texture": "#1"},
				"down": {"uv": [10.5, 5.625, 10.25, 5.6875], "texture": "#1"}
			}
		},
		{
			"from": [12.93763, 6.58254, 7.5],
			"to": [15.13763, 7.32587, 8.2],
			"rotation": {"angle": 45, "axis": "z", "origin": [15.17311, 9.09085, 9.00321]},
			"faces": {
				"north": {"uv": [5.75, 10.25, 6, 10.3125], "texture": "#1"},
				"east": {"uv": [8.125, 10.25, 8.1875, 10.3125], "texture": "#1"},
				"south": {"uv": [10.25, 5.75, 10.5, 5.8125], "texture": "#1"},
				"west": {"uv": [10.25, 9.125, 10.3125, 9.1875], "texture": "#1"},
				"up": {"uv": [10.5, 5.9375, 10.25, 5.875], "texture": "#1"},
				"down": {"uv": [6.25, 10.25, 6, 10.3125], "texture": "#1"}
			}
		},
		{
			"from": [12.58229, 11.21117, 7.5],
			"to": [14.78229, 11.9545, 8.2],
			"rotation": {"angle": -45, "axis": "z", "origin": [15.17311, 9.09085, 9.00321]},
			"faces": {
				"north": {"uv": [10.25, 6, 10.5, 6.0625], "texture": "#1"},
				"east": {"uv": [10.25, 9.25, 10.3125, 9.3125], "texture": "#1"},
				"south": {"uv": [10.25, 6.125, 10.5, 6.1875], "texture": "#1"},
				"west": {"uv": [9.375, 10.25, 9.4375, 10.3125], "texture": "#1"},
				"up": {"uv": [10.5, 6.3125, 10.25, 6.25], "texture": "#1"},
				"down": {"uv": [10.5, 6.375, 10.25, 6.4375], "texture": "#1"}
			}
		},
		{
			"from": [16.17833, 7.29211, 7.5],
			"to": [16.92167, 11.39211, 8.2],
			"rotation": {"angle": 0, "axis": "y", "origin": [15.17311, 9.09085, 9.00321]},
			"faces": {
				"north": {"uv": [10.125, 1, 10.1875, 1.5], "texture": "#1"},
				"east": {"uv": [10.125, 1.875, 10.1875, 2.375], "texture": "#1"},
				"south": {"uv": [10.125, 2.375, 10.1875, 2.875], "texture": "#1"},
				"west": {"uv": [10.125, 3.625, 10.1875, 4.125], "texture": "#1"},
				"up": {"uv": [9.5625, 10.3125, 9.5, 10.25], "texture": "#1"},
				"down": {"uv": [9.6875, 10.25, 9.625, 10.3125], "texture": "#1"}
			}
		},
		{
			"from": [-3.51819, -1.3386, 2.4],
			"to": [-1.09819, 3.0166, 15.6],
			"rotation": {"angle": 22.5, "axis": "z", "origin": [-7.55914, 14.63202, 5.276]},
			"faces": {
				"north": {"uv": [0.875, 8.375, 1.1875, 8.9375], "texture": "#1"},
				"east": {"uv": [4.75, 0, 6.375, 0.5625], "texture": "#1"},
				"south": {"uv": [1.875, 8.375, 2.1875, 8.9375], "texture": "#1"},
				"west": {"uv": [5, 0.625, 6.625, 1.1875], "texture": "#1"},
				"up": {"uv": [5.9375, 7.5, 5.625, 5.875], "texture": "#1"},
				"down": {"uv": [0.3125, 6, 0, 7.625], "texture": "#1"}
			}
		},
		{
			"from": [6.78616, 14.41132, 5.51],
			"to": [9.21384, 16.83132, 13.6],
			"rotation": {"angle": 0, "axis": "y", "origin": [8.90384, -4.10868, 2.4]},
			"faces": {
				"north": {"uv": [9.25, 3.375, 9.5625, 3.6875], "texture": "#1"},
				"east": {"uv": [7.125, 3.375, 8.125, 3.6875], "texture": "#1"},
				"south": {"uv": [9.25, 3.75, 9.5625, 4.0625], "texture": "#1"},
				"west": {"uv": [7.25, 1.75, 8.25, 2.0625], "texture": "#1"},
				"up": {"uv": [4.8125, 8.125, 4.5, 7.125], "texture": "#1"},
				"down": {"uv": [2.3125, 7.375, 2, 8.375], "texture": "#1"}
			}
		},
		{
			"from": [7.28616, 16.81132, 10.81],
			"to": [8.71384, 17.83132, 12.3],
			"rotation": {"angle": 0, "axis": "y", "origin": [8.90384, -4.10868, 2.4]},
			"faces": {
				"north": {"uv": [10.125, 8.75, 10.3125, 8.875], "texture": "#1"},
				"east": {"uv": [8.875, 10.125, 9.0625, 10.25], "texture": "#1"},
				"south": {"uv": [10.125, 8.875, 10.3125, 9], "texture": "#1"},
				"west": {"uv": [9.125, 10.125, 9.3125, 10.25], "texture": "#1"},
				"up": {"uv": [10.1875, 4.5625, 10, 4.375], "texture": "#1"},
				"down": {"uv": [4.8125, 10, 4.625, 10.1875], "texture": "#1"}
			}
		},
		{
			"from": [7.28616, 16.81132, 6.91],
			"to": [8.71384, 17.83132, 8.4],
			"rotation": {"angle": 0, "axis": "y", "origin": [8.90384, -4.10868, 2.4]},
			"faces": {
				"north": {"uv": [9.375, 10.125, 9.5625, 10.25], "texture": "#1"},
				"east": {"uv": [10.125, 9.375, 10.3125, 9.5], "texture": "#1"},
				"south": {"uv": [10.125, 9.5, 10.3125, 9.625], "texture": "#1"},
				"west": {"uv": [9.625, 10.125, 9.8125, 10.25], "texture": "#1"},
				"up": {"uv": [10.1875, 4.8125, 10, 4.625], "texture": "#1"},
				"down": {"uv": [5.4375, 10, 5.25, 10.1875], "texture": "#1"}
			}
		},
		{
			"from": [7.28616, 17.81132, 6.91],
			"to": [8.71384, 18.83132, 12.3],
			"rotation": {"angle": 0, "axis": "y", "origin": [8.90384, -4.10868, 2.4]},
			"faces": {
				"north": {"uv": [10.125, 9.625, 10.3125, 9.75], "texture": "#1"},
				"east": {"uv": [9.25, 2.75, 9.9375, 2.875], "texture": "#1"},
				"south": {"uv": [10.125, 9.75, 10.3125, 9.875], "texture": "#1"},
				"west": {"uv": [9.375, 1.5, 10.0625, 1.625], "texture": "#1"},
				"up": {"uv": [0.1875, 9.8125, 0, 9.125], "texture": "#1"},
				"down": {"uv": [0.4375, 9.125, 0.25, 9.8125], "texture": "#1"}
			}
		},
		{
			"from": [14.96274, 8.23668, 7.21324],
			"to": [16.15258, 10.43945, 11.28113],
			"rotation": {"angle": 0, "axis": "y", "origin": [14.20727, 8.44101, 9.09008]},
			"faces": {
				"north": {"uv": [1.375, 7.625, 1.5, 7.875], "texture": "#1"},
				"east": {"uv": [9, 7, 9.5, 7.25], "texture": "#1"},
				"south": {"uv": [4.375, 7.75, 4.5, 8], "texture": "#1"},
				"west": {"uv": [9, 7.25, 9.5, 7.5], "texture": "#1"},
				"up": {"uv": [0.875, 8.25, 0.75, 7.75], "texture": "#1"},
				"down": {"uv": [2, 7.875, 1.875, 8.375], "texture": "#1"}
			}
		},
		{
			"from": [15.80608, 8.47858, 7.21324],
			"to": [16.99592, 9.95495, 11.28113],
			"rotation": {"angle": 45, "axis": "z", "origin": [14.20727, 8.44101, 9.09008]},
			"faces": {
				"north": {"uv": [9.875, 10.125, 10, 10.3125], "texture": "#1"},
				"east": {"uv": [9.25, 5.375, 9.75, 5.5625], "texture": "#1"},
				"south": {"uv": [10.125, 9.875, 10.25, 10.0625], "texture": "#1"},
				"west": {"uv": [9.25, 6.75, 9.75, 6.9375], "texture": "#1"},
				"up": {"uv": [1.375, 8.875, 1.25, 8.375], "texture": "#1"},
				"down": {"uv": [9.875, 5.125, 9.75, 5.625], "texture": "#1"}
			}
		},
		{
			"from": [14.53746, 8.19569, 7.21324],
			"to": [15.7273, 9.67206, 11.28113],
			"rotation": {"angle": -45, "axis": "z", "origin": [14.20727, 8.44101, 9.09008]},
			"faces": {
				"north": {"uv": [10, 10.125, 10.125, 10.3125], "texture": "#1"},
				"east": {"uv": [9.375, 1, 9.875, 1.1875], "texture": "#1"},
				"south": {"uv": [10.125, 10.125, 10.25, 10.3125], "texture": "#1"},
				"west": {"uv": [9.375, 1.25, 9.875, 1.4375], "texture": "#1"},
				"up": {"uv": [9.875, 7.125, 9.75, 6.625], "texture": "#1"},
				"down": {"uv": [9.875, 7.5, 9.75, 8], "texture": "#1"}
			}
		},
		{
			"from": [13.84577, 6.99462, 11.28113],
			"to": [15.61673, 11.66719, 12.44338],
			"rotation": {"angle": 0, "axis": "y", "origin": [14.10727, 8.64101, 9.09008]},
			"faces": {
				"north": {"uv": [8.875, 4.625, 9.125, 5.1875], "texture": "#1"},
				"east": {"uv": [1.5, 6.625, 1.625, 7.1875], "texture": "#1"},
				"south": {"uv": [4.875, 8.875, 5.125, 9.4375], "texture": "#1"},
				"west": {"uv": [1, 9.5, 1.125, 10.0625], "texture": "#1"},
				"up": {"uv": [6.625, 0.625, 6.375, 0.5], "texture": "#1"},
				"down": {"uv": [7, 4.75, 6.75, 4.875], "texture": "#1"}
			}
		},
		{
			"from": [13.84577, 11.98973, 7.55446],
			"to": [15.61673, 13.15198, 9.32139],
			"rotation": {"angle": 45, "axis": "x", "origin": [14.10727, 8.64101, 9.09008]},
			"faces": {
				"north": {"uv": [0, 7.625, 0.25, 7.75], "texture": "#1"},
				"east": {"uv": [7.875, 0.5, 8.125, 0.625], "texture": "#1"},
				"south": {"uv": [7.875, 4.125, 8.125, 4.25], "texture": "#1"},
				"west": {"uv": [4.125, 8.5, 4.375, 8.625], "texture": "#1"},
				"up": {"uv": [10, 4.375, 9.75, 4.125], "texture": "#1"},
				"down": {"uv": [10, 7.125, 9.75, 7.375], "texture": "#1"}
			}
		},
		{
			"from": [13.84577, 5.10569, 8.53011],
			"to": [15.61673, 6.26795, 10.29705],
			"rotation": {"angle": -45, "axis": "x", "origin": [14.10727, 8.64101, 9.09008]},
			"faces": {
				"north": {"uv": [8.625, 8.375, 8.875, 8.5], "texture": "#1"},
				"east": {"uv": [8.875, 2, 9.125, 2.125], "texture": "#1"},
				"south": {"uv": [8.875, 5.25, 9.125, 5.375], "texture": "#1"},
				"west": {"uv": [9.125, 6.25, 9.375, 6.375], "texture": "#1"},
				"up": {"uv": [10, 8.25, 9.75, 8], "texture": "#1"},
				"down": {"uv": [10, 8.625, 9.75, 8.875], "texture": "#1"}
			}
		},
		{
			"from": [13.84577, 5.32788, 8.10529],
			"to": [15.61673, 6.49013, 9.87222],
			"rotation": {"angle": 45, "axis": "x", "origin": [14.10727, 8.64101, 9.09008]},
			"faces": {
				"north": {"uv": [8.875, 9.25, 9.125, 9.375], "texture": "#1"},
				"east": {"uv": [9.75, 8.25, 10, 8.375], "texture": "#1"},
				"south": {"uv": [9.875, 3.875, 10.125, 4], "texture": "#1"},
				"west": {"uv": [10, 9, 10.25, 9.125], "texture": "#1"},
				"up": {"uv": [10, 9.125, 9.75, 8.875], "texture": "#1"},
				"down": {"uv": [10, 9.125, 9.75, 9.375], "texture": "#1"}
			}
		},
		{
			"from": [13.84577, 6.99462, 6.05099],
			"to": [15.61673, 11.66719, 7.21324],
			"rotation": {"angle": 0, "axis": "y", "origin": [14.10727, 8.64101, 9.09008]},
			"faces": {
				"north": {"uv": [5.125, 8.875, 5.375, 9.4375], "texture": "#1"},
				"east": {"uv": [8.625, 9.5, 8.75, 10.0625], "texture": "#1"},
				"south": {"uv": [8.875, 5.75, 9.125, 6.3125], "texture": "#1"},
				"west": {"uv": [6.875, 9.625, 7, 10.1875], "texture": "#1"},
				"up": {"uv": [10.25, 9.25, 10, 9.125], "texture": "#1"},
				"down": {"uv": [10.25, 9.25, 10, 9.375], "texture": "#1"}
			}
		},
		{
			"from": [13.84577, 11.76755, 9.08094],
			"to": [15.61673, 12.9298, 10.84788],
			"rotation": {"angle": -45, "axis": "x", "origin": [14.10727, 8.64101, 9.09008]},
			"faces": {
				"north": {"uv": [10.125, 1.5, 10.375, 1.625], "texture": "#1"},
				"east": {"uv": [10.125, 2.875, 10.375, 3], "texture": "#1"},
				"south": {"uv": [10.125, 3, 10.375, 3.125], "texture": "#1"},
				"west": {"uv": [10.125, 4.875, 10.375, 5], "texture": "#1"},
				"up": {"uv": [10.125, 1.25, 9.875, 1], "texture": "#1"},
				"down": {"uv": [10.125, 1.25, 9.875, 1.5], "texture": "#1"}
			}
		},
		{
			"from": [13.84577, 11.44023, 7.3004],
			"to": [15.61673, 12.91659, 11.19397],
			"rotation": {"angle": 0, "axis": "y", "origin": [14.10727, 8.64101, 9.09008]},
			"faces": {
				"north": {"uv": [9.125, 9.875, 9.375, 10.0625], "texture": "#1"},
				"east": {"uv": [9.375, 4.625, 9.875, 4.8125], "texture": "#1"},
				"south": {"uv": [9.375, 9.875, 9.625, 10.0625], "texture": "#1"},
				"west": {"uv": [9.375, 4.875, 9.875, 5.0625], "texture": "#1"},
				"up": {"uv": [7.375, 0.5, 7.125, 0], "texture": "#1"},
				"down": {"uv": [1.125, 7.125, 0.875, 7.625], "texture": "#1"}
			}
		},
		{
			"from": [2.85731, 1.88115, 14.75],
			"to": [13.14269, 5.52932, 16.73],
			"rotation": {"angle": 0, "axis": "y", "origin": [7.18564, 19.96732, 14.651]},
			"faces": {
				"north": {"uv": [2, 5.25, 3.3125, 5.6875], "texture": "#1"},
				"east": {"uv": [7.875, 9.125, 8.125, 9.5625], "texture": "#1"},
				"south": {"uv": [5.25, 2.125, 6.5625, 2.5625], "texture": "#1"},
				"west": {"uv": [8.125, 9.125, 8.375, 9.5625], "texture": "#1"},
				"up": {"uv": [8.3125, 1.5, 7, 1.25], "texture": "#1"},
				"down": {"uv": [8.3125, 1.5, 7, 1.75], "texture": "#1"}
			}
		},
		{
			"from": [2.66059, 9.08879, 14.75],
			"to": [4.83859, 13.00847, 16.73],
			"rotation": {"angle": 22.5, "axis": "z", "origin": [20.87659, 5.97947, 14.651]},
			"faces": {
				"north": {"uv": [9.125, 1.125, 9.375, 1.625], "texture": "#1"},
				"east": {"uv": [2.125, 9.125, 2.375, 9.625], "texture": "#1"},
				"south": {"uv": [2.375, 9.125, 2.625, 9.625], "texture": "#1"},
				"west": {"uv": [2.625, 9.125, 2.875, 9.625], "texture": "#1"},
				"up": {"uv": [10.125, 2.25, 9.875, 2], "texture": "#1"},
				"down": {"uv": [10.125, 2.25, 9.875, 2.5], "texture": "#1"}
			}
		},
		{
			"from": [11.16141, 9.08879, 14.75],
			"to": [13.33941, 13.00847, 16.73],
			"rotation": {"angle": -22.5, "axis": "z", "origin": [-4.87659, 5.97947, 14.651]},
			"faces": {
				"north": {"uv": [2.875, 9.125, 3.125, 9.625], "texture": "#1"},
				"east": {"uv": [3.125, 9.125, 3.375, 9.625], "texture": "#1"},
				"south": {"uv": [9.125, 4.625, 9.375, 5.125], "texture": "#1"},
				"west": {"uv": [5.375, 9.125, 5.625, 9.625], "texture": "#1"},
				"up": {"uv": [10.125, 2.75, 9.875, 2.5], "texture": "#1"},
				"down": {"uv": [10.125, 2.875, 9.875, 3.125], "texture": "#1"}
			}
		},
		{
			"from": [4.238, 15.918, 14.75],
			"to": [8.5872, 17.39593, 16.73],
			"rotation": {"angle": -22.5, "axis": "z", "origin": [0.08, -0.12, 14.75]},
			"faces": {
				"north": {"uv": [9.125, 8, 9.6875, 8.1875], "texture": "#1"},
				"east": {"uv": [9.875, 9.375, 10.125, 9.5625], "texture": "#1"},
				"south": {"uv": [9.125, 8.625, 9.6875, 8.8125], "texture": "#1"},
				"west": {"uv": [9.625, 9.875, 9.875, 10.0625], "texture": "#1"},
				"up": {"uv": [9.4375, 2, 8.875, 1.75], "texture": "#1"},
				"down": {"uv": [9.4375, 6.375, 8.875, 6.625], "texture": "#1"}
			}
		},
		{
			"from": [1.35732, 5.50246, 14.75],
			"to": [14.64269, 12.80705, 16.83],
			"rotation": {"angle": 0, "axis": "y", "origin": [19.57241, 15.52505, 14.75]},
			"faces": {
				"north": {"uv": [3, 0, 4.6875, 0.9375], "texture": "#1"},
				"east": {"uv": [1.375, 7.875, 1.625, 8.8125], "texture": "#1"},
				"south": {"uv": [3.25, 1, 4.9375, 1.9375], "texture": "#1"},
				"west": {"uv": [1.625, 7.875, 1.875, 8.8125], "texture": "#1"},
				"up": {"uv": [7.8125, 4, 6.125, 3.75], "texture": "#1"},
				"down": {"uv": [7.8125, 4, 6.125, 4.25], "texture": "#1"}
			}
		},
		{
			"from": [7.4128, 15.918, 14.75],
			"to": [11.762, 17.39593, 16.73],
			"rotation": {"angle": 22.5, "axis": "z", "origin": [15.92, -0.12, 14.75]},
			"faces": {
				"north": {"uv": [9.125, 8.875, 9.6875, 9.0625], "texture": "#1"},
				"east": {"uv": [9.875, 9.625, 10.125, 9.8125], "texture": "#1"},
				"south": {"uv": [9.125, 9.125, 9.6875, 9.3125], "texture": "#1"},
				"west": {"uv": [9.875, 9.875, 10.125, 10.0625], "texture": "#1"},
				"up": {"uv": [8.4375, 9.125, 7.875, 8.875], "texture": "#1"},
				"down": {"uv": [9.4375, 8.375, 8.875, 8.625], "texture": "#1"}
			}
		},
		{
			"from": [5.10755, 12.84019, 14.849],
			"to": [10.89245, 15.11819, 16.73],
			"rotation": {"angle": 0, "axis": "y", "origin": [8.81345, -3.09781, 14.75]},
			"faces": {
				"north": {"uv": [7.875, 7.5, 8.625, 7.8125], "texture": "#1"},
				"east": {"uv": [5.875, 9.625, 6.125, 9.9375], "texture": "#1"},
				"south": {"uv": [7.875, 7.875, 8.625, 8.1875], "texture": "#1"},
				"west": {"uv": [6.125, 9.625, 6.375, 9.9375], "texture": "#1"},
				"up": {"uv": [8.75, 1.25, 8, 1], "texture": "#1"},
				"down": {"uv": [8.625, 8.25, 7.875, 8.5], "texture": "#1"}
			}
		},
		{
			"from": [13.84577, 5.77424, 7.3004],
			"to": [15.61673, 7.25061, 11.19397],
			"rotation": {"angle": 0, "axis": "y", "origin": [14.10727, 8.64101, 9.09008]},
			"faces": {
				"north": {"uv": [10, 0, 10.25, 0.1875], "texture": "#1"},
				"east": {"uv": [9.375, 5.625, 9.875, 5.8125], "texture": "#1"},
				"south": {"uv": [10, 0.25, 10.25, 0.4375], "texture": "#1"},
				"west": {"uv": [9.375, 5.875, 9.875, 6.0625], "texture": "#1"},
				"up": {"uv": [5.875, 9.625, 5.625, 9.125], "texture": "#1"},
				"down": {"uv": [9.375, 5.75, 9.125, 6.25], "texture": "#1"}
			}
		},
		{
			"from": [0.2727, 8.19569, 7.21324],
			"to": [1.46254, 9.67206, 11.28113],
			"rotation": {"angle": 45, "axis": "z", "origin": [1.79273, 8.44101, 9.09008]},
			"faces": {
				"north": {"uv": [10.25, 0, 10.375, 0.1875], "texture": "#1"},
				"east": {"uv": [9.375, 6.125, 9.875, 6.3125], "texture": "#1"},
				"south": {"uv": [10.25, 0.25, 10.375, 0.4375], "texture": "#1"},
				"west": {"uv": [7.375, 9.375, 7.875, 9.5625], "texture": "#1"},
				"up": {"uv": [10, 3.625, 9.875, 3.125], "texture": "#1"},
				"down": {"uv": [4.375, 9.875, 4.25, 10.375], "texture": "#1"}
			}
		},
		{
			"from": [-0.15258, 8.23668, 7.21324],
			"to": [1.03726, 10.43945, 11.28113],
			"rotation": {"angle": 0, "axis": "y", "origin": [1.79273, 8.44101, 9.09008]},
			"faces": {
				"north": {"uv": [6.375, 7.75, 6.5, 8], "texture": "#1"},
				"east": {"uv": [9.125, 0, 9.625, 0.25], "texture": "#1"},
				"south": {"uv": [3, 8.375, 3.125, 8.625], "texture": "#1"},
				"west": {"uv": [9.125, 3.125, 9.625, 3.375], "texture": "#1"},
				"up": {"uv": [4.5, 10.375, 4.375, 9.875], "texture": "#1"},
				"down": {"uv": [10, 4.375, 9.875, 4.875], "texture": "#1"}
			}
		},
		{
			"from": [-0.99592, 8.47858, 7.21324],
			"to": [0.19392, 9.95495, 11.28113],
			"rotation": {"angle": -45, "axis": "z", "origin": [1.79273, 8.44101, 9.09008]},
			"faces": {
				"north": {"uv": [0.5, 10.25, 0.625, 10.4375], "texture": "#1"},
				"east": {"uv": [8.875, 9.375, 9.375, 9.5625], "texture": "#1"},
				"south": {"uv": [10.25, 0.5, 10.375, 0.6875], "texture": "#1"},
				"west": {"uv": [9.375, 9.375, 9.875, 9.5625], "texture": "#1"},
				"up": {"uv": [4.625, 10.375, 4.5, 9.875], "texture": "#1"},
				"down": {"uv": [5, 9.875, 4.875, 10.375], "texture": "#1"}
			}
		},
		{
			"from": [-2.48229, 11.21117, 10.5],
			"to": [-0.28229, 11.9545, 11.2],
			"rotation": {"angle": 22.5, "axis": "y", "origin": [0.82689, 9.09085, 9.00321]},
			"faces": {
				"north": {"uv": [10.25, 6.5, 10.5, 6.5625], "texture": "#1"},
				"east": {"uv": [9.75, 10.25, 9.8125, 10.3125], "texture": "#1"},
				"south": {"uv": [6.625, 10.25, 6.875, 10.3125], "texture": "#1"},
				"west": {"uv": [10.25, 9.875, 10.3125, 9.9375], "texture": "#1"},
				"up": {"uv": [10.5, 6.6875, 10.25, 6.625], "texture": "#1"},
				"down": {"uv": [10.5, 6.75, 10.25, 6.8125], "texture": "#1"}
			}
		},
		{
			"from": [-2.08229, 11.21117, 7.5],
			"to": [0.11771, 11.9545, 8.2],
			"rotation": {"angle": -22.5, "axis": "z", "origin": [0.82689, 9.09085, 9.00321]},
			"faces": {
				"north": {"uv": [6.875, 10.25, 7.125, 10.3125], "texture": "#1"},
				"east": {"uv": [10.25, 10, 10.3125, 10.0625], "texture": "#1"},
				"south": {"uv": [10.25, 6.875, 10.5, 6.9375], "texture": "#1"},
				"west": {"uv": [10.25, 10.125, 10.3125, 10.1875], "texture": "#1"},
				"up": {"uv": [7.375, 10.3125, 7.125, 10.25], "texture": "#1"},
				"down": {"uv": [10.5, 7.125, 10.25, 7.1875], "texture": "#1"}
			}
		},
		{
			"from": [-1.53763, 6.18254, 7.5],
			"to": [0.66237, 6.92587, 8.2],
			"rotation": {"angle": -22.5, "axis": "y", "origin": [0.82689, 9.09085, 9.00321]},
			"faces": {
				"north": {"uv": [10.25, 7.25, 10.5, 7.3125], "texture": "#1"},
				"east": {"uv": [10.25, 10.25, 10.3125, 10.3125], "texture": "#1"},
				"south": {"uv": [7.375, 10.25, 7.625, 10.3125], "texture": "#1"},
				"west": {"uv": [10.375, 0, 10.4375, 0.0625], "texture": "#1"},
				"up": {"uv": [7.875, 10.3125, 7.625, 10.25], "texture": "#1"},
				"down": {"uv": [8.125, 10.25, 7.875, 10.3125], "texture": "#1"}
			}
		},
		{
			"from": [-0.92167, 7.29211, 10.5],
			"to": [-0.17833, 11.39211, 11.2],
			"rotation": {"angle": 45, "axis": "z", "origin": [0.82689, 9.09085, 9.00321]},
			"faces": {
				"north": {"uv": [10.125, 6, 10.1875, 6.5], "texture": "#1"},
				"east": {"uv": [6.375, 10.125, 6.4375, 10.625], "texture": "#1"},
				"south": {"uv": [6.5, 10.125, 6.5625, 10.625], "texture": "#1"},
				"west": {"uv": [10.125, 6.5, 10.1875, 7], "texture": "#1"},
				"up": {"uv": [10.4375, 0.4375, 10.375, 0.375], "texture": "#1"},
				"down": {"uv": [10.4375, 0.5, 10.375, 0.5625], "texture": "#1"}
			}
		},
		{
			"from": [0.86237, 6.58254, 10.5],
			"to": [3.06237, 7.32587, 11.2],
			"rotation": {"angle": -45, "axis": "z", "origin": [0.82689, 9.09085, 9.00321]},
			"faces": {
				"north": {"uv": [8.375, 10.25, 8.625, 10.3125], "texture": "#1"},
				"east": {"uv": [0.625, 10.375, 0.6875, 10.4375], "texture": "#1"},
				"south": {"uv": [8.875, 10.25, 9.125, 10.3125], "texture": "#1"},
				"west": {"uv": [10.375, 0.625, 10.4375, 0.6875], "texture": "#1"},
				"up": {"uv": [10.5, 9.0625, 10.25, 9], "texture": "#1"},
				"down": {"uv": [9.375, 10.25, 9.125, 10.3125], "texture": "#1"}
			}
		},
		{
			"from": [0.38327, 6.99462, 11.28113],
			"to": [2.15423, 11.66719, 12.44338],
			"rotation": {"angle": 0, "axis": "y", "origin": [1.89273, 8.64101, 9.09008]},
			"faces": {
				"north": {"uv": [6.375, 8.875, 6.625, 9.4375], "texture": "#1"},
				"east": {"uv": [7, 9.625, 7.125, 10.1875], "texture": "#1"},
				"south": {"uv": [6.625, 8.875, 6.875, 9.4375], "texture": "#1"},
				"west": {"uv": [7.125, 9.625, 7.25, 10.1875], "texture": "#1"},
				"up": {"uv": [6.875, 10.25, 6.625, 10.125], "texture": "#1"},
				"down": {"uv": [10.375, 7, 10.125, 7.125], "texture": "#1"}
			}
		},
		{
			"from": [0.38327, 11.98973, 7.55446],
			"to": [2.15423, 13.15198, 9.32139],
			"rotation": {"angle": 45, "axis": "x", "origin": [1.89273, 8.64101, 9.09008]},
			"faces": {
				"north": {"uv": [10.125, 7.375, 10.375, 7.5], "texture": "#1"},
				"east": {"uv": [10.125, 7.5, 10.375, 7.625], "texture": "#1"},
				"south": {"uv": [10.125, 7.625, 10.375, 7.75], "texture": "#1"},
				"west": {"uv": [7.75, 10.125, 8, 10.25], "texture": "#1"},
				"up": {"uv": [10.125, 3.875, 9.875, 3.625], "texture": "#1"},
				"down": {"uv": [10.125, 4.875, 9.875, 5.125], "texture": "#1"}
			}
		},
		{
			"from": [0.38327, 11.44023, 7.3004],
			"to": [2.15423, 12.91659, 11.19397],
			"rotation": {"angle": 0, "axis": "y", "origin": [1.89273, 8.64101, 9.09008]},
			"faces": {
				"north": {"uv": [0.5, 10, 0.75, 10.1875], "texture": "#1"},
				"east": {"uv": [0.5, 9.5, 1, 9.6875], "texture": "#1"},
				"south": {"uv": [10, 0.5, 10.25, 0.6875], "texture": "#1"},
				"west": {"uv": [1.25, 9.5, 1.75, 9.6875], "texture": "#1"},
				"up": {"uv": [6.125, 9.625, 5.875, 9.125], "texture": "#1"},
				"down": {"uv": [6.375, 9.125, 6.125, 9.625], "texture": "#1"}
			}
		},
		{
			"from": [0.38327, 5.77424, 7.3004],
			"to": [2.15423, 7.25061, 11.19397],
			"rotation": {"angle": 0, "axis": "y", "origin": [1.89273, 8.64101, 9.09008]},
			"faces": {
				"north": {"uv": [0.75, 10, 1, 10.1875], "texture": "#1"},
				"east": {"uv": [9.5, 1.75, 10, 1.9375], "texture": "#1"},
				"south": {"uv": [10, 0.75, 10.25, 0.9375], "texture": "#1"},
				"west": {"uv": [3.375, 9.5, 3.875, 9.6875], "texture": "#1"},
				"up": {"uv": [7.125, 9.625, 6.875, 9.125], "texture": "#1"},
				"down": {"uv": [7.375, 9.125, 7.125, 9.625], "texture": "#1"}
			}
		},
		{
			"from": [0.38327, 5.32788, 8.10529],
			"to": [2.15423, 6.49013, 9.87222],
			"rotation": {"angle": 45, "axis": "x", "origin": [1.89273, 8.64101, 9.09008]},
			"faces": {
				"north": {"uv": [10.125, 7.75, 10.375, 7.875], "texture": "#1"},
				"east": {"uv": [10.125, 7.875, 10.375, 8], "texture": "#1"},
				"south": {"uv": [8, 10.125, 8.25, 10.25], "texture": "#1"},
				"west": {"uv": [10.125, 8, 10.375, 8.125], "texture": "#1"},
				"up": {"uv": [5.25, 10.125, 5, 9.875], "texture": "#1"},
				"down": {"uv": [10.125, 5.125, 9.875, 5.375], "texture": "#1"}
			}
		},
		{
			"from": [0.38327, 6.99462, 6.05099],
			"to": [2.15423, 11.66719, 7.21324],
			"rotation": {"angle": 0, "axis": "y", "origin": [1.89273, 8.64101, 9.09008]},
			"faces": {
				"north": {"uv": [8.5, 8.875, 8.75, 9.4375], "texture": "#1"},
				"east": {"uv": [7.25, 9.625, 7.375, 10.1875], "texture": "#1"},
				"south": {"uv": [8.875, 8.625, 9.125, 9.1875], "texture": "#1"},
				"west": {"uv": [7.375, 9.625, 7.5, 10.1875], "texture": "#1"},
				"up": {"uv": [10.375, 8.25, 10.125, 8.125], "texture": "#1"},
				"down": {"uv": [10.375, 8.25, 10.125, 8.375], "texture": "#1"}
			}
		},
		{
			"from": [0.38327, 11.76755, 9.08094],
			"to": [2.15423, 12.9298, 10.84788],
			"rotation": {"angle": -45, "axis": "x", "origin": [1.89273, 8.64101, 9.09008]},
			"faces": {
				"north": {"uv": [8.375, 10.125, 8.625, 10.25], "texture": "#1"},
				"east": {"uv": [10.125, 8.375, 10.375, 8.5], "texture": "#1"},
				"south": {"uv": [10.125, 8.5, 10.375, 8.625], "texture": "#1"},
				"west": {"uv": [10.125, 8.625, 10.375, 8.75], "texture": "#1"},
				"up": {"uv": [10.125, 5.625, 9.875, 5.375], "texture": "#1"},
				"down": {"uv": [10.125, 5.625, 9.875, 5.875], "texture": "#1"}
			}
		},
		{
			"from": [0.33385, 0.79719, 14.26461],
			"to": [15.66615, 3.98719, 17.78461],
			"rotation": {"angle": 0, "axis": "y", "origin": [-0.47615, 6.17719, -6.55539]},
			"faces": {
				"north": {"uv": [0, 5.25, 1.9375, 5.625], "texture": "#1"},
				"east": {"uv": [7.875, 8.5, 8.3125, 8.875], "texture": "#1"},
				"south": {"uv": [5.25, 1.75, 7.1875, 2.125], "texture": "#1"},
				"west": {"uv": [8.375, 8.5, 8.8125, 8.875], "texture": "#1"},
				"up": {"uv": [6.9375, 1.6875, 5, 1.25], "texture": "#1"},
				"down": {"uv": [6.4375, 5, 4.5, 5.4375], "texture": "#1"}
			}
		},
		{
			"from": [-0.9552, 11.9, 7.6],
			"to": [0.9888, 13.196, 8.896],
			"rotation": {"angle": 0, "axis": "y", "origin": [-0.85914, 13.13202, 8.776]},
			"faces": {
				"north": {"uv": [2.125, 10, 2.375, 10.1875], "texture": "#1"},
				"east": {"uv": [6, 10, 6.1875, 10.1875], "texture": "#1"},
				"south": {"uv": [2.375, 10, 2.625, 10.1875], "texture": "#1"},
				"west": {"uv": [10, 7.125, 10.1875, 7.3125], "texture": "#1"},
				"up": {"uv": [2.875, 10.1875, 2.625, 10], "texture": "#1"},
				"down": {"uv": [3.125, 10, 2.875, 10.1875], "texture": "#1"}
			}
		},
		{
			"from": [-1.69914, 13.69602, 7.6648],
			"to": [-0.40314, 15.64002, 8.8312],
			"rotation": {"angle": 0, "axis": "y", "origin": [-0.85914, 13.13202, 8.776]},
			"faces": {
				"north": {"uv": [3.125, 10, 3.3125, 10.25], "texture": "#1"},
				"east": {"uv": [3.5, 8.75, 3.625, 9], "texture": "#1"},
				"south": {"uv": [10, 3.125, 10.1875, 3.375], "texture": "#1"},
				"west": {"uv": [3.375, 9.125, 3.5, 9.375], "texture": "#1"},
				"up": {"uv": [0.8125, 10.375, 0.625, 10.25], "texture": "#1"},
				"down": {"uv": [10.4375, 0.75, 10.25, 0.875], "texture": "#1"}
			}
		},
		{
			"from": [-1.41936, 12.03054, 7.6648],
			"to": [-0.12336, 13.97454, 8.8312],
			"rotation": {"angle": 22.5, "axis": "z", "origin": [-0.85914, 13.13202, 8.776]},
			"faces": {
				"north": {"uv": [10, 3.375, 10.1875, 3.625], "texture": "#1"},
				"east": {"uv": [8.375, 9.125, 8.5, 9.375], "texture": "#1"},
				"south": {"uv": [10, 4.125, 10.1875, 4.375], "texture": "#1"},
				"west": {"uv": [8.625, 10.125, 8.75, 10.375], "texture": "#1"},
				"up": {"uv": [10.4375, 1, 10.25, 0.875], "texture": "#1"},
				"down": {"uv": [10.4375, 1, 10.25, 1.125], "texture": "#1"}
			}
		},
		{
			"from": [-1.69914, 9.89602, 5.7648],
			"to": [-0.40314, 11.84002, 6.9312],
			"rotation": {"angle": 0, "axis": "y", "origin": [-0.85914, 9.33202, 6.876]},
			"faces": {
				"north": {"uv": [3.125, 10, 3.3125, 10.25], "texture": "#1"},
				"east": {"uv": [3.5, 8.75, 3.625, 9], "texture": "#1"},
				"south": {"uv": [10, 3.125, 10.1875, 3.375], "texture": "#1"},
				"west": {"uv": [3.375, 9.125, 3.5, 9.375], "texture": "#1"},
				"up": {"uv": [0.8125, 10.375, 0.625, 10.25], "texture": "#1"},
				"down": {"uv": [10.4375, 0.75, 10.25, 0.875], "texture": "#1"}
			}
		},
		{
			"from": [-1.41936, 8.23054, 5.7648],
			"to": [-0.12336, 10.17454, 6.9312],
			"rotation": {"angle": 22.5, "axis": "z", "origin": [-0.85914, 9.33202, 6.876]},
			"faces": {
				"north": {"uv": [10, 3.375, 10.1875, 3.625], "texture": "#1"},
				"east": {"uv": [8.375, 9.125, 8.5, 9.375], "texture": "#1"},
				"south": {"uv": [10, 4.125, 10.1875, 4.375], "texture": "#1"},
				"west": {"uv": [8.625, 10.125, 8.75, 10.375], "texture": "#1"},
				"up": {"uv": [10.4375, 1, 10.25, 0.875], "texture": "#1"},
				"down": {"uv": [10.4375, 1, 10.25, 1.125], "texture": "#1"}
			}
		},
		{
			"from": [-0.9552, 8.1, 5.7],
			"to": [0.9888, 9.396, 6.996],
			"rotation": {"angle": 0, "axis": "y", "origin": [-0.85914, 9.33202, 6.876]},
			"faces": {
				"north": {"uv": [2.125, 10, 2.375, 10.1875], "texture": "#1"},
				"east": {"uv": [6, 10, 6.1875, 10.1875], "texture": "#1"},
				"south": {"uv": [2.375, 10, 2.625, 10.1875], "texture": "#1"},
				"west": {"uv": [10, 7.125, 10.1875, 7.3125], "texture": "#1"},
				"up": {"uv": [2.875, 10.1875, 2.625, 10], "texture": "#1"},
				"down": {"uv": [3.125, 10, 2.875, 10.1875], "texture": "#1"}
			}
		},
		{
			"from": [-1.41936, 12.03054, 10.8648],
			"to": [-0.12336, 13.97454, 12.0312],
			"rotation": {"angle": 22.5, "axis": "z", "origin": [-0.85914, 13.13202, 11.976]},
			"faces": {
				"north": {"uv": [10, 3.375, 10.1875, 3.625], "texture": "#1"},
				"east": {"uv": [8.375, 9.125, 8.5, 9.375], "texture": "#1"},
				"south": {"uv": [10, 4.125, 10.1875, 4.375], "texture": "#1"},
				"west": {"uv": [8.625, 10.125, 8.75, 10.375], "texture": "#1"},
				"up": {"uv": [10.4375, 1, 10.25, 0.875], "texture": "#1"},
				"down": {"uv": [10.4375, 1, 10.25, 1.125], "texture": "#1"}
			}
		},
		{
			"from": [-1.69914, 13.69602, 10.8648],
			"to": [-0.40314, 15.64002, 12.0312],
			"rotation": {"angle": 0, "axis": "y", "origin": [-0.85914, 13.13202, 11.976]},
			"faces": {
				"north": {"uv": [3.125, 10, 3.3125, 10.25], "texture": "#1"},
				"east": {"uv": [3.5, 8.75, 3.625, 9], "texture": "#1"},
				"south": {"uv": [10, 3.125, 10.1875, 3.375], "texture": "#1"},
				"west": {"uv": [3.375, 9.125, 3.5, 9.375], "texture": "#1"},
				"up": {"uv": [0.8125, 10.375, 0.625, 10.25], "texture": "#1"},
				"down": {"uv": [10.4375, 0.75, 10.25, 0.875], "texture": "#1"}
			}
		},
		{
			"from": [-0.9552, 11.9, 10.8],
			"to": [0.9888, 13.196, 12.096],
			"rotation": {"angle": 0, "axis": "y", "origin": [-0.85914, 13.13202, 11.976]},
			"faces": {
				"north": {"uv": [2.125, 10, 2.375, 10.1875], "texture": "#1"},
				"east": {"uv": [6, 10, 6.1875, 10.1875], "texture": "#1"},
				"south": {"uv": [2.375, 10, 2.625, 10.1875], "texture": "#1"},
				"west": {"uv": [10, 7.125, 10.1875, 7.3125], "texture": "#1"},
				"up": {"uv": [2.875, 10.1875, 2.625, 10], "texture": "#1"},
				"down": {"uv": [3.125, 10, 2.875, 10.1875], "texture": "#1"}
			}
		},
		{
			"from": [-1.69914, 10.59602, 9.5648],
			"to": [-0.40314, 12.54002, 10.7312],
			"rotation": {"angle": 0, "axis": "y", "origin": [-0.85914, 10.03202, 10.676]},
			"faces": {
				"north": {"uv": [3.125, 10, 3.3125, 10.25], "texture": "#1"},
				"east": {"uv": [3.5, 8.75, 3.625, 9], "texture": "#1"},
				"south": {"uv": [10, 3.125, 10.1875, 3.375], "texture": "#1"},
				"west": {"uv": [3.375, 9.125, 3.5, 9.375], "texture": "#1"},
				"up": {"uv": [0.8125, 10.375, 0.625, 10.25], "texture": "#1"},
				"down": {"uv": [10.4375, 0.75, 10.25, 0.875], "texture": "#1"}
			}
		},
		{
			"from": [-1.41936, 8.93054, 9.5648],
			"to": [-0.12336, 10.87454, 10.7312],
			"rotation": {"angle": 22.5, "axis": "z", "origin": [-0.85914, 10.03202, 10.676]},
			"faces": {
				"north": {"uv": [10, 3.375, 10.1875, 3.625], "texture": "#1"},
				"east": {"uv": [8.375, 9.125, 8.5, 9.375], "texture": "#1"},
				"south": {"uv": [10, 4.125, 10.1875, 4.375], "texture": "#1"},
				"west": {"uv": [8.625, 10.125, 8.75, 10.375], "texture": "#1"},
				"up": {"uv": [10.4375, 1, 10.25, 0.875], "texture": "#1"},
				"down": {"uv": [10.4375, 1, 10.25, 1.125], "texture": "#1"}
			}
		},
		{
			"from": [-0.9552, 8.8, 9.5],
			"to": [0.9888, 10.096, 10.796],
			"rotation": {"angle": 0, "axis": "y", "origin": [-0.85914, 10.03202, 10.676]},
			"faces": {
				"north": {"uv": [2.125, 10, 2.375, 10.1875], "texture": "#1"},
				"east": {"uv": [6, 10, 6.1875, 10.1875], "texture": "#1"},
				"south": {"uv": [2.375, 10, 2.625, 10.1875], "texture": "#1"},
				"west": {"uv": [10, 7.125, 10.1875, 7.3125], "texture": "#1"},
				"up": {"uv": [2.875, 10.1875, 2.625, 10], "texture": "#1"},
				"down": {"uv": [3.125, 10, 2.875, 10.1875], "texture": "#1"}
			}
		},
		{
			"from": [-0.31936, 13.03054, 9.2648],
			"to": [0.97664, 14.97454, 10.4312],
			"rotation": {"angle": 22.5, "axis": "z", "origin": [0.24086, 14.13202, 10.376]},
			"faces": {
				"north": {"uv": [10, 3.375, 10.1875, 3.625], "texture": "#1"},
				"east": {"uv": [8.375, 9.125, 8.5, 9.375], "texture": "#1"},
				"south": {"uv": [10, 4.125, 10.1875, 4.375], "texture": "#1"},
				"west": {"uv": [8.625, 10.125, 8.75, 10.375], "texture": "#1"},
				"up": {"uv": [10.4375, 1, 10.25, 0.875], "texture": "#1"},
				"down": {"uv": [10.4375, 1, 10.25, 1.125], "texture": "#1"}
			}
		},
		{
			"from": [-0.59914, 14.69602, 9.2648],
			"to": [0.69686, 16.64002, 10.4312],
			"rotation": {"angle": 0, "axis": "y", "origin": [0.24086, 14.13202, 10.376]},
			"faces": {
				"north": {"uv": [3.125, 10, 3.3125, 10.25], "texture": "#1"},
				"east": {"uv": [3.5, 8.75, 3.625, 9], "texture": "#1"},
				"south": {"uv": [10, 3.125, 10.1875, 3.375], "texture": "#1"},
				"west": {"uv": [3.375, 9.125, 3.5, 9.375], "texture": "#1"},
				"up": {"uv": [0.8125, 10.375, 0.625, 10.25], "texture": "#1"},
				"down": {"uv": [10.4375, 0.75, 10.25, 0.875], "texture": "#1"}
			}
		},
		{
			"from": [0.1448, 12.9, 9.2],
			"to": [2.0888, 14.196, 10.496],
			"rotation": {"angle": 0, "axis": "y", "origin": [0.24086, 14.13202, 10.376]},
			"faces": {
				"north": {"uv": [2.125, 10, 2.375, 10.1875], "texture": "#1"},
				"east": {"uv": [6, 10, 6.1875, 10.1875], "texture": "#1"},
				"south": {"uv": [2.375, 10, 2.625, 10.1875], "texture": "#1"},
				"west": {"uv": [10, 7.125, 10.1875, 7.3125], "texture": "#1"},
				"up": {"uv": [2.875, 10.1875, 2.625, 10], "texture": "#1"},
				"down": {"uv": [3.125, 10, 2.875, 10.1875], "texture": "#1"}
			}
		},
		{
			"from": [-3.092, 8.3, 7.1],
			"to": [0.148, 10.46, 9.26],
			"rotation": {"angle": 0, "axis": "y", "origin": [0.148, -2.5, -6.94]},
			"faces": {
				"north": {"uv": [5.25, 2.625, 5.625, 2.875], "texture": "#1"},
				"east": {"uv": [9.875, 5.875, 10.125, 6.125], "texture": "#1"},
				"south": {"uv": [5.625, 7.5, 6, 7.75], "texture": "#1"},
				"west": {"uv": [9.875, 6.125, 10.125, 6.375], "texture": "#1"},
				"up": {"uv": [2.125, 9.75, 1.75, 9.5], "texture": "#1"},
				"down": {"uv": [4.25, 9.5, 3.875, 9.75], "texture": "#1"}
			}
		},
		{
			"from": [-4.33189, 11.29337, 7.108],
			"to": [-2.17189, 14.53337, 9.252],
			"rotation": {"angle": 0, "axis": "y", "origin": [1.06811, -8.14663, -6.94]},
			"faces": {
				"north": {"uv": [4.75, 0.625, 5, 1], "texture": "#1"},
				"east": {"uv": [3.125, 5.75, 3.375, 6.125], "texture": "#1"},
				"south": {"uv": [3.5, 6.75, 3.75, 7.125], "texture": "#1"},
				"west": {"uv": [4.625, 9.25, 4.875, 9.625], "texture": "#1"},
				"up": {"uv": [6.625, 10.125, 6.375, 9.875], "texture": "#1"},
				"down": {"uv": [6.875, 9.875, 6.625, 10.125], "texture": "#1"}
			}
		},
		{
			"from": [1.86982, 11.43522, 7.208],
			"to": [4.02982, 14.67522, 9.152],
			"rotation": {"angle": 22.5, "axis": "z", "origin": [7.26982, -2.60478, -6.94]},
			"faces": {
				"north": {"uv": [4.25, 9.5, 4.5, 9.875], "texture": "#1"},
				"east": {"uv": [4.875, 9.5, 5.125, 9.875], "texture": "#1"},
				"south": {"uv": [5.125, 9.5, 5.375, 9.875], "texture": "#1"},
				"west": {"uv": [6.375, 9.5, 6.625, 9.875], "texture": "#1"},
				"up": {"uv": [10.125, 6.875, 9.875, 6.625], "texture": "#1"},
				"down": {"uv": [10.125, 6.875, 9.875, 7.125], "texture": "#1"}
			}
		}
	],
	"gui_light": "front",
	"display": {
		"thirdperson_righthand": {
			"rotation": [65, 0, 0],
			"translation": [-12.5, 1.25, -1.25],
			"scale": [0.56, 0.56, 0.56]
		},
		"thirdperson_lefthand": {
			"rotation": [65, 0, 0],
			"translation": [-12.5, 1.25, -1.25],
			"scale": [0.56, 0.56, 0.56]
		},
		"firstperson_righthand": {
			"rotation": [0, 114, 0],
			"translation": [0, 4.75, 0],
			"scale": [0.51, 0.51, 0.51]
		},
		"firstperson_lefthand": {
			"rotation": [0, 114, 0],
			"translation": [0, 4.75, 0],
			"scale": [0.51, 0.51, 0.51]
		},
		"ground": {
			"translation": [0, 2.5, 0],
			"scale": [0.62, 0.62, 0.62]
		},
		"gui": {
			"rotation": [0, -180, 0],
			"scale": [0.91, 0.91, 0.91]
		},
		"head": {
			"translation": [0, 1.75, -1.25],
			"scale": [1.11, 1.11, 1.11]
		},
		"fixed": {
			"rotation": [-79, 0, 0],
			"translation": [0, 1, -10.5],
			"scale": [1.58, 1.58, 1.58]
		}
	},
	"groups": [
		{
			"name": "group",
			"origin": [7.17833, -3.20154, 6.88111],
			"color": 0,
			"children": [
				0,
				1,
				2,
				3,
				4,
				5,
				6,
				7,
				8,
				9,
				10,
				11,
				12,
				13,
				14,
				15,
				16,
				17,
				18,
				19,
				20,
				21,
				22,
				23,
				24,
				25,
				26,
				27,
				28,
				29,
				30,
				31,
				32,
				33,
				34,
				35,
				36,
				37,
				38,
				39,
				40,
				41,
				42,
				43,
				44,
				45,
				46,
				47,
				48,
				49,
				50,
				51,
				52,
				53,
				54,
				55,
				56,
				57,
				58,
				59,
				60,
				61,
				62,
				63,
				64,
				65,
				66,
				67,
				68,
				69,
				70,
				71,
				72,
				73,
				74,
				75,
				76,
				77,
				78,
				79,
				80,
				81,
				82,
				83,
				84,
				85,
				86,
				87,
				88,
				89,
				90,
				91,
				92,
				93,
				94,
				95,
				96,
				97,
				98,
				99,
				100,
				101,
				102,
				103,
				104,
				105,
				106,
				107,
				108,
				109,
				110
			]
		}
	]
}