{
	"format_version": "1.21.6",
	"credit": "Made by Blockbench",
	"textures": {
		"0": "skins:item/legacy/dragon_hat",
		"particle": "skins:item/legacy/dragon_hat"
	},
	"elements": [
		{
			"from": [5.5, 6.76116, 7.5],
			"to": [10.5, 10.76116, 12.5],
			"rotation": {"angle": 0, "axis": "y", "origin": [5.5, 6.76116, 7.5]},
			"faces": {
				"north": {"uv": [5, 0, 10, 4], "texture": "#0"},
				"east": {"uv": [5, 4, 10, 8], "texture": "#0"},
				"south": {"uv": [5, 4, 10, 8], "texture": "#0"},
				"west": {"uv": [0, 10, 5, 14], "texture": "#0"},
				"up": {"uv": [5, 5, 0, 0], "texture": "#0"},
				"down": {"uv": [5, 5, 0, 10], "texture": "#0"}
			}
		},
		{
			"from": [11.71351, 8.06116, 8.91492],
			"to": [11.71351, 11.06116, 12.91492],
			"rotation": {"angle": 45, "axis": "y", "origin": [11.71351, 9.56116, 10.91492]},
			"faces": {
				"north": {"uv": [0, 0, 0, 3], "texture": "#0"},
				"east": {"uv": [10, 0, 14, 3], "texture": "#0"},
				"south": {"uv": [0, 0, 0, 3], "texture": "#0"},
				"west": {"uv": [14, 0, 10, 3], "texture": "#0"},
				"up": {"uv": [0, 4, 0, 0], "texture": "#0"},
				"down": {"uv": [0, 0, 0, 4], "texture": "#0"}
			}
		},
		{
			"from": [4.28649, 8.06116, 8.91492],
			"to": [4.28649, 11.06116, 12.91492],
			"rotation": {"angle": -45, "axis": "y", "origin": [4.28649, 9.56116, 10.91492]},
			"faces": {
				"north": {"uv": [0, 0, 0, 3], "texture": "#0"},
				"east": {"uv": [10, 0, 14, 3], "texture": "#0"},
				"south": {"uv": [0, 0, 0, 3], "texture": "#0"},
				"west": {"uv": [14, 0, 10, 3], "texture": "#0"},
				"up": {"uv": [0, 4, 0, 0], "texture": "#0"},
				"down": {"uv": [0, 0, 0, 4], "texture": "#0"}
			}
		},
		{
			"from": [6.5, 7.16116, 4.5],
			"to": [9.5, 7.66116, 7.5],
			"rotation": {"angle": 0, "axis": "y", "origin": [7, 7.66116, 5.5]},
			"faces": {
				"north": {"uv": [5, 12, 8, 12.5], "texture": "#0"},
				"up": {"uv": [13, 6, 10, 3], "texture": "#0"},
				"down": {"uv": [13, 6, 10, 9], "texture": "#0"}
			}
		},
		{
			"from": [9.36627, 6.98884, 4.5],
			"to": [10.36627, 7.48884, 7.5],
			"rotation": {"angle": -22.5, "axis": "z", "origin": [9.86627, 7.23884, 5.5]},
			"faces": {
				"north": {"uv": [12, 10, 13, 10.5], "texture": "#0"},
				"east": {"uv": [12, 9, 15, 9.5], "texture": "#0"},
				"up": {"uv": [11, 12, 10, 9], "texture": "#0"},
				"down": {"uv": [12, 9, 11, 12], "texture": "#0"}
			}
		},
		{
			"from": [5.63373, 6.98884, 4.5],
			"to": [6.63373, 7.48884, 7.5],
			"rotation": {"angle": 22.5, "axis": "z", "origin": [6.13373, 7.23884, 5.5]},
			"faces": {
				"north": {"uv": [13, 10, 12, 10.5], "texture": "#0"},
				"west": {"uv": [15, 9, 12, 9.5], "texture": "#0"},
				"up": {"uv": [10, 12, 11, 9], "texture": "#0"},
				"down": {"uv": [11, 9, 12, 12], "texture": "#0"}
			}
		},
		{
			"from": [5.5, 5.8, 4.6],
			"to": [10.5, 7.3, 4.6],
			"rotation": {"angle": 0, "axis": "y", "origin": [5.5, 5.3, 4.6]},
			"faces": {
				"north": {"uv": [5.25, 12.75, 10.25, 14.25], "texture": "#0"},
				"east": {"uv": [0, 0, 0, 2], "texture": "#0"},
				"south": {"uv": [10.25, 12.75, 5.25, 14.25], "texture": "#0"},
				"west": {"uv": [0, 0, 0, 2], "texture": "#0"},
				"up": {"uv": [0, 0, 5, 0], "texture": "#0"},
				"down": {"uv": [0, 0, 5, 0], "texture": "#0"}
			}
		}
	],
	"gui_light": "front",
	"display": {
		"thirdperson_righthand": {
			"rotation": [50, 0, 0],
			"translation": [0, 2.25, -1.25],
			"scale": [0.71484, 0.71484, 0.71484]
		},
		"thirdperson_lefthand": {
			"rotation": [50, 0, 0],
			"translation": [0, 2.25, -1.25],
			"scale": [0.71484, 0.71484, 0.71484]
		},
		"firstperson_righthand": {
			"rotation": [-24, -180, 0],
			"translation": [-4, 3.5, 3.75]
		},
		"firstperson_lefthand": {
			"rotation": [-24, -180, 0],
			"translation": [-4, 3.5, 3.75]
		},
		"ground": {
			"translation": [0, 1.75, -1],
			"scale": [1.40039, 1.40039, 1.40039]
		},
		"gui": {
			"rotation": [37, 135, 0],
			"translation": [-1.75, -1, 0],
			"scale": [1.40625, 1.40625, 1.40625]
		},
		"head": {
			"translation": [0, 2.5, -5.75],
			"scale": [2.91992, 2.91992, 2.91992]
		},
		"fixed": {
			"rotation": [-90, 0, 0],
			"translation": [0, -3, -6.25],
			"scale": [4, 4, 4]
		}
	},
	"groups": [
		{
			"name": "group",
			"origin": [5.5, 5.3, 4.6],
			"color": 0,
			"children": [0, 1, 2, 3, 4, 5, 6]
		}
	]
}