{
	"format_version": "1.21.6",
	"credit": "Made with Blockbench",
	"texture_size": [64, 64],
	"textures": {
		"1": "skins:item/legacy/egyptian_hoe",
		"particle": "skins:item/legacy/egyptian_hoe"
	},
	"elements": [
		{
			"from": [7.25, -1.97138, 7.25],
			"to": [8.75, 10.27862, 8.75],
			"rotation": {"angle": 0, "axis": "y", "origin": [8, 8, 8]},
			"faces": {
				"north": {"uv": [2.25, 4, 2.625, 7.125], "texture": "#1"},
				"east": {"uv": [2.75, 4, 3.125, 7.125], "texture": "#1"},
				"south": {"uv": [4, 2.75, 4.375, 5.875], "texture": "#1"},
				"west": {"uv": [3.25, 4, 3.625, 7.125], "texture": "#1"},
				"up": {"uv": [9.375, 5.875, 9, 5.5], "texture": "#1"},
				"down": {"uv": [6.125, 9, 5.75, 9.375], "texture": "#1"}
			}
		},
		{
			"from": [7.15, -0.87138, 7.15],
			"to": [8.85, 5.37862, 8.85],
			"rotation": {"angle": 0, "axis": "y", "origin": [8, 8, 8]},
			"faces": {
				"north": {"uv": [5.75, 2.25, 6.125, 3.875], "texture": "#1"},
				"east": {"uv": [4.5, 5.75, 4.875, 7.375], "texture": "#1"},
				"south": {"uv": [3.75, 6, 4.125, 7.625], "texture": "#1"},
				"west": {"uv": [6.25, 2.25, 6.625, 3.875], "texture": "#1"},
				"up": {"uv": [9.375, 6.375, 9, 6], "texture": "#1"},
				"down": {"uv": [9.375, 6.5, 9, 6.875], "texture": "#1"}
			}
		},
		{
			"from": [7.05, 4.37862, 7.05],
			"to": [8.95, 4.87862, 8.95],
			"rotation": {"angle": 0, "axis": "y", "origin": [8, 8, 8]},
			"faces": {
				"north": {"uv": [9.5, 5.75, 10, 5.875], "texture": "#1"},
				"east": {"uv": [6, 9.5, 6.5, 9.625], "texture": "#1"},
				"south": {"uv": [9.5, 6, 10, 6.125], "texture": "#1"},
				"west": {"uv": [9.5, 6.25, 10, 6.375], "texture": "#1"},
				"up": {"uv": [6.75, 8.75, 6.25, 8.25], "texture": "#1"},
				"down": {"uv": [7.25, 8.25, 6.75, 8.75], "texture": "#1"}
			}
		},
		{
			"from": [7.05, -0.37138, 7.05],
			"to": [8.95, 0.12862, 8.95],
			"rotation": {"angle": 0, "axis": "y", "origin": [8, 8, 8]},
			"faces": {
				"north": {"uv": [9.5, 6.5, 10, 6.625], "texture": "#1"},
				"east": {"uv": [9.5, 6.75, 10, 6.875], "texture": "#1"},
				"south": {"uv": [9.5, 7, 10, 7.125], "texture": "#1"},
				"west": {"uv": [7.25, 9.5, 7.75, 9.625], "texture": "#1"},
				"up": {"uv": [8.5, 8.75, 8, 8.25], "texture": "#1"},
				"down": {"uv": [0.5, 8.5, 0, 9], "texture": "#1"}
			}
		},
		{
			"from": [7, -4.72138, 7],
			"to": [9, -1.97138, 9],
			"rotation": {"angle": 0, "axis": "y", "origin": [8, 8, 8]},
			"faces": {
				"north": {"uv": [7.25, 4, 7.75, 4.75], "texture": "#1"},
				"east": {"uv": [7.25, 4.75, 7.75, 5.5], "texture": "#1"},
				"south": {"uv": [7.25, 6.25, 7.75, 7], "texture": "#1"},
				"west": {"uv": [7.25, 7, 7.75, 7.75], "texture": "#1"},
				"up": {"uv": [9, 0.5, 8.5, 0], "texture": "#1"},
				"down": {"uv": [9, 0.5, 8.5, 1], "texture": "#1"}
			}
		},
		{
			"from": [7, 10.27862, 7],
			"to": [9, 18.02862, 9],
			"rotation": {"angle": 0, "axis": "y", "origin": [8, 8, 8]},
			"faces": {
				"north": {"uv": [5.25, 0, 5.75, 2], "texture": "#1"},
				"east": {"uv": [1.25, 5.25, 1.75, 7.25], "texture": "#1"},
				"south": {"uv": [1.75, 5.25, 2.25, 7.25], "texture": "#1"},
				"west": {"uv": [5.25, 2, 5.75, 4], "texture": "#1"},
				"up": {"uv": [9, 1.5, 8.5, 1], "texture": "#1"},
				"down": {"uv": [9, 1.5, 8.5, 2], "texture": "#1"}
			}
		},
		{
			"from": [7.25, 14.27862, 6],
			"to": [8.75, 19.02862, 10],
			"rotation": {"angle": 0, "axis": "y", "origin": [8, 8, 8]},
			"faces": {
				"north": {"uv": [6.75, 0, 7.125, 1.25], "texture": "#1"},
				"east": {"uv": [1.25, 4, 2.25, 5.25], "texture": "#1"},
				"south": {"uv": [6.75, 1.25, 7.125, 2.5], "texture": "#1"},
				"west": {"uv": [4, 1.5, 5, 2.75], "texture": "#1"},
				"up": {"uv": [7.875, 3.25, 7.5, 2.25], "texture": "#1"},
				"down": {"uv": [4.625, 7.5, 4.25, 8.5], "texture": "#1"}
			}
		},
		{
			"from": [7, 18.27862, 7.75],
			"to": [9, 24.02862, 10.75],
			"rotation": {"angle": 22.5, "axis": "x", "origin": [8, 22.15333, 7.27321]},
			"faces": {
				"north": {"uv": [0, 5.5, 0.5, 7], "texture": "#1"},
				"east": {"uv": [4.5, 2.75, 5.25, 4.25], "texture": "#1"},
				"south": {"uv": [0.5, 5.5, 1, 7], "texture": "#1"},
				"west": {"uv": [4.5, 4.25, 5.25, 5.75], "texture": "#1"},
				"up": {"uv": [8, 4, 7.5, 3.25], "texture": "#1"},
				"down": {"uv": [0.5, 7.75, 0, 8.5], "texture": "#1"}
			}
		},
		{
			"from": [7.5, 18.27862, 6.75],
			"to": [8.5, 24.02862, 11.75],
			"rotation": {"angle": 22.5, "axis": "x", "origin": [8, 22.15333, 7.27321]},
			"faces": {
				"north": {"uv": [3.75, 4, 4, 5.5], "texture": "#1"},
				"east": {"uv": [0, 4, 1.25, 5.5], "texture": "#1"},
				"south": {"uv": [1, 5.5, 1.25, 7], "texture": "#1"},
				"west": {"uv": [4, 0, 5.25, 1.5], "texture": "#1"},
				"up": {"uv": [5.25, 2.75, 5, 1.5], "texture": "#1"},
				"down": {"uv": [4.5, 6, 4.25, 7.25], "texture": "#1"}
			}
		},
		{
			"from": [8, 14.125, -6.25],
			"to": [8, 21.875, 9.5],
			"rotation": {"angle": 22.5, "axis": "x", "origin": [8, 22.15333, 7.27321]},
			"faces": {
				"north": {"uv": [0, 0, 0, 2], "texture": "#1"},
				"east": {"uv": [0, 0, 4, 2], "texture": "#1"},
				"south": {"uv": [0, 0, 0, 2], "texture": "#1"},
				"west": {"uv": [0, 2, 4, 4], "texture": "#1"},
				"up": {"uv": [0, 4, 0, 0], "texture": "#1"},
				"down": {"uv": [0, 0, 0, 4], "texture": "#1"}
			}
		},
		{
			"from": [7.7, 21.02862, 2.75],
			"to": [8.3, 24.02862, 6.75],
			"rotation": {"angle": 22.5, "axis": "x", "origin": [8, 22.15333, 7.27321]},
			"faces": {
				"north": {"uv": [6.75, 9.25, 6.875, 10], "texture": "#1"},
				"east": {"uv": [5.25, 5.5, 6.25, 6.25], "texture": "#1"},
				"south": {"uv": [7, 9.25, 7.125, 10], "texture": "#1"},
				"west": {"uv": [5.75, 0, 6.75, 0.75], "texture": "#1"},
				"up": {"uv": [1.625, 10.25, 1.5, 9.25], "texture": "#1"},
				"down": {"uv": [1.875, 9.25, 1.75, 10.25], "texture": "#1"}
			}
		},
		{
			"from": [7.8, 22.86683, 0.81195],
			"to": [8.2, 25.61683, 3.81195],
			"rotation": {"angle": 0, "axis": "y", "origin": [8, 22.15333, 7.27321]},
			"faces": {
				"north": {"uv": [8, 9.25, 8.125, 10], "texture": "#1"},
				"east": {"uv": [5, 6.25, 5.75, 7], "texture": "#1"},
				"south": {"uv": [8.25, 9.25, 8.375, 10], "texture": "#1"},
				"west": {"uv": [6.25, 5.5, 7, 6.25], "texture": "#1"},
				"up": {"uv": [8.625, 10, 8.5, 9.25], "texture": "#1"},
				"down": {"uv": [8.875, 9.25, 8.75, 10], "texture": "#1"}
			}
		},
		{
			"from": [7.9, 22.63795, -3.59552],
			"to": [8.1, 25.13795, 1.40448],
			"rotation": {"angle": -22.5, "axis": "x", "origin": [8, 23.88795, -0.09552]},
			"faces": {
				"north": {"uv": [9.5, 5, 9.625, 5.625], "texture": "#1"},
				"east": {"uv": [5.25, 4, 6.5, 4.625], "texture": "#1"},
				"south": {"uv": [5.75, 9.5, 5.875, 10.125], "texture": "#1"},
				"west": {"uv": [5.25, 4.75, 6.5, 5.375], "texture": "#1"},
				"up": {"uv": [5.375, 10.25, 5.25, 9], "texture": "#1"},
				"down": {"uv": [5.625, 9, 5.5, 10.25], "texture": "#1"}
			}
		},
		{
			"from": [7.5, 11.27862, 6.25],
			"to": [8.5, 14.27862, 9.75],
			"rotation": {"angle": 0, "axis": "y", "origin": [8, 8, 8]},
			"faces": {
				"north": {"uv": [6.25, 8.75, 6.5, 9.5], "texture": "#1"},
				"east": {"uv": [5.75, 0.75, 6.625, 1.5], "texture": "#1"},
				"south": {"uv": [6.5, 8.75, 6.75, 9.5], "texture": "#1"},
				"west": {"uv": [5.75, 1.5, 6.625, 2.25], "texture": "#1"},
				"up": {"uv": [8, 9.375, 7.75, 8.5], "texture": "#1"},
				"down": {"uv": [3.75, 8.75, 3.5, 9.625], "texture": "#1"}
			}
		},
		{
			"from": [6.75, -2.24286, 16.24287],
			"to": [9.25, -0.24286, 18.24287],
			"rotation": {"angle": 45, "axis": "x", "origin": [8, 8, 8]},
			"faces": {
				"north": {"uv": [7.75, 6, 8.375, 6.5], "texture": "#1"},
				"east": {"uv": [2.5, 8.5, 3, 9], "texture": "#1"},
				"south": {"uv": [7.75, 6.5, 8.375, 7], "texture": "#1"},
				"west": {"uv": [3.75, 8.5, 4.25, 9], "texture": "#1"},
				"up": {"uv": [7.375, 8.25, 6.75, 7.75], "texture": "#1"},
				"down": {"uv": [8.375, 7, 7.75, 7.5], "texture": "#1"}
			}
		},
		{
			"from": [6.9, -3.24286, 15.74287],
			"to": [9.1, -0.99286, 17.74287],
			"rotation": {"angle": 45, "axis": "x", "origin": [8, 8, 8]},
			"faces": {
				"north": {"uv": [7.5, 7.75, 8, 8.375], "texture": "#1"},
				"east": {"uv": [8, 0, 8.5, 0.625], "texture": "#1"},
				"south": {"uv": [0.5, 8, 1, 8.625], "texture": "#1"},
				"west": {"uv": [8, 0.75, 8.5, 1.375], "texture": "#1"},
				"up": {"uv": [9, 4.25, 8.5, 3.75], "texture": "#1"},
				"down": {"uv": [4.75, 8.5, 4.25, 9], "texture": "#1"}
			}
		},
		{
			"from": [7.05, -3.99286, 14.24287],
			"to": [8.95, -1.99286, 17.24287],
			"rotation": {"angle": 45, "axis": "x", "origin": [8, 8, 8]},
			"faces": {
				"north": {"uv": [8.5, 4.25, 9, 4.75], "texture": "#1"},
				"east": {"uv": [7.75, 4, 8.5, 4.5], "texture": "#1"},
				"south": {"uv": [4.75, 8.5, 5.25, 9], "texture": "#1"},
				"west": {"uv": [7.75, 4.5, 8.5, 5], "texture": "#1"},
				"up": {"uv": [4.25, 8.5, 3.75, 7.75], "texture": "#1"},
				"down": {"uv": [5.25, 7.75, 4.75, 8.5], "texture": "#1"}
			}
		},
		{
			"from": [7.15, -3.49286, 13.49287],
			"to": [8.85, -1.74286, 14.74287],
			"rotation": {"angle": 45, "axis": "x", "origin": [8, 8, 8]},
			"faces": {
				"north": {"uv": [6.75, 8.75, 7.125, 9.25], "texture": "#1"},
				"east": {"uv": [8, 8.75, 8.375, 9.25], "texture": "#1"},
				"south": {"uv": [8.5, 8.75, 8.875, 9.25], "texture": "#1"},
				"west": {"uv": [0, 9, 0.375, 9.5], "texture": "#1"},
				"up": {"uv": [9.375, 7.375, 9, 7], "texture": "#1"},
				"down": {"uv": [7.625, 9, 7.25, 9.375], "texture": "#1"}
			}
		},
		{
			"from": [7.25, -2.99286, 12.99287],
			"to": [8.75, -1.49286, 13.99287],
			"rotation": {"angle": 45, "axis": "x", "origin": [8, 8, 8]},
			"faces": {
				"north": {"uv": [9, 7.5, 9.375, 7.875], "texture": "#1"},
				"east": {"uv": [9.25, 3, 9.5, 3.375], "texture": "#1"},
				"south": {"uv": [9, 8, 9.375, 8.375], "texture": "#1"},
				"west": {"uv": [0, 9.5, 0.25, 9.875], "texture": "#1"},
				"up": {"uv": [1.125, 7.25, 0.75, 7], "texture": "#1"},
				"down": {"uv": [8.375, 3.75, 8, 4], "texture": "#1"}
			}
		},
		{
			"from": [7.35, -2.24286, 12.74287],
			"to": [8.65, -0.99286, 13.74287],
			"rotation": {"angle": 45, "axis": "x", "origin": [8, 8, 8]},
			"faces": {
				"north": {"uv": [9, 8.5, 9.375, 8.875], "texture": "#1"},
				"east": {"uv": [9.5, 0, 9.75, 0.375], "texture": "#1"},
				"south": {"uv": [9, 9, 9.375, 9.375], "texture": "#1"},
				"west": {"uv": [0.25, 9.5, 0.5, 9.875], "texture": "#1"},
				"up": {"uv": [9.875, 0.75, 9.5, 0.5], "texture": "#1"},
				"down": {"uv": [9.875, 0.75, 9.5, 1], "texture": "#1"}
			}
		},
		{
			"from": [6.5, -1.99286, 16.49287],
			"to": [9.5, -0.49286, 17.99287],
			"rotation": {"angle": 45, "axis": "x", "origin": [8, 8, 8]},
			"faces": {
				"north": {"uv": [8, 2.25, 8.75, 2.625], "texture": "#1"},
				"east": {"uv": [0.5, 9.25, 0.875, 9.625], "texture": "#1"},
				"south": {"uv": [2.5, 8, 3.25, 8.375], "texture": "#1"},
				"west": {"uv": [1, 9.25, 1.375, 9.625], "texture": "#1"},
				"up": {"uv": [8.75, 3.125, 8, 2.75], "texture": "#1"},
				"down": {"uv": [8.75, 3.25, 8, 3.625], "texture": "#1"}
			}
		},
		{
			"from": [6.9, 24.27664, 8.90252],
			"to": [9.1, 26.27664, 10.90252],
			"rotation": {"angle": 45, "axis": "x", "origin": [8, 22.15333, 7.27321]},
			"faces": {
				"north": {"uv": [8.5, 4.75, 9, 5.25], "texture": "#1"},
				"east": {"uv": [8.5, 5.25, 9, 5.75], "texture": "#1"},
				"south": {"uv": [8.5, 5.75, 9, 6.25], "texture": "#1"},
				"west": {"uv": [8.5, 6.25, 9, 6.75], "texture": "#1"},
				"up": {"uv": [9, 7.25, 8.5, 6.75], "texture": "#1"},
				"down": {"uv": [7.75, 8.5, 7.25, 9], "texture": "#1"}
			}
		},
		{
			"from": [7.15, 25.02664, 9.40252],
			"to": [8.85, 27.27664, 11.40252],
			"rotation": {"angle": 45, "axis": "x", "origin": [8, 22.15333, 7.27321]},
			"faces": {
				"north": {"uv": [2, 8.75, 2.375, 9.375], "texture": "#1"},
				"east": {"uv": [1, 8, 1.5, 8.625], "texture": "#1"},
				"south": {"uv": [8.75, 2, 9.125, 2.625], "texture": "#1"},
				"west": {"uv": [1.5, 8, 2, 8.625], "texture": "#1"},
				"up": {"uv": [9.375, 0.5, 9, 0], "texture": "#1"},
				"down": {"uv": [9.375, 0.5, 9, 1], "texture": "#1"}
			}
		},
		{
			"from": [7.3, 26.02664, 9.90252],
			"to": [8.7, 28.02664, 12.90252],
			"rotation": {"angle": 45, "axis": "x", "origin": [8, 22.15333, 7.27321]},
			"faces": {
				"north": {"uv": [9, 1, 9.375, 1.5], "texture": "#1"},
				"east": {"uv": [7.75, 5, 8.5, 5.5], "texture": "#1"},
				"south": {"uv": [9, 1.5, 9.375, 2], "texture": "#1"},
				"west": {"uv": [5.25, 7.75, 6, 8.25], "texture": "#1"},
				"up": {"uv": [3.625, 8.75, 3.25, 8], "texture": "#1"},
				"down": {"uv": [8.375, 7.5, 8, 8.25], "texture": "#1"}
			}
		},
		{
			"from": [7.4, 25.77664, 12.40252],
			"to": [8.6, 27.52664, 13.65252],
			"rotation": {"angle": 45, "axis": "x", "origin": [8, 22.15333, 7.27321]},
			"faces": {
				"north": {"uv": [3.75, 5.5, 4, 6], "texture": "#1"},
				"east": {"uv": [2.5, 9, 2.875, 9.5], "texture": "#1"},
				"south": {"uv": [5, 5.75, 5.25, 6.25], "texture": "#1"},
				"west": {"uv": [9, 3.5, 9.375, 4], "texture": "#1"},
				"up": {"uv": [9.75, 1.375, 9.5, 1], "texture": "#1"},
				"down": {"uv": [9.75, 1.5, 9.5, 1.875], "texture": "#1"}
			}
		},
		{
			"from": [7.5, 24.01368, 4.04653],
			"to": [8.5, 25.51368, 5.04653],
			"rotation": {"angle": 0, "axis": "y", "origin": [8, 22.15333, 7.27321]},
			"faces": {
				"north": {"uv": [2, 9.5, 2.25, 9.875], "texture": "#1"},
				"east": {"uv": [9.5, 2, 9.75, 2.375], "texture": "#1"},
				"south": {"uv": [2.25, 9.5, 2.5, 9.875], "texture": "#1"},
				"west": {"uv": [2.5, 9.5, 2.75, 9.875], "texture": "#1"},
				"up": {"uv": [7.5, 2.5, 7.25, 2.25], "texture": "#1"},
				"down": {"uv": [4.5, 7.25, 4.25, 7.5], "texture": "#1"}
			}
		},
		{
			"from": [7.5, 25.52664, 13.15252],
			"to": [8.5, 27.02664, 14.15252],
			"rotation": {"angle": 45, "axis": "x", "origin": [8, 22.15333, 7.27321]},
			"faces": {
				"north": {"uv": [9.5, 2.5, 9.75, 2.875], "texture": "#1"},
				"east": {"uv": [2.75, 9.5, 3, 9.875], "texture": "#1"},
				"south": {"uv": [3, 9.5, 3.25, 9.875], "texture": "#1"},
				"west": {"uv": [9.5, 3, 9.75, 3.375], "texture": "#1"},
				"up": {"uv": [5, 7.75, 4.75, 7.5], "texture": "#1"},
				"down": {"uv": [0.75, 7.75, 0.5, 8], "texture": "#1"}
			}
		},
		{
			"from": [7.6, 25.02664, 13.40252],
			"to": [8.4, 26.27664, 14.40252],
			"rotation": {"angle": 45, "axis": "x", "origin": [8, 22.15333, 7.27321]},
			"faces": {
				"north": {"uv": [3.25, 9.5, 3.5, 9.875], "texture": "#1"},
				"east": {"uv": [9.5, 3.5, 9.75, 3.875], "texture": "#1"},
				"south": {"uv": [3.75, 9.5, 4, 9.875], "texture": "#1"},
				"west": {"uv": [4, 9.5, 4.25, 9.875], "texture": "#1"},
				"up": {"uv": [8, 7.75, 7.75, 7.5], "texture": "#1"},
				"down": {"uv": [7.5, 8.25, 7.25, 8.5], "texture": "#1"}
			}
		},
		{
			"from": [6.9, 22.76368, 7.29653],
			"to": [9.1, 24.76368, 9.29653],
			"rotation": {"angle": 0, "axis": "y", "origin": [8, 22.15333, 7.27321]},
			"faces": {
				"north": {"uv": [8.5, 7.25, 9, 7.75], "texture": "#1"},
				"east": {"uv": [8.5, 7.75, 9, 8.25], "texture": "#1"},
				"south": {"uv": [8.5, 8.25, 9, 8.75], "texture": "#1"},
				"west": {"uv": [0.5, 8.75, 1, 9.25], "texture": "#1"},
				"up": {"uv": [1.5, 9.25, 1, 8.75], "texture": "#1"},
				"down": {"uv": [2, 8.75, 1.5, 9.25], "texture": "#1"}
			}
		},
		{
			"from": [7.15, 23.51368, 6.79653],
			"to": [8.85, 25.76368, 8.79653],
			"rotation": {"angle": 0, "axis": "y", "origin": [8, 22.15333, 7.27321]},
			"faces": {
				"north": {"uv": [8.75, 2.75, 9.125, 3.375], "texture": "#1"},
				"east": {"uv": [8, 1.5, 8.5, 2.125], "texture": "#1"},
				"south": {"uv": [3, 8.75, 3.375, 9.375], "texture": "#1"},
				"west": {"uv": [2, 8, 2.5, 8.625], "texture": "#1"},
				"up": {"uv": [4.125, 9.5, 3.75, 9], "texture": "#1"},
				"down": {"uv": [9.375, 4, 9, 4.5], "texture": "#1"}
			}
		},
		{
			"from": [7.3, 24.51368, 5.29653],
			"to": [8.7, 26.51368, 8.29653],
			"rotation": {"angle": 0, "axis": "y", "origin": [8, 22.15333, 7.27321]},
			"faces": {
				"north": {"uv": [4.25, 9, 4.625, 9.5], "texture": "#1"},
				"east": {"uv": [7.75, 5.5, 8.5, 6], "texture": "#1"},
				"south": {"uv": [9, 4.5, 9.375, 5], "texture": "#1"},
				"west": {"uv": [6, 7.75, 6.75, 8.25], "texture": "#1"},
				"up": {"uv": [5.625, 9, 5.25, 8.25], "texture": "#1"},
				"down": {"uv": [6.125, 8.25, 5.75, 9], "texture": "#1"}
			}
		},
		{
			"from": [7.4, 24.26368, 4.54653],
			"to": [8.6, 26.01368, 5.79653],
			"rotation": {"angle": 0, "axis": "y", "origin": [8, 22.15333, 7.27321]},
			"faces": {
				"north": {"uv": [9.25, 2, 9.5, 2.5], "texture": "#1"},
				"east": {"uv": [4.75, 9, 5.125, 9.5], "texture": "#1"},
				"south": {"uv": [9.25, 2.5, 9.5, 3], "texture": "#1"},
				"west": {"uv": [9, 5, 9.375, 5.5], "texture": "#1"},
				"up": {"uv": [9.75, 4.375, 9.5, 4], "texture": "#1"},
				"down": {"uv": [4.5, 9.5, 4.25, 9.875], "texture": "#1"}
			}
		},
		{
			"from": [7.6, 23.51368, 3.79653],
			"to": [8.4, 24.76368, 4.79653],
			"rotation": {"angle": 0, "axis": "y", "origin": [8, 22.15333, 7.27321]},
			"faces": {
				"north": {"uv": [4.5, 9.5, 4.75, 9.875], "texture": "#1"},
				"east": {"uv": [9.5, 4.5, 9.75, 4.875], "texture": "#1"},
				"south": {"uv": [4.75, 9.5, 5, 9.875], "texture": "#1"},
				"west": {"uv": [5, 9.5, 5.25, 9.875], "texture": "#1"},
				"up": {"uv": [8.75, 2.25, 8.5, 2], "texture": "#1"},
				"down": {"uv": [3.25, 8.5, 3, 8.75], "texture": "#1"}
			}
		},
		{
			"from": [6.75, 13.96944, -0.96944],
			"to": [9.25, 16.96944, 2.03056],
			"rotation": {"angle": 45, "axis": "x", "origin": [8, 8, 8]},
			"faces": {
				"north": {"uv": [6.75, 2.5, 7.375, 3.25], "texture": "#1"},
				"east": {"uv": [5.75, 6.25, 6.5, 7], "texture": "#1"},
				"south": {"uv": [6.75, 3.25, 7.375, 4], "texture": "#1"},
				"west": {"uv": [6.5, 4, 7.25, 4.75], "texture": "#1"},
				"up": {"uv": [0.625, 7.75, 0, 7], "texture": "#1"},
				"down": {"uv": [5.625, 7, 5, 7.75], "texture": "#1"}
			}
		},
		{
			"from": [6.5, 14.21944, -0.71944],
			"to": [9.5, 16.71944, 1.78056],
			"rotation": {"angle": 45, "axis": "x", "origin": [8, 8, 8]},
			"faces": {
				"north": {"uv": [7, 5.5, 7.75, 6.125], "texture": "#1"},
				"east": {"uv": [2.25, 7.25, 2.875, 7.875], "texture": "#1"},
				"south": {"uv": [5.75, 7, 6.5, 7.625], "texture": "#1"},
				"west": {"uv": [3, 7.25, 3.625, 7.875], "texture": "#1"},
				"up": {"uv": [7.25, 7.625, 6.5, 7], "texture": "#1"},
				"down": {"uv": [8, 0, 7.25, 0.625], "texture": "#1"}
			}
		},
		{
			"from": [6.75, 21.48528, 9.40076],
			"to": [9.25, 24.48528, 12.40076],
			"rotation": {"angle": -22.5, "axis": "x", "origin": [8, 22.15333, 7.27321]},
			"faces": {
				"north": {"uv": [0.75, 7.25, 1.375, 8], "texture": "#1"},
				"east": {"uv": [6.5, 4.75, 7.25, 5.5], "texture": "#1"},
				"south": {"uv": [7.25, 0.75, 7.875, 1.5], "texture": "#1"},
				"west": {"uv": [6.5, 6.25, 7.25, 7], "texture": "#1"},
				"up": {"uv": [2.125, 8, 1.5, 7.25], "texture": "#1"},
				"down": {"uv": [7.875, 1.5, 7.25, 2.25], "texture": "#1"}
			}
		}
	],
	"gui_light": "front",
	"display": {
		"thirdperson_righthand": {
			"translation": [0, 1.75, 1],
			"scale": [0.65, 0.65, 0.65]
		},
		"thirdperson_lefthand": {
			"translation": [0, 1.75, 1],
			"scale": [0.65, 0.65, 0.65]
		},
		"firstperson_righthand": {
			"rotation": [-23.21, 13.16, 11.28],
			"translation": [7.75, -1.75, -3.75],
			"scale": [0.86133, 0.86133, 0.86133]
		},
		"firstperson_lefthand": {
			"rotation": [-23.21, 13.16, 11.28],
			"translation": [7.75, -1.75, -3.75],
			"scale": [0.86133, 0.86133, 0.86133]
		},
		"ground": {
			"rotation": [0, 0, 90],
			"translation": [0, -1.25, 0],
			"scale": [0.69141, 0.69141, 0.69141]
		},
		"gui": {
			"rotation": [-80, 45, 90],
			"translation": [2.25, -0.75, 0],
			"scale": [0.47852, 0.47852, 0.47852]
		},
		"head": {
			"scale": [0, 0, 0]
		},
		"fixed": {
			"rotation": [-90, -90, -90],
			"translation": [0, -0.25, -2.5],
			"scale": [1.24609, 1.24609, 1.24609]
		}
	},
	"groups": [
		{
			"name": "group",
			"origin": [8, 0.92862, 8],
			"color": 0,
			"children": [0, 1, 2, 3, 4, 5, 6, 7, 8, 9, 10, 11, 12, 13, 14, 15, 16, 17, 18, 19, 20, 21, 22, 23, 24, 25, 26, 27, 28, 29, 30, 31, 32, 33, 34, 35]
		}
	]
}