{
	"format_version": "1.21.6",
	"credit": "Made with Blockbench",
	"textures": {
		"0_0": "skins:item/legacy/fishing_hat"
	},
	"elements": [
		{
			"from": [5.5, 7.6918, 5.5],
			"to": [10.5, 9.6918, 10.5],
			"rotation": {"angle": 0, "axis": "y", "origin": [5, 7.6918, 5]},
			"faces": {
				"north": {"uv": [5, 2, 10, 4], "texture": "#0_0"},
				"east": {"uv": [5, 2, 10, 4], "texture": "#0_0"},
				"south": {"uv": [5, 2, 10, 4], "texture": "#0_0"},
				"west": {"uv": [5, 2, 10, 4], "texture": "#0_0"},
				"up": {"uv": [5, 5, 0, 0], "texture": "#0_0"},
				"down": {"uv": [5, 5, 0, 10], "texture": "#0_0"}
			}
		},
		{
			"from": [4, 7.3082, 3.5765],
			"to": [12, 7.3082, 5.5765],
			"rotation": {"angle": -22.5, "axis": "x", "origin": [7.5, 7.3082, 4.5765]},
			"faces": {
				"north": {"uv": [0, 0, 8, 0], "texture": "#0_0"},
				"east": {"uv": [0, 0, 2, 0], "texture": "#0_0"},
				"south": {"uv": [0, 0, 8, 0], "texture": "#0_0"},
				"west": {"uv": [0, 0, 2, 0], "texture": "#0_0"},
				"up": {"uv": [13, 2, 5, 0], "texture": "#0_0"},
				"down": {"uv": [13, 0, 5, 2], "texture": "#0_0"}
			}
		},
		{
			"from": [4, 7.3082, 10.4235],
			"to": [12, 7.3082, 12.4235],
			"rotation": {"angle": 22.5, "axis": "x", "origin": [7.5, 7.3082, 11.4235]},
			"faces": {
				"north": {"uv": [8, 0, 0, 0], "texture": "#0_0"},
				"east": {"uv": [2, 0, 0, 0], "texture": "#0_0"},
				"south": {"uv": [8, 0, 0, 0], "texture": "#0_0"},
				"west": {"uv": [2, 0, 0, 0], "texture": "#0_0"},
				"up": {"uv": [13, 0, 5, 2], "texture": "#0_0"},
				"down": {"uv": [13, 2, 5, 0], "texture": "#0_0"}
			}
		},
		{
			"from": [10.1629, 8.61832, 4],
			"to": [12.1629, 8.61832, 12],
			"rotation": {"angle": -22.5, "axis": "z", "origin": [8, 7.3082, 8]},
			"faces": {
				"north": {"uv": [0, 0, 2, 0], "texture": "#0_0"},
				"east": {"uv": [0, 0, 8, 0], "texture": "#0_0"},
				"south": {"uv": [0, 0, 2, 0], "texture": "#0_0"},
				"west": {"uv": [0, 0, 8, 0], "texture": "#0_0"},
				"up": {"uv": [13, 2, 5, 0], "rotation": 90, "texture": "#0_0"},
				"down": {"uv": [13, 0, 5, 2], "rotation": 270, "texture": "#0_0"}
			}
		},
		{
			"from": [3.8371, 8.61832, 4],
			"to": [5.8371, 8.61832, 12],
			"rotation": {"angle": 22.5, "axis": "z", "origin": [8, 7.3082, 8]},
			"faces": {
				"north": {"uv": [2, 0, 0, 0], "texture": "#0_0"},
				"east": {"uv": [8, 0, 0, 0], "texture": "#0_0"},
				"south": {"uv": [2, 0, 0, 0], "texture": "#0_0"},
				"west": {"uv": [8, 0, 0, 0], "texture": "#0_0"},
				"up": {"uv": [13, 0, 5, 2], "rotation": 90, "texture": "#0_0"},
				"down": {"uv": [13, 2, 5, 0], "rotation": 270, "texture": "#0_0"}
			}
		}
	],
	"gui_light": "front",
	"display": {
		"thirdperson_righthand": {
			"rotation": [65, 0, 0],
			"translation": [0, 1.5, -1]
		},
		"thirdperson_lefthand": {
			"rotation": [15, 0, 0],
			"translation": [-2.75, 5.75, 3.5]
		},
		"firstperson_righthand": {
			"rotation": [15, 0, 0],
			"translation": [-2.75, 5.75, 3.5]
		},
		"firstperson_lefthand": {
			"rotation": [15, 0, 0],
			"translation": [-2.75, 5.75, 3.5]
		},
		"ground": {
			"translation": [0, 3.75, 0],
			"scale": [1.29297, 1.29297, 1.29297]
		},
		"gui": {
			"rotation": [31, 64, 0],
			"scale": [1.31054, 1.31054, 1.31054]
		},
		"head": {
			"translation": [0, 2.25, 0],
			"scale": [3.05664, 3.05664, 3.05664]
		},
		"fixed": {
			"rotation": [-90, 0, 0],
			"translation": [0, 0, -4.5],
			"scale": [4, 4, 4]
		}
	}
}