{
	"format_version": "1.21.6",
	"credit": "Made with Blockbench",
	"texture_size": [56, 56],
	"textures": {
		"2": "skins:item/legacy/grape_helmet",
		"particle": "skins:item/legacy/grape_helmet"
	},
	"elements": [
		{
			"from": [13, 0, 2],
			"to": [15, 4, 14],
			"faces": {
				"north": {"uv": [12, 12.28571, 12.57143, 13.42857], "texture": "#2"},
				"east": {"uv": [3.42857, 0, 6.85714, 1.14286], "texture": "#2"},
				"south": {"uv": [12.57143, 2.57143, 13.14286, 3.71429], "texture": "#2"},
				"west": {"uv": [3.42857, 1.14286, 6.85714, 2.28571], "texture": "#2"},
				"up": {"uv": [7.42857, 6, 6.85714, 2.57143], "texture": "#2"},
				"down": {"uv": [4, 6.85714, 3.42857, 10.28571], "texture": "#2"}
			}
		},
		{
			"from": [2, 4, 2],
			"to": [14, 6, 14],
			"faces": {
				"north": {"uv": [4, 6.85714, 7.42857, 7.42857], "texture": "#2"},
				"east": {"uv": [6.85714, 6, 10.28571, 6.57143], "texture": "#2"},
				"south": {"uv": [7.42857, 2.57143, 10.85714, 3.14286], "texture": "#2"},
				"west": {"uv": [7.42857, 3.14286, 10.85714, 3.71429], "texture": "#2"},
				"up": {"uv": [3.42857, 3.42857, 0, 0], "texture": "#2"},
				"down": {"uv": [3.42857, 3.42857, 0, 6.85714], "texture": "#2"}
			}
		},
		{
			"from": [2, 1, 1],
			"to": [14, 4, 4],
			"faces": {
				"north": {"uv": [0, 6.85714, 3.42857, 7.71429], "texture": "#2"},
				"east": {"uv": [10.28571, 0, 11.14286, 0.85714], "texture": "#2"},
				"south": {"uv": [6.85714, 0, 10.28571, 0.85714], "texture": "#2"},
				"west": {"uv": [10.28571, 0.85714, 11.14286, 1.71429], "texture": "#2"},
				"up": {"uv": [10.28571, 1.71429, 6.85714, 0.85714], "texture": "#2"},
				"down": {"uv": [10.28571, 1.71429, 6.85714, 2.57143], "texture": "#2"}
			}
		},
		{
			"from": [7, 6, 7],
			"to": [9, 8, 9],
			"faces": {
				"north": {"uv": [3.42857, 10.28571, 4, 10.85714], "texture": "#2"},
				"east": {"uv": [10.28571, 6, 10.85714, 6.57143], "texture": "#2"},
				"south": {"uv": [12.85714, 11.71429, 13.42857, 12.28571], "texture": "#2"},
				"west": {"uv": [13.42857, 10.28571, 14, 10.85714], "texture": "#2"},
				"up": {"uv": [0.57143, 14.28571, 0, 13.71429], "texture": "#2"},
				"down": {"uv": [14.28571, 0, 13.71429, 0.57143], "texture": "#2"}
			}
		},
		{
			"from": [7.5, 9.73881, 6.81075],
			"to": [8.5, 12.73881, 7.81075],
			"rotation": {"angle": 22.5, "axis": "x", "origin": [8, 10.73881, 7.31075]},
			"faces": {
				"north": {"uv": [0.57143, 13.71429, 0.85714, 14.57143], "texture": "#2"},
				"east": {"uv": [13.71429, 0.57143, 14, 1.42857], "texture": "#2"},
				"south": {"uv": [0.85714, 13.71429, 1.14286, 14.57143], "texture": "#2"},
				"west": {"uv": [1.14286, 13.71429, 1.42857, 14.57143], "texture": "#2"},
				"up": {"uv": [7.14286, 6.85714, 6.85714, 6.57143], "texture": "#2"},
				"down": {"uv": [7.42857, 6.57143, 7.14286, 6.85714], "texture": "#2"}
			}
		},
		{
			"from": [7.25, 7.50314, 6.7521],
			"to": [8.75, 10.50314, 8.2521],
			"rotation": {"angle": -22.5, "axis": "x", "origin": [8, 9.00314, 7.5021]},
			"faces": {
				"north": {"uv": [13.42857, 11.71429, 13.85714, 12.57143], "texture": "#2"},
				"east": {"uv": [12, 13.42857, 12.42857, 14.28571], "texture": "#2"},
				"south": {"uv": [13.42857, 12.57143, 13.85714, 13.42857], "texture": "#2"},
				"west": {"uv": [13.42857, 13.42857, 13.85714, 14.28571], "texture": "#2"},
				"up": {"uv": [1.85714, 14.14286, 1.42857, 13.71429], "texture": "#2"},
				"down": {"uv": [14.14286, 1.42857, 13.71429, 1.85714], "texture": "#2"}
			}
		},
		{
			"from": [1, 0, 2],
			"to": [3, 4, 14],
			"faces": {
				"north": {"uv": [3.42857, 12.57143, 4, 13.71429], "texture": "#2"},
				"east": {"uv": [3.42857, 2.28571, 6.85714, 3.42857], "texture": "#2"},
				"south": {"uv": [12.57143, 3.71429, 13.14286, 4.85714], "texture": "#2"},
				"west": {"uv": [3.42857, 3.42857, 6.85714, 4.57143], "texture": "#2"},
				"up": {"uv": [4.57143, 10.85714, 4, 7.42857], "texture": "#2"},
				"down": {"uv": [5.14286, 7.42857, 4.57143, 10.85714], "texture": "#2"}
			}
		},
		{
			"from": [2, 0, 13],
			"to": [14, 4, 15],
			"faces": {
				"north": {"uv": [3.42857, 4.57143, 6.85714, 5.71429], "texture": "#2"},
				"east": {"uv": [4, 12.57143, 4.57143, 13.71429], "texture": "#2"},
				"south": {"uv": [3.42857, 5.71429, 6.85714, 6.85714], "texture": "#2"},
				"west": {"uv": [4.57143, 12.57143, 5.14286, 13.71429], "texture": "#2"},
				"up": {"uv": [10.85714, 4.28571, 7.42857, 3.71429], "texture": "#2"},
				"down": {"uv": [10.85714, 4.28571, 7.42857, 4.85714], "texture": "#2"}
			}
		},
		{
			"from": [-1, -1, 10],
			"to": [2, 2, 13],
			"faces": {
				"north": {"uv": [10.28571, 1.71429, 11.14286, 2.57143], "texture": "#2"},
				"east": {"uv": [10.85714, 2.57143, 11.71429, 3.42857], "texture": "#2"},
				"south": {"uv": [3.42857, 10.85714, 4.28571, 11.71429], "texture": "#2"},
				"west": {"uv": [10.85714, 3.42857, 11.71429, 4.28571], "texture": "#2"},
				"up": {"uv": [5.14286, 11.71429, 4.28571, 10.85714], "texture": "#2"},
				"down": {"uv": [11.71429, 4.28571, 10.85714, 5.14286], "texture": "#2"}
			}
		},
		{
			"from": [-0.25, -0.5, 7],
			"to": [2.75, 2.5, 10],
			"faces": {
				"north": {"uv": [5.14286, 10.85714, 6, 11.71429], "texture": "#2"},
				"east": {"uv": [10.85714, 5.14286, 11.71429, 6], "texture": "#2"},
				"south": {"uv": [6, 10.85714, 6.85714, 11.71429], "texture": "#2"},
				"west": {"uv": [10.85714, 6, 11.71429, 6.85714], "texture": "#2"},
				"up": {"uv": [11.71429, 7.71429, 10.85714, 6.85714], "texture": "#2"},
				"down": {"uv": [11.71429, 7.71429, 10.85714, 8.57143], "texture": "#2"}
			}
		},
		{
			"from": [-1, 0.5, 4.5],
			"to": [1.5, 3, 7],
			"faces": {
				"north": {"uv": [12.57143, 4.85714, 13.28571, 5.57143], "texture": "#2"},
				"east": {"uv": [5.14286, 12.57143, 5.85714, 13.28571], "texture": "#2"},
				"south": {"uv": [12.57143, 5.71429, 13.28571, 6.42857], "texture": "#2"},
				"west": {"uv": [6, 12.57143, 6.71429, 13.28571], "texture": "#2"},
				"up": {"uv": [13.28571, 7.28571, 12.57143, 6.57143], "texture": "#2"},
				"down": {"uv": [13.28571, 7.42857, 12.57143, 8.14286], "texture": "#2"}
			}
		},
		{
			"from": [13.25, 2.5, 7.5],
			"to": [15.75, 5, 10],
			"rotation": {"angle": 0, "axis": "y", "origin": [16, 0, 0]},
			"faces": {
				"north": {"uv": [12.57143, 8.28571, 13.28571, 9], "texture": "#2"},
				"east": {"uv": [12.57143, 9.14286, 13.28571, 9.85714], "texture": "#2"},
				"south": {"uv": [12.57143, 10, 13.28571, 10.71429], "texture": "#2"},
				"west": {"uv": [12.57143, 12.28571, 13.28571, 13], "texture": "#2"},
				"up": {"uv": [0.71429, 13.57143, 0, 12.85714], "texture": "#2"},
				"down": {"uv": [13.57143, 0, 12.85714, 0.71429], "texture": "#2"}
			}
		},
		{
			"from": [13.5, 2, 5],
			"to": [16, 4.5, 7.5],
			"rotation": {"angle": 0, "axis": "y", "origin": [16, 0, 0]},
			"faces": {
				"north": {"uv": [0.85714, 12.85714, 1.57143, 13.57143], "texture": "#2"},
				"east": {"uv": [12.85714, 0.85714, 13.57143, 1.57143], "texture": "#2"},
				"south": {"uv": [1.71429, 12.85714, 2.42857, 13.57143], "texture": "#2"},
				"west": {"uv": [12.85714, 1.71429, 13.57143, 2.42857], "texture": "#2"},
				"up": {"uv": [13.57143, 11.57143, 12.85714, 10.85714], "texture": "#2"},
				"down": {"uv": [3.28571, 13.14286, 2.57143, 13.85714], "texture": "#2"}
			}
		},
		{
			"from": [13.25, -0.5, 7],
			"to": [16.25, 2.5, 10],
			"rotation": {"angle": 0, "axis": "y", "origin": [16, 0, 0]},
			"faces": {
				"north": {"uv": [10.85714, 8.57143, 11.71429, 9.42857], "texture": "#2"},
				"east": {"uv": [10.85714, 9.42857, 11.71429, 10.28571], "texture": "#2"},
				"south": {"uv": [10.85714, 10.28571, 11.71429, 11.14286], "texture": "#2"},
				"west": {"uv": [0, 11.14286, 0.85714, 12], "texture": "#2"},
				"up": {"uv": [12, 0.85714, 11.14286, 0], "texture": "#2"},
				"down": {"uv": [1.71429, 11.14286, 0.85714, 12], "texture": "#2"}
			}
		},
		{
			"from": [14, -1, 10],
			"to": [17, 2, 13],
			"rotation": {"angle": 0, "axis": "y", "origin": [16, 0, 0]},
			"faces": {
				"north": {"uv": [11.14286, 0.85714, 12, 1.71429], "texture": "#2"},
				"east": {"uv": [1.71429, 11.14286, 2.57143, 12], "texture": "#2"},
				"south": {"uv": [11.14286, 1.71429, 12, 2.57143], "texture": "#2"},
				"west": {"uv": [2.57143, 11.14286, 3.42857, 12], "texture": "#2"},
				"up": {"uv": [7.71429, 12, 6.85714, 11.14286], "texture": "#2"},
				"down": {"uv": [8.57143, 11.14286, 7.71429, 12], "texture": "#2"}
			}
		},
		{
			"from": [13, -2, 13],
			"to": [16, 1, 16],
			"rotation": {"angle": 0, "axis": "y", "origin": [16, 0, 0]},
			"faces": {
				"north": {"uv": [8.57143, 11.14286, 9.42857, 12], "texture": "#2"},
				"east": {"uv": [9.42857, 11.14286, 10.28571, 12], "texture": "#2"},
				"south": {"uv": [10.28571, 11.14286, 11.14286, 12], "texture": "#2"},
				"west": {"uv": [11.14286, 11.14286, 12, 12], "texture": "#2"},
				"up": {"uv": [12.57143, 3.42857, 11.71429, 2.57143], "texture": "#2"},
				"down": {"uv": [4.28571, 11.71429, 3.42857, 12.57143], "texture": "#2"}
			}
		},
		{
			"from": [10, -1, 13.5],
			"to": [13, 2, 16.5],
			"rotation": {"angle": 0, "axis": "y", "origin": [16, 0, 0]},
			"faces": {
				"north": {"uv": [11.71429, 3.42857, 12.57143, 4.28571], "texture": "#2"},
				"east": {"uv": [4.28571, 11.71429, 5.14286, 12.57143], "texture": "#2"},
				"south": {"uv": [11.71429, 4.28571, 12.57143, 5.14286], "texture": "#2"},
				"west": {"uv": [5.14286, 11.71429, 6, 12.57143], "texture": "#2"},
				"up": {"uv": [12.57143, 6, 11.71429, 5.14286], "texture": "#2"},
				"down": {"uv": [6.85714, 11.71429, 6, 12.57143], "texture": "#2"}
			}
		},
		{
			"from": [6, -0.5, 13.5],
			"to": [10, 3.5, 17.5],
			"rotation": {"angle": 0, "axis": "y", "origin": [16, 0, 0]},
			"faces": {
				"north": {"uv": [7.42857, 4.85714, 8.57143, 6], "texture": "#2"},
				"east": {"uv": [5.14286, 7.42857, 6.28571, 8.57143], "texture": "#2"},
				"south": {"uv": [6.28571, 7.42857, 7.42857, 8.57143], "texture": "#2"},
				"west": {"uv": [7.42857, 6.57143, 8.57143, 7.71429], "texture": "#2"},
				"up": {"uv": [1.14286, 8.85714, 0, 7.71429], "texture": "#2"},
				"down": {"uv": [2.28571, 7.71429, 1.14286, 8.85714], "texture": "#2"}
			}
		},
		{
			"from": [3, -1, 13.5],
			"to": [6, 2, 16.5],
			"faces": {
				"north": {"uv": [11.71429, 6, 12.57143, 6.85714], "texture": "#2"},
				"east": {"uv": [11.71429, 6.85714, 12.57143, 7.71429], "texture": "#2"},
				"south": {"uv": [11.71429, 7.71429, 12.57143, 8.57143], "texture": "#2"},
				"west": {"uv": [11.71429, 8.57143, 12.57143, 9.42857], "texture": "#2"},
				"up": {"uv": [12.57143, 10.28571, 11.71429, 9.42857], "texture": "#2"},
				"down": {"uv": [12.57143, 10.28571, 11.71429, 11.14286], "texture": "#2"}
			}
		},
		{
			"from": [0, -2, 13],
			"to": [3, 1, 16],
			"faces": {
				"north": {"uv": [0, 12, 0.85714, 12.85714], "texture": "#2"},
				"east": {"uv": [12, 0, 12.85714, 0.85714], "texture": "#2"},
				"south": {"uv": [0.85714, 12, 1.71429, 12.85714], "texture": "#2"},
				"west": {"uv": [12, 0.85714, 12.85714, 1.71429], "texture": "#2"},
				"up": {"uv": [2.57143, 12.85714, 1.71429, 12], "texture": "#2"},
				"down": {"uv": [12.85714, 1.71429, 12, 2.57143], "texture": "#2"}
			}
		},
		{
			"from": [14.5, 0.5, 4.5],
			"to": [17, 3, 7],
			"rotation": {"angle": 0, "axis": "y", "origin": [16, 0, 0]},
			"faces": {
				"north": {"uv": [13.14286, 2.57143, 13.85714, 3.28571], "texture": "#2"},
				"east": {"uv": [13.14286, 3.42857, 13.85714, 4.14286], "texture": "#2"},
				"south": {"uv": [6.85714, 13.14286, 7.57143, 13.85714], "texture": "#2"},
				"west": {"uv": [7.71429, 13.14286, 8.42857, 13.85714], "texture": "#2"},
				"up": {"uv": [9.28571, 13.85714, 8.57143, 13.14286], "texture": "#2"},
				"down": {"uv": [10.14286, 13.14286, 9.42857, 13.85714], "texture": "#2"}
			}
		},
		{
			"from": [13.5, 1.5, 1.5],
			"to": [16, 5, 5],
			"rotation": {"angle": 0, "axis": "y", "origin": [16, 0, 0]},
			"faces": {
				"north": {"uv": [2.57143, 12, 3.28571, 13], "texture": "#2"},
				"east": {"uv": [1.14286, 8.85714, 2.14286, 9.85714], "texture": "#2"},
				"south": {"uv": [6.85714, 12, 7.57143, 13], "texture": "#2"},
				"west": {"uv": [2.28571, 8.85714, 3.28571, 9.85714], "texture": "#2"},
				"up": {"uv": [8.42857, 13, 7.71429, 12], "texture": "#2"},
				"down": {"uv": [9.28571, 12, 8.57143, 13], "texture": "#2"}
			}
		},
		{
			"from": [0, 1.5, 1.5],
			"to": [2.5, 5, 5],
			"faces": {
				"north": {"uv": [9.42857, 12, 10.14286, 13], "texture": "#2"},
				"east": {"uv": [7.42857, 8.85714, 8.42857, 9.85714], "texture": "#2"},
				"south": {"uv": [10.28571, 12, 11, 13], "texture": "#2"},
				"west": {"uv": [8.57143, 8.85714, 9.57143, 9.85714], "texture": "#2"},
				"up": {"uv": [11.85714, 13, 11.14286, 12], "texture": "#2"},
				"down": {"uv": [12.71429, 11.14286, 12, 12.14286], "texture": "#2"}
			}
		},
		{
			"from": [2.5, 3, -0.5],
			"to": [6, 6.5, 3],
			"faces": {
				"north": {"uv": [9.71429, 4.85714, 10.71429, 5.85714], "texture": "#2"},
				"east": {"uv": [5.14286, 9.71429, 6.14286, 10.71429], "texture": "#2"},
				"south": {"uv": [6.28571, 9.71429, 7.28571, 10.71429], "texture": "#2"},
				"west": {"uv": [9.71429, 6.57143, 10.71429, 7.57143], "texture": "#2"},
				"up": {"uv": [10.71429, 8.71429, 9.71429, 7.71429], "texture": "#2"},
				"down": {"uv": [10.71429, 8.85714, 9.71429, 9.85714], "texture": "#2"}
			}
		},
		{
			"from": [10, 3, -0.5],
			"to": [13.5, 6.5, 3],
			"rotation": {"angle": 0, "axis": "y", "origin": [16, 0, 0]},
			"faces": {
				"north": {"uv": [0, 10, 1, 11], "texture": "#2"},
				"east": {"uv": [1.14286, 10, 2.14286, 11], "texture": "#2"},
				"south": {"uv": [2.28571, 10, 3.28571, 11], "texture": "#2"},
				"west": {"uv": [7.42857, 10, 8.42857, 11], "texture": "#2"},
				"up": {"uv": [9.57143, 11, 8.57143, 10], "texture": "#2"},
				"down": {"uv": [10.71429, 10, 9.71429, 11], "texture": "#2"}
			}
		},
		{
			"from": [6, 3.5, -1.25],
			"to": [10, 7.5, 2.75],
			"rotation": {"angle": 0, "axis": "y", "origin": [16, 0, 0]},
			"faces": {
				"north": {"uv": [2.28571, 7.71429, 3.42857, 8.85714], "texture": "#2"},
				"east": {"uv": [7.42857, 7.71429, 8.57143, 8.85714], "texture": "#2"},
				"south": {"uv": [8.57143, 4.85714, 9.71429, 6], "texture": "#2"},
				"west": {"uv": [5.14286, 8.57143, 6.28571, 9.71429], "texture": "#2"},
				"up": {"uv": [7.42857, 9.71429, 6.28571, 8.57143], "texture": "#2"},
				"down": {"uv": [9.71429, 6.57143, 8.57143, 7.71429], "texture": "#2"}
			}
		},
		{
			"from": [0, 2, 5],
			"to": [2.5, 4.5, 7.5],
			"faces": {
				"north": {"uv": [10.28571, 13.14286, 11, 13.85714], "texture": "#2"},
				"east": {"uv": [11.14286, 13.14286, 11.85714, 13.85714], "texture": "#2"},
				"south": {"uv": [12.57143, 13.14286, 13.28571, 13.85714], "texture": "#2"},
				"west": {"uv": [13.42857, 4.28571, 14.14286, 5], "texture": "#2"},
				"up": {"uv": [5.85714, 14.14286, 5.14286, 13.42857], "texture": "#2"},
				"down": {"uv": [14.14286, 5.14286, 13.42857, 5.85714], "texture": "#2"}
			}
		},
		{
			"from": [0.25, 2.5, 7.5],
			"to": [2.75, 5, 10],
			"faces": {
				"north": {"uv": [6, 13.42857, 6.71429, 14.14286], "texture": "#2"},
				"east": {"uv": [13.42857, 6, 14.14286, 6.71429], "texture": "#2"},
				"south": {"uv": [13.42857, 6.85714, 14.14286, 7.57143], "texture": "#2"},
				"west": {"uv": [13.42857, 7.71429, 14.14286, 8.42857], "texture": "#2"},
				"up": {"uv": [14.14286, 9.28571, 13.42857, 8.57143], "texture": "#2"},
				"down": {"uv": [14.14286, 9.42857, 13.42857, 10.14286], "texture": "#2"}
			}
		},
		{
			"from": [7.5, 10.25, 7.75],
			"to": [7.5, 14.25, 11.75],
			"rotation": {"angle": -45, "axis": "y", "origin": [8, 10.25, 7.5]},
			"faces": {
				"north": {"uv": [0, 0, 0, 1.14286], "texture": "#2"},
				"east": {"uv": [8.57143, 7.71429, 9.71429, 8.85714], "texture": "#2"},
				"south": {"uv": [0, 0, 0, 1.14286], "texture": "#2"},
				"west": {"uv": [0, 8.85714, 1.14286, 10], "texture": "#2"},
				"up": {"uv": [0, 1.14286, 0, 0], "texture": "#2"},
				"down": {"uv": [0, 0, 0, 1.14286], "texture": "#2"}
			}
		},
		{
			"from": [8.5, 7.25, 7.75],
			"to": [8.5, 11.25, 11.75],
			"rotation": {"angle": 45, "axis": "y", "origin": [8, 10.25, 7.5]},
			"faces": {
				"north": {"uv": [0, 0, 0, 1.14286], "texture": "#2"},
				"east": {"uv": [1.14286, 8.85714, 0, 10], "texture": "#2"},
				"south": {"uv": [0, 0, 0, 1.14286], "texture": "#2"},
				"west": {"uv": [9.71429, 7.71429, 8.57143, 8.85714], "texture": "#2"},
				"up": {"uv": [0, 1.14286, 0, 0], "texture": "#2"},
				"down": {"uv": [0, 0, 0, 1.14286], "texture": "#2"}
			}
		}
	],
	"gui_light": "front",
	"display": {
		"thirdperson_righthand": {
			"rotation": [60, 18, 0],
			"translation": [-0.75, 3.5, 0.25],
			"scale": [0.5, 0.5, 0.5]
		},
		"thirdperson_lefthand": {
			"rotation": [60, 18, 0],
			"translation": [-0.75, 3.5, 0.25],
			"scale": [0.5, 0.5, 0.5]
		},
		"firstperson_righthand": {
			"rotation": [0, 117, 0],
			"translation": [8, 2.5, -10]
		},
		"firstperson_lefthand": {
			"rotation": [0, 117, 0],
			"translation": [8, 2.5, -10]
		},
		"ground": {
			"translation": [0, 4.25, 0],
			"scale": [0.68164, 0.68164, 0.68164]
		},
		"gui": {
			"rotation": [22.5, 145, 0],
			"translation": [-0.25, 1.25, 0],
			"scale": [0.63867, 0.63867, 0.63867]
		},
		"head": {
			"translation": [0, 11.75, 0],
			"scale": [1.22461, 1.22461, 1.22461]
		},
		"fixed": {
			"rotation": [-96, 0, 0],
			"translation": [0, -1.5, -15.25],
			"scale": [1.63672, 1.63672, 1.63672]
		}
	},
	"groups": [
		{
			"name": "group",
			"origin": [0, 0, 0],
			"color": 0,
			"children": [0, 1, 2, 3, 4, 5, 6, 7, 8, 9, 10, 11, 12, 13, 14, 15, 16, 17, 18, 19, 20, 21, 22, 23, 24, 25, 26, 27, 28, 29]
		}
	]
}