{
	"format_version": "1.21.6",
	"credit": "Made with Blockbench",
	"texture_size": [48, 48],
	"textures": {
		"1": "skins:item/legacy/bell",
		"3": "skins:item/legacy/jester_mask",
		"particle": "skins:item/legacy/jester_mask"
	},
	"elements": [
		{
			"from": [4.5, 4.75, 4.5],
			"to": [11.5, 8, 11.5],
			"rotation": {"angle": 0, "axis": "y", "origin": [7.5, 0, 7.5]},
			"faces": {
				"north": {"uv": [7.33333, 8.33333, 9.66667, 9.5], "texture": "#3"},
				"east": {"uv": [9.66667, 0, 12, 1.16667], "texture": "#3"},
				"south": {"uv": [9.66667, 1.33333, 12, 2.5], "texture": "#3"},
				"west": {"uv": [9.66667, 2.66667, 12, 3.83333], "texture": "#3"},
				"up": {"uv": [7.33333, 2.33333, 5, 0], "texture": "#3"},
				"down": {"uv": [7.33333, 2.33333, 5, 4.66667], "texture": "#3"}
			}
		},
		{
			"from": [0.501, -0.275, 0.5],
			"to": [15.501, -0.275, 15.5],
			"rotation": {"angle": 0, "axis": "y", "origin": [7.501, -0.1, 7.5]},
			"faces": {
				"north": {"uv": [0, 0, 5, 0], "texture": "#3"},
				"east": {"uv": [0, 0, 5, 0], "texture": "#3"},
				"south": {"uv": [0, 0, 5, 0], "texture": "#3"},
				"west": {"uv": [0, 0, 5, 0], "texture": "#3"},
				"up": {"uv": [5, 5, 0, 0], "texture": "#3"},
				"down": {"uv": [5, 0, 0, 5], "texture": "#3"}
			}
		},
		{
			"from": [4.5, -0.25, 4.65],
			"to": [11.5, 4.75, 5.15],
			"rotation": {"angle": 0, "axis": "y", "origin": [7.5, -0.25, 7.5]},
			"faces": {
				"north": {"uv": [5, 4.66667, 7.33333, 6.33333], "texture": "#3"},
				"south": {"uv": [5, 6.33333, 7.33333, 8], "texture": "#3"}
			}
		},
		{
			"from": [4.5, -0.25, 4.65],
			"to": [11.5, 4.75, 5.15],
			"rotation": {"angle": 0, "axis": "y", "origin": [7.5, -0.25, 7.5]},
			"faces": {
				"north": {"uv": [5, 4.66667, 7.33333, 6.33333], "texture": "#3"},
				"south": {"uv": [5, 4.66667, 7.33333, 6.33333], "texture": "#3"},
				"up": {"uv": [14.66667, 8.5, 12.33333, 8.33333], "texture": "#3"},
				"down": {"uv": [14.66667, 8.66667, 12.33333, 8.83333], "texture": "#3"}
			}
		},
		{
			"from": [11.5, -0.25, 4.5],
			"to": [11.5, 4.75, 11.5],
			"rotation": {"angle": 0, "axis": "y", "origin": [7.5, 0.75, 7.5]},
			"faces": {
				"north": {"uv": [0, 0, 0, 1.66667], "texture": "#3"},
				"east": {"uv": [7.33333, 0, 9.66667, 1.66667], "texture": "#3"},
				"south": {"uv": [0, 0, 0, 1.66667], "texture": "#3"},
				"west": {"uv": [9.66667, 0, 7.33333, 1.66667], "texture": "#3"},
				"up": {"uv": [0, 2.33333, 0, 0], "texture": "#3"},
				"down": {"uv": [0, 0, 0, 2.33333], "texture": "#3"}
			}
		},
		{
			"from": [4.5, -0.25, 4.5],
			"to": [4.5, 4.75, 11.5],
			"rotation": {"angle": 0, "axis": "y", "origin": [8.5, 0.75, 7.5]},
			"faces": {
				"north": {"uv": [0, 0, 0, 1.66667], "texture": "#3"},
				"east": {"uv": [9.66667, 3.66667, 7.33333, 5.33333], "texture": "#3"},
				"south": {"uv": [0, 0, 0, 1.66667], "texture": "#3"},
				"west": {"uv": [7.33333, 3.66667, 9.66667, 5.33333], "texture": "#3"},
				"up": {"uv": [0, 2.33333, 0, 0], "texture": "#3"},
				"down": {"uv": [0, 0, 0, 2.33333], "texture": "#3"}
			}
		},
		{
			"from": [4.5, -0.25, 11.5],
			"to": [11.5, 4.75, 11.5],
			"rotation": {"angle": 0, "axis": "y", "origin": [7.5, 0.75, 7.5]},
			"faces": {
				"north": {"uv": [7.33333, 8, 5, 9.66667], "texture": "#3"},
				"east": {"uv": [0, 0, 0, 1.66667], "texture": "#3"},
				"south": {"uv": [5, 8, 7.33333, 9.66667], "texture": "#3"},
				"west": {"uv": [0, 0, 0, 1.66667], "texture": "#3"},
				"up": {"uv": [2.33333, 0, 0, 0], "texture": "#3"},
				"down": {"uv": [2.33333, 0, 0, 0], "texture": "#3"}
			}
		},
		{
			"from": [8.93231, 6.26109, 6.28],
			"to": [12.83731, 9.70109, 9.72],
			"rotation": {"angle": -45, "axis": "z", "origin": [10.57981, 8.41109, 8]},
			"faces": {
				"north": {"uv": [9.66667, 4, 11, 5.16667], "texture": "#3"},
				"east": {"uv": [10.33333, 10.33333, 11.5, 11.5], "texture": "#3"},
				"south": {"uv": [5, 9.66667, 6.33333, 10.83333], "texture": "#3"},
				"west": {"uv": [0, 11, 1.16667, 12.16667], "texture": "#3"},
				"up": {"uv": [11, 6.5, 9.66667, 5.33333], "texture": "#3"},
				"down": {"uv": [7.66667, 9.66667, 6.33333, 10.83333], "texture": "#3"}
			}
		},
		{
			"from": [12.90121, 8.01784, 6.96],
			"to": [17.20121, 10.81284, 9.04],
			"rotation": {"angle": -22.5, "axis": "z", "origin": [15.05121, 9.31534, 8]},
			"faces": {
				"north": {"uv": [0, 10, 1.5, 11], "texture": "#3"},
				"east": {"uv": [12, 9.33333, 12.66667, 10.33333], "texture": "#3"},
				"south": {"uv": [1.66667, 10, 3.16667, 11], "texture": "#3"},
				"west": {"uv": [0.66667, 12.33333, 1.33333, 13.33333], "texture": "#3"},
				"up": {"uv": [10.16667, 11.66667, 8.66667, 11], "texture": "#3"},
				"down": {"uv": [10.16667, 11.66667, 8.66667, 12.33333], "texture": "#3"}
			}
		},
		{
			"from": [16.00514, 5.22891, 7.175],
			"to": [18.37014, 9.52891, 8.825],
			"rotation": {"angle": 22.5, "axis": "z", "origin": [16.98764, 7.37891, 8]},
			"faces": {
				"north": {"uv": [4, 11, 4.83333, 12.5], "texture": "#3"},
				"east": {"uv": [7, 12, 7.5, 13.5], "texture": "#3"},
				"south": {"uv": [11, 4, 11.83333, 5.5], "texture": "#3"},
				"west": {"uv": [7.66667, 12, 8.16667, 13.5], "texture": "#3"},
				"up": {"uv": [3.5, 12.83333, 2.66667, 12.33333], "texture": "#3"},
				"down": {"uv": [13.16667, 7, 12.33333, 7.5], "texture": "#3"}
			}
		},
		{
			"from": [13.26615, 0.20885, 8],
			"to": [20.63115, 9.25885, 8],
			"rotation": {"angle": 0, "axis": "x", "origin": [17.19865, 7.35885, 8.75]},
			"faces": {
				"north": {"uv": [0, 0, 16, 16], "texture": "#1"},
				"east": {"uv": [0, 0, 0, 3.16667], "texture": "#1"},
				"south": {"uv": [16, 0, 0, 16], "texture": "#1"},
				"west": {"uv": [0, 0, 0, 3.16667], "texture": "#1"},
				"up": {"uv": [2.5, 0, 0, 0], "texture": "#1"},
				"down": {"uv": [2.5, 0, 0, 0], "texture": "#1"}
			}
		},
		{
			"from": [10.98995, 7.8674, 6.745],
			"to": [14.42995, 11.0924, 9.255],
			"rotation": {"angle": 22.5, "axis": "z", "origin": [12.70995, 9.4799, 7.785]},
			"faces": {
				"north": {"uv": [6, 11, 7.16667, 12], "texture": "#3"},
				"east": {"uv": [12, 4, 12.83333, 5], "texture": "#3"},
				"south": {"uv": [7.33333, 11, 8.5, 12], "texture": "#3"},
				"west": {"uv": [12, 5, 12.83333, 6], "texture": "#3"},
				"up": {"uv": [13.16667, 0.83333, 12, 0], "texture": "#3"},
				"down": {"uv": [13.16667, 1, 12, 1.83333], "texture": "#3"}
			}
		},
		{
			"from": [-4.63115, 0.20885, 8],
			"to": [2.73385, 9.25885, 8],
			"rotation": {"angle": 0, "axis": "x", "origin": [-1.19865, 7.35885, 8.75]},
			"faces": {
				"north": {"uv": [16, 0, 0, 16], "texture": "#1"},
				"east": {"uv": [0, 0, 0, 3.16667], "texture": "#1"},
				"south": {"uv": [0, 0, 16, 16], "texture": "#1"},
				"west": {"uv": [0, 0, 0, 3.16667], "texture": "#1"},
				"up": {"uv": [0, 0, 2.5, 0], "texture": "#1"},
				"down": {"uv": [0, 0, 2.5, 0], "texture": "#1"}
			}
		},
		{
			"from": [3.16269, 6.26109, 6.28],
			"to": [7.06769, 9.70109, 9.72],
			"rotation": {"angle": 45, "axis": "z", "origin": [5.42019, 8.41109, 8]},
			"faces": {
				"north": {"uv": [9.66667, 6.66667, 11, 7.83333], "texture": "#3"},
				"east": {"uv": [1.33333, 11, 2.5, 12.16667], "texture": "#3"},
				"south": {"uv": [7.66667, 9.66667, 9, 10.83333], "texture": "#3"},
				"west": {"uv": [2.66667, 11, 3.83333, 12.16667], "texture": "#3"},
				"up": {"uv": [11, 9.16667, 9.66667, 8], "texture": "#3"},
				"down": {"uv": [10.33333, 9.66667, 9, 10.83333], "texture": "#3"}
			}
		},
		{
			"from": [-1.20121, 8.01784, 6.96],
			"to": [3.09879, 10.81284, 9.04],
			"rotation": {"angle": 22.5, "axis": "z", "origin": [0.94879, 9.31534, 8]},
			"faces": {
				"north": {"uv": [3.33333, 10, 4.83333, 11], "texture": "#3"},
				"east": {"uv": [1.33333, 12.33333, 2, 13.33333], "texture": "#3"},
				"south": {"uv": [10.33333, 9.33333, 11.83333, 10.33333], "texture": "#3"},
				"west": {"uv": [2, 12.33333, 2.66667, 13.33333], "texture": "#3"},
				"up": {"uv": [11.83333, 12.33333, 10.33333, 11.66667], "texture": "#3"},
				"down": {"uv": [13.16667, 10.33333, 11.66667, 11], "texture": "#3"}
			}
		},
		{
			"from": [1.57005, 7.8674, 6.745],
			"to": [5.01005, 11.0924, 9.255],
			"rotation": {"angle": -22.5, "axis": "z", "origin": [3.29005, 9.4799, 7.785]},
			"faces": {
				"north": {"uv": [11, 7.33333, 12.16667, 8.33333], "texture": "#3"},
				"east": {"uv": [6, 12, 6.83333, 13], "texture": "#3"},
				"south": {"uv": [11, 8.33333, 12.16667, 9.33333], "texture": "#3"},
				"west": {"uv": [12, 6, 12.83333, 7], "texture": "#3"},
				"up": {"uv": [13.16667, 2.83333, 12, 2], "texture": "#3"},
				"down": {"uv": [13.16667, 3, 12, 3.83333], "texture": "#3"}
			}
		},
		{
			"from": [-2.37014, 5.22891, 7.175],
			"to": [-0.00514, 9.52891, 8.825],
			"rotation": {"angle": -22.5, "axis": "z", "origin": [-0.98764, 7.37891, 8]},
			"faces": {
				"north": {"uv": [5, 11, 5.83333, 12.5], "texture": "#3"},
				"east": {"uv": [12, 11, 12.5, 12.5], "texture": "#3"},
				"south": {"uv": [11, 5.66667, 11.83333, 7.16667], "texture": "#3"},
				"west": {"uv": [0, 12.33333, 0.5, 13.83333], "texture": "#3"},
				"up": {"uv": [13.16667, 8.16667, 12.33333, 7.66667], "texture": "#3"},
				"down": {"uv": [9.16667, 12.33333, 8.33333, 12.83333], "texture": "#3"}
			}
		}
	],
	"gui_light": "front",
	"display": {
		"thirdperson_righthand": {
			"rotation": [70, 0, 0],
			"translation": [0, 3.75, 5],
			"scale": [0.91, 0.91, 0.91]
		},
		"thirdperson_lefthand": {
			"rotation": [70, 0, 0],
			"translation": [0, 3.75, 5],
			"scale": [0.91, 0.91, 0.91]
		},
		"firstperson_righthand": {
			"rotation": [0, 119, 0],
			"translation": [0, 8.25, 0.75],
			"scale": [0.84, 0.84, 0.84]
		},
		"firstperson_lefthand": {
			"rotation": [0, 119, 0],
			"translation": [0, 8.25, 0.75],
			"scale": [0.84, 0.84, 0.84]
		},
		"ground": {
			"translation": [0, 7, 0],
			"scale": [1.1475, 1.1475, 1.1475]
		},
		"gui": {
			"rotation": [26, 152, 0],
			"translation": [0, 1.75, 0],
			"scale": [0.79203, 0.79203, 0.79203]
		},
		"head": {
			"translation": [0, 10.5, -0.08],
			"scale": [2.15852, 2.15852, 2.15852]
		},
		"fixed": {
			"rotation": [-90, 0, 0],
			"translation": [-0.25, -0.25, -26],
			"scale": [2.96, 2.96, 2.96]
		}
	},
	"groups": [
		{
			"name": "group",
			"origin": [8, 8, 8],
			"color": 0,
			"children": [
				{
					"name": "group",
					"origin": [-1.19865, 7.35885, 8.75],
					"color": 0,
					"children": [0]
				},
				{
					"name": "group",
					"origin": [7.501, -0.1, 7.5],
					"color": 0,
					"children": [1]
				},
				{
					"name": "group",
					"origin": [8.5, 0.75, 7.5],
					"color": 0,
					"children": [2, 3, 4, 5, 6]
				},
				{
					"name": "group",
					"origin": [12.70995, 9.4799, 7.785],
					"color": 0,
					"children": [7, 8, 9, 10, 11]
				},
				{
					"name": "group",
					"origin": [-0.98764, 7.37891, 8],
					"color": 0,
					"children": [12, 13, 14, 15, 16]
				}
			]
		}
	]
}