{
	"format_version": "1.21.6",
	"credit": "Made with Blockbench",
	"texture_size": [24, 24],
	"textures": {
		"0": "skins:item/legacy/magician_hat",
		"particle": "skins:item/legacy/magician_hat"
	},
	"elements": [
		{
			"from": [3.25, 1, 3.25],
			"to": [12.75, 1, 12.75],
			"rotation": {"angle": 0, "axis": "y", "origin": [7.5, 0, 7.5]},
			"faces": {
				"north": {"uv": [0, 0, 6.33333, 0], "texture": "#0"},
				"east": {"uv": [0, 0, 6.33333, 0], "texture": "#0"},
				"south": {"uv": [0, 0, 6.33333, 0], "texture": "#0"},
				"west": {"uv": [0, 0, 6.33333, 0], "texture": "#0"},
				"up": {"uv": [6.33333, 6.33333, 0, 0], "texture": "#0"},
				"down": {"uv": [6.33333, 7, 0, 13.33333], "texture": "#0"}
			}
		},
		{
			"from": [5, 1, 5],
			"to": [11, 5, 11],
			"rotation": {"angle": 0, "axis": "y", "origin": [7.5, 0, 7.5]},
			"faces": {
				"north": {"uv": [6.66667, 4.33333, 10.66667, 7], "texture": "#0"},
				"east": {"uv": [6.66667, 4.33333, 10.66667, 7], "texture": "#0"},
				"south": {"uv": [6.66667, 4.33333, 10.66667, 7], "texture": "#0"},
				"west": {"uv": [6.66667, 4.33333, 10.66667, 7], "texture": "#0"},
				"up": {"uv": [10.66667, 4, 6.66667, 0], "texture": "#0"}
			}
		},
		{
			"from": [4.8875, 1, 4.85],
			"to": [11.1125, 2.5, 11.15],
			"rotation": {"angle": 0, "axis": "y", "origin": [7.4875, 0, 7.5]},
			"faces": {
				"north": {"uv": [6.33333, 12.33333, 16, 16], "texture": "#0"},
				"east": {"uv": [6.33333, 12.33333, 16, 16], "texture": "#0"},
				"south": {"uv": [6.33333, 12.33333, 16, 16], "texture": "#0"},
				"west": {"uv": [6.33333, 12.33333, 16, 16], "texture": "#0"},
				"up": {"uv": [16, 0, 16, 0], "texture": "#0"}
			}
		}
	],
	"gui_light": "front",
	"display": {
		"thirdperson_righthand": {
			"rotation": [70, 0, 0],
			"translation": [0, 3.5, 3.75],
			"scale": [1.00375, 1.00375, 1.00375]
		},
		"thirdperson_lefthand": {
			"rotation": [70, 0, 0],
			"translation": [0, 3.5, 3.75],
			"scale": [1.00375, 1.00375, 1.00375]
		},
		"firstperson_righthand": {
			"rotation": [0, -45, 0],
			"translation": [0, 10, 0],
			"scale": [1.07633, 1.07633, 1.07633]
		},
		"firstperson_lefthand": {
			"rotation": [0, -45, 0],
			"translation": [0, 10, 0],
			"scale": [1.07633, 1.07633, 1.07633]
		},
		"ground": {
			"translation": [0, 6.5, 0],
			"scale": [1.22, 1.22, 1.22]
		},
		"gui": {
			"rotation": [38, 140, 0],
			"translation": [0, 4.75, 0],
			"scale": [1.22211, 1.22211, 1.22211]
		},
		"head": {
			"translation": [0, 18.25, 0.17],
			"scale": [2.46, 2.46, 2.46]
		},
		"fixed": {
			"rotation": [-90, 0, 0],
			"translation": [0, 0, -22.25],
			"scale": [2.96, 2.96, 2.96]
		}
	},
	"groups": [
		{
			"name": "group",
			"origin": [8, 8, 8],
			"color": 0,
			"children": [0, 1, 2]
		}
	]
}