{
	"format_version": "1.21.6",
	"credit": "Made with Blockbench",
	"texture_size": [32, 32],
	"textures": {
		"0": "skins:item/legacy/hardhat_headlamps",
		"particle": "skins:item/legacy/hardhat_headlamps"
	},
	"elements": [
		{
			"from": [5, 0.5, 5],
			"to": [11, 4.5, 11],
			"faces": {
				"north": {"uv": [3.5, 6, 6.5, 8], "texture": "#0"},
				"east": {"uv": [9.5, 4, 6.5, 6], "texture": "#0"},
				"south": {"uv": [6.5, 2, 9.5, 4], "texture": "#0"},
				"west": {"uv": [6.5, 4, 9.5, 6], "texture": "#0"},
				"up": {"uv": [6.5, 3, 3.5, 0], "texture": "#0"},
				"down": {"uv": [6.5, 3, 3.5, 6], "texture": "#0"}
			}
		},
		{
			"from": [6.5, 1, 4],
			"to": [9.5, 4, 5],
			"faces": {
				"north": {"uv": [6.5, 6, 8, 7.5], "texture": "#0"},
				"east": {"uv": [0, 8.5, 0.5, 10], "texture": "#0"},
				"south": {"uv": [0, 7, 1.5, 8.5], "texture": "#0"},
				"west": {"uv": [0.5, 8.5, 1, 10], "texture": "#0"},
				"up": {"uv": [3, 7.5, 1.5, 7], "texture": "#0"},
				"down": {"uv": [3, 7.5, 1.5, 8], "texture": "#0"}
			}
		},
		{
			"from": [4.5, 0, 4.5],
			"to": [11.5, 1, 11.5],
			"faces": {
				"north": {"uv": [6.5, 7.5, 10, 8], "texture": "#0"},
				"east": {"uv": [1.5, 8, 5, 8.5], "texture": "#0"},
				"south": {"uv": [5, 8, 8.5, 8.5], "texture": "#0"},
				"west": {"uv": [5, 8, 1.5, 8.5], "texture": "#0"},
				"up": {"uv": [3.5, 3.5, 0, 0], "texture": "#0"},
				"down": {"uv": [3.5, 3.5, 0, 7], "texture": "#0"}
			}
		},
		{
			"from": [7, 1, 4.5],
			"to": [9, 5, 11.5],
			"faces": {
				"north": {"uv": [10.5, 3.5, 11.5, 5.5], "texture": "#0"},
				"east": {"uv": [6.5, 2, 10, 0], "texture": "#0"},
				"south": {"uv": [9.5, 3.5, 10.5, 5.5], "texture": "#0"},
				"west": {"uv": [6.5, 0, 10, 2], "texture": "#0"},
				"up": {"uv": [10, 0, 11, 3.5], "texture": "#0"},
				"down": {"uv": [11, 0, 12, 3.5], "texture": "#0"}
			}
		}
	],
	"gui_light": "front",
	"display": {
		"thirdperson_righthand": {
			"rotation": [65, 0, 0],
			"translation": [0, 3.5, 4],
			"scale": [0.80273, 0.80273, 0.80273]
		},
		"thirdperson_lefthand": {
			"rotation": [65, 0, 0],
			"translation": [0, 3.5, 4],
			"scale": [0.80273, 0.80273, 0.80273]
		},
		"firstperson_righthand": {
			"translation": [0, 7.5, 2],
			"scale": [0.7, 0.7, 0.7]
		},
		"firstperson_lefthand": {
			"translation": [0, 7.5, 2],
			"scale": [0.7, 0.7, 0.7]
		},
		"ground": {
			"translation": [0, 5, 0]
		},
		"gui": {
			"rotation": [35, -135, 0],
			"translation": [0, 6.5, 0],
			"scale": [1.4, 1.4, 1.4]
		},
		"head": {
			"translation": [0, 21.5, 0],
			"scale": [2.5, 2.5, 2.5]
		},
		"fixed": {
			"rotation": [-90, 0, 0],
			"translation": [0, 0.5, -24],
			"scale": [3, 3, 3]
		}
	},
	"groups": [
		{
			"name": "group",
			"origin": [0, 0, 0],
			"color": 0,
			"children": [0, 1, 2, 3]
		}
	]
}