{
	"format_version": "1.21.6",
	"credit": "Made with Blockbench",
	"texture_size": [48, 48],
	"textures": {
		"1": "skins:item/legacy/orange_helmet",
		"particle": "skins:item/legacy/orange_helmet"
	},
	"elements": [
		{
			"from": [8.25, 13.5, 8.5],
			"to": [8.25, 18.5, 13.5],
			"rotation": {"angle": 45, "axis": "y", "origin": [8, 13.5, 8.5]},
			"faces": {
				"north": {"uv": [0, 0, 0, 1.66667], "texture": "#1"},
				"east": {"uv": [10, 0, 11.66667, 1.66667], "texture": "#1"},
				"south": {"uv": [0, 0, 0, 1.66667], "texture": "#1"},
				"west": {"uv": [10, 1.66667, 11.66667, 3.33333], "texture": "#1"},
				"up": {"uv": [0, 1.66667, 0, 0], "texture": "#1"},
				"down": {"uv": [0, 0, 0, 1.66667], "texture": "#1"}
			}
		},
		{
			"from": [7.75, 13.5, 8.5],
			"to": [7.75, 18.5, 13.5],
			"rotation": {"angle": -45, "axis": "y", "origin": [8, 13.5, 8.5]},
			"faces": {
				"north": {"uv": [0, 0, 0, 1.66667], "texture": "#1"},
				"east": {"uv": [2, 10, 3.66667, 11.66667], "texture": "#1"},
				"south": {"uv": [0, 0, 0, 1.66667], "texture": "#1"},
				"west": {"uv": [3.66667, 10, 5.33333, 11.66667], "texture": "#1"},
				"up": {"uv": [0, 1.66667, 0, 0], "texture": "#1"},
				"down": {"uv": [0, 0, 0, 1.66667], "texture": "#1"}
			}
		},
		{
			"from": [13, 0, 8],
			"to": [15, 10, 14],
			"faces": {
				"north": {"uv": [0, 11.33333, 0.66667, 14.66667], "texture": "#1"},
				"east": {"uv": [4, 6.66667, 6, 10], "texture": "#1"},
				"south": {"uv": [0.66667, 11.33333, 1.33333, 14.66667], "texture": "#1"},
				"west": {"uv": [6, 6.66667, 8, 10], "texture": "#1"},
				"up": {"uv": [2.66667, 13.66667, 2, 11.66667], "texture": "#1"},
				"down": {"uv": [3.33333, 11.66667, 2.66667, 13.66667], "texture": "#1"}
			}
		},
		{
			"from": [2, 10, 2],
			"to": [14, 12, 14],
			"faces": {
				"north": {"uv": [10, 5.33333, 14, 6], "texture": "#1"},
				"east": {"uv": [10, 6, 14, 6.66667], "texture": "#1"},
				"south": {"uv": [10, 6.66667, 14, 7.33333], "texture": "#1"},
				"west": {"uv": [10, 7.33333, 14, 8], "texture": "#1"},
				"up": {"uv": [4, 4, 0, 0], "texture": "#1"},
				"down": {"uv": [4, 4, 0, 8], "texture": "#1"}
			}
		},
		{
			"from": [2, 7, 1],
			"to": [14, 10, 2],
			"faces": {
				"north": {"uv": [8, 3.33333, 12, 4.33333], "texture": "#1"},
				"east": {"uv": [13.33333, 13.33333, 13.66667, 14.33333], "texture": "#1"},
				"south": {"uv": [8, 4.33333, 12, 5.33333], "texture": "#1"},
				"west": {"uv": [2, 13.66667, 2.33333, 14.66667], "texture": "#1"},
				"up": {"uv": [15.66667, 2.33333, 11.66667, 2], "texture": "#1"},
				"down": {"uv": [15.66667, 2.33333, 11.66667, 2.66667], "texture": "#1"}
			}
		},
		{
			"from": [7, 12, 7],
			"to": [9, 14, 9],
			"faces": {
				"north": {"uv": [12.33333, 4.66667, 13, 5.33333], "texture": "#1"},
				"east": {"uv": [12.66667, 2.66667, 13.33333, 3.33333], "texture": "#1"},
				"south": {"uv": [12.66667, 3.33333, 13.33333, 4], "texture": "#1"},
				"west": {"uv": [12.66667, 4, 13.33333, 4.66667], "texture": "#1"},
				"up": {"uv": [13.33333, 12.66667, 12.66667, 12], "texture": "#1"},
				"down": {"uv": [13.33333, 12.66667, 12.66667, 13.33333], "texture": "#1"}
			}
		},
		{
			"from": [1, 0, 8],
			"to": [3, 10, 14],
			"faces": {
				"north": {"uv": [1.33333, 11.33333, 2, 14.66667], "texture": "#1"},
				"east": {"uv": [0, 8, 2, 11.33333], "texture": "#1"},
				"south": {"uv": [9.33333, 11.33333, 10, 14.66667], "texture": "#1"},
				"west": {"uv": [8, 0, 10, 3.33333], "texture": "#1"},
				"up": {"uv": [4, 13.66667, 3.33333, 11.66667], "texture": "#1"},
				"down": {"uv": [4.66667, 11.66667, 4, 13.66667], "texture": "#1"}
			}
		},
		{
			"from": [13, 4, 2],
			"to": [14, 10, 8],
			"faces": {
				"north": {"uv": [8.33333, 12, 8.66667, 14], "texture": "#1"},
				"east": {"uv": [2, 8, 4, 10], "texture": "#1"},
				"south": {"uv": [8.66667, 12, 9, 14], "texture": "#1"},
				"west": {"uv": [8, 5.33333, 10, 7.33333], "texture": "#1"},
				"up": {"uv": [9.33333, 14, 9, 12], "texture": "#1"},
				"down": {"uv": [11.66667, 12, 11.33333, 14], "texture": "#1"}
			}
		},
		{
			"from": [2, 4, 2],
			"to": [3, 10, 8],
			"faces": {
				"north": {"uv": [11.66667, 12, 12, 14], "texture": "#1"},
				"east": {"uv": [8, 7.33333, 10, 9.33333], "texture": "#1"},
				"south": {"uv": [12, 12, 12.33333, 14], "texture": "#1"},
				"west": {"uv": [8, 9.33333, 10, 11.33333], "texture": "#1"},
				"up": {"uv": [12.66667, 4.66667, 12.33333, 2.66667], "texture": "#1"},
				"down": {"uv": [12.66667, 12, 12.33333, 14], "texture": "#1"}
			}
		},
		{
			"from": [2, 0, 13],
			"to": [14, 10, 15],
			"faces": {
				"north": {"uv": [4, 0, 8, 3.33333], "texture": "#1"},
				"east": {"uv": [10, 11.33333, 10.66667, 14.66667], "texture": "#1"},
				"south": {"uv": [4, 3.33333, 8, 6.66667], "texture": "#1"},
				"west": {"uv": [10.66667, 11.33333, 11.33333, 14.66667], "texture": "#1"},
				"up": {"uv": [14, 8.66667, 10, 8], "texture": "#1"},
				"down": {"uv": [14, 8.66667, 10, 9.33333], "texture": "#1"}
			}
		},
		{
			"from": [1.5, -1.5, 1],
			"to": [2.5, -0.5, 5],
			"rotation": {"angle": 0, "axis": "y", "origin": [8, 4.75, 1]},
			"faces": {
				"north": {"uv": [4, 13.66667, 4.33333, 14], "texture": "#1"},
				"east": {"uv": [13, 4.66667, 14.33333, 5], "texture": "#1"},
				"south": {"uv": [4.33333, 13.66667, 4.66667, 14], "texture": "#1"},
				"west": {"uv": [13, 5, 14.33333, 5.33333], "texture": "#1"},
				"up": {"uv": [13.66667, 4, 13.33333, 2.66667], "texture": "#1"},
				"down": {"uv": [13.66667, 12, 13.33333, 13.33333], "texture": "#1"}
			}
		},
		{
			"from": [1.5, 0.5, -2],
			"to": [2.5, 2.5, 8],
			"rotation": {"angle": 0, "axis": "y", "origin": [8, 4.75, 1]},
			"faces": {
				"north": {"uv": [11.66667, 2.66667, 12, 3.33333], "texture": "#1"},
				"east": {"uv": [11.33333, 11.33333, 14.66667, 12], "texture": "#1"},
				"south": {"uv": [2.33333, 13.66667, 2.66667, 14.33333], "texture": "#1"},
				"west": {"uv": [11.66667, 0, 15, 0.66667], "texture": "#1"},
				"up": {"uv": [6.33333, 15.33333, 6, 12], "texture": "#1"},
				"down": {"uv": [6.66667, 12, 6.33333, 15.33333], "texture": "#1"}
			}
		},
		{
			"from": [1.5, 2.5, -3],
			"to": [2.5, 4.5, 9],
			"rotation": {"angle": 0, "axis": "y", "origin": [8, 4.75, 1]},
			"faces": {
				"north": {"uv": [2.66667, 13.66667, 3, 14.33333], "texture": "#1"},
				"east": {"uv": [10, 9.33333, 14, 10], "texture": "#1"},
				"south": {"uv": [13.66667, 2.66667, 14, 3.33333], "texture": "#1"},
				"west": {"uv": [10, 10, 14, 10.66667], "texture": "#1"},
				"up": {"uv": [5, 15.66667, 4.66667, 11.66667], "texture": "#1"},
				"down": {"uv": [5.33333, 11.66667, 5, 15.66667], "texture": "#1"}
			}
		},
		{
			"from": [1.5, -0.5, -1],
			"to": [2.5, 0.5, 7],
			"rotation": {"angle": 0, "axis": "y", "origin": [8, 4.75, 1]},
			"faces": {
				"north": {"uv": [13.66667, 12, 14, 12.33333], "texture": "#1"},
				"east": {"uv": [5.33333, 10, 8, 10.33333], "texture": "#1"},
				"south": {"uv": [13.66667, 12.33333, 14, 12.66667], "texture": "#1"},
				"west": {"uv": [5.33333, 10.33333, 8, 10.66667], "texture": "#1"},
				"up": {"uv": [12.33333, 5.33333, 12, 2.66667], "texture": "#1"},
				"down": {"uv": [7.66667, 12, 7.33333, 14.66667], "texture": "#1"}
			}
		},
		{
			"from": [13.5, -1.5, 1],
			"to": [14.5, -0.5, 5],
			"rotation": {"angle": 0, "axis": "y", "origin": [8, 4.75, 1]},
			"faces": {
				"north": {"uv": [13.66667, 12.66667, 14, 13], "texture": "#1"},
				"east": {"uv": [13.33333, 4, 14.66667, 4.33333], "texture": "#1"},
				"south": {"uv": [13.66667, 13, 14, 13.33333], "texture": "#1"},
				"west": {"uv": [13.33333, 4.33333, 14.66667, 4.66667], "texture": "#1"},
				"up": {"uv": [13, 14.66667, 12.66667, 13.33333], "texture": "#1"},
				"down": {"uv": [13.33333, 13.33333, 13, 14.66667], "texture": "#1"}
			}
		},
		{
			"from": [13.5, 0.5, -2],
			"to": [14.5, 2.5, 8],
			"rotation": {"angle": 0, "axis": "y", "origin": [8, 4.75, 1]},
			"faces": {
				"north": {"uv": [3, 13.66667, 3.33333, 14.33333], "texture": "#1"},
				"east": {"uv": [11.66667, 0.66667, 15, 1.33333], "texture": "#1"},
				"south": {"uv": [3.33333, 13.66667, 3.66667, 14.33333], "texture": "#1"},
				"west": {"uv": [11.66667, 1.33333, 15, 2], "texture": "#1"},
				"up": {"uv": [7, 15.33333, 6.66667, 12], "texture": "#1"},
				"down": {"uv": [7.33333, 12, 7, 15.33333], "texture": "#1"}
			}
		},
		{
			"from": [13.5, 2.5, -3],
			"to": [14.5, 4.5, 9],
			"rotation": {"angle": 0, "axis": "y", "origin": [8, 4.75, 1]},
			"faces": {
				"north": {"uv": [13.66667, 3.33333, 14, 4], "texture": "#1"},
				"east": {"uv": [10, 10.66667, 14, 11.33333], "texture": "#1"},
				"south": {"uv": [3.66667, 13.66667, 4, 14.33333], "texture": "#1"},
				"west": {"uv": [5.33333, 11.33333, 9.33333, 12], "texture": "#1"},
				"up": {"uv": [5.66667, 16, 5.33333, 12], "texture": "#1"},
				"down": {"uv": [6, 12, 5.66667, 16], "texture": "#1"}
			}
		},
		{
			"from": [13.5, -0.5, -1],
			"to": [14.5, 0.5, 7],
			"rotation": {"angle": 0, "axis": "y", "origin": [8, 4.75, 1]},
			"faces": {
				"north": {"uv": [13.66667, 13.33333, 14, 13.66667], "texture": "#1"},
				"east": {"uv": [5.33333, 10.66667, 8, 11], "texture": "#1"},
				"south": {"uv": [13.66667, 13.66667, 14, 14], "texture": "#1"},
				"west": {"uv": [5.33333, 11, 8, 11.33333], "texture": "#1"},
				"up": {"uv": [8, 14.66667, 7.66667, 12], "texture": "#1"},
				"down": {"uv": [8.33333, 12, 8, 14.66667], "texture": "#1"}
			}
		}
	],
	"gui_light": "front",
	"display": {
		"thirdperson_righthand": {
			"rotation": [60, 18, 0],
			"translation": [-0.75, 3.75, 0],
			"scale": [0.5, 0.5, 0.5]
		},
		"thirdperson_lefthand": {
			"rotation": [60, 18, 0],
			"translation": [-0.75, 3.75, 0],
			"scale": [0.5, 0.5, 0.5]
		},
		"firstperson_righthand": {
			"rotation": [0, 117, 0],
			"translation": [8, 4.5, -10]
		},
		"firstperson_lefthand": {
			"rotation": [0, 117, 0],
			"translation": [8, 4.5, -10]
		},
		"ground": {
			"translation": [0, 4.25, 0],
			"scale": [0.68164, 0.68164, 0.68164]
		},
		"gui": {
			"rotation": [22.5, 145, 0],
			"translation": [0.75, 0, 0],
			"scale": [0.63867, 0.63867, 0.63867]
		},
		"head": {
			"translation": [0, 3, 0],
			"scale": [1.22461, 1.22461, 1.22461]
		},
		"fixed": {
			"rotation": [-84, 0, 0],
			"translation": [0, 1.25, -15],
			"scale": [1.63672, 1.63672, 1.63672]
		}
	},
	"groups": [
		{
			"name": "group",
			"origin": [0, 0, 0],
			"color": 0,
			"children": [0, 1, 2, 3, 4, 5, 6, 7, 8, 9, 10, 11, 12, 13, 14, 15, 16, 17]
		}
	]
}