{
	"format_version": "1.21.6",
	"credit": "MadewithBlockbench",
	"texture_size": [8, 8],
	"textures": {
		"0": "skins:item/legacy/pirate_hat",
		"1": "skins:item/legacy/skull",
		"particle": "skins:item/legacy/pirate_hat"
	},
	"elements": [
		{
			"from": [5.25, 3, 5.5],
			"to": [10.75, 6, 10.5],
			"rotation": {"angle": 0, "axis": "y", "origin": [7.5, 0, 7.5]},
			"faces": {
				"north": {"uv": [8, 0, 10, 1.2], "texture": "#0"},
				"east": {"uv": [8, 1.2, 10, 2.4], "texture": "#0"},
				"south": {"uv": [8, 2.4, 10, 3.6], "texture": "#0"},
				"west": {"uv": [8, 3.6, 10, 4.8], "texture": "#0"},
				"up": {"uv": [2, 8.4, 0, 6.4], "texture": "#0"},
				"down": {"uv": [4, 6.4, 2, 8.4], "texture": "#0"}
			}
		},
		{
			"from": [4.95, 1, 4.85],
			"to": [11.05, 2.1, 11.15],
			"rotation": {"angle": 0, "axis": "y", "origin": [7.5, 2, 7.5]},
			"faces": {
				"north": {"uv": [8.8, 5.2, 11, 5.6], "texture": "#0"},
				"east": {"uv": [8.8, 6, 10.8, 6.4], "texture": "#0"},
				"south": {"uv": [8.8, 5.6, 11, 6], "texture": "#0"},
				"west": {"uv": [6.4, 8.8, 8.4, 9.2], "texture": "#0"},
				"up": {"uv": [7.8, 6, 5.6, 4], "texture": "#0"},
				"down": {"uv": [7.8, 6, 5.6, 8], "texture": "#0"}
			}
		},
		{
			"from": [4.95, -3, 11.149],
			"to": [11.05, 1.1, 11.149],
			"rotation": {"angle": 0, "axis": "y", "origin": [7.5, 1.9, 7.499]},
			"faces": {
				"north": {"uv": [0, 14.6, 2.2, 16], "texture": "#0"},
				"east": {"uv": [0, 0, 0, 8], "texture": "#0"},
				"south": {"uv": [2.2, 14.6, 0, 16], "texture": "#0"},
				"west": {"uv": [0, 0, 0, 8], "texture": "#0"},
				"up": {"uv": [12, 0, 0, 0], "texture": "#0"},
				"down": {"uv": [12, 0, 0, 0], "texture": "#0"}
			}
		},
		{
			"from": [2.02, 2.025, 5.3],
			"to": [13.98, 3, 10.7],
			"rotation": {"angle": 0, "axis": "y", "origin": [7.54, 2, 7.5]},
			"faces": {
				"north": {"uv": [4, 8, 9.2, 8.4], "texture": "#0"},
				"east": {"uv": [8.8, 6.4, 10.8, 6.8], "texture": "#0"},
				"south": {"uv": [8, 4.8, 13.2, 5.2], "texture": "#0"},
				"west": {"uv": [8.8, 6.8, 10.8, 7.2], "texture": "#0"},
				"up": {"uv": [5.2, 2, 0, 0], "texture": "#0"},
				"down": {"uv": [5.2, 2, 0, 4], "texture": "#0"}
			}
		},
		{
			"from": [5.01, 2, 4.6],
			"to": [10.99, 7.75, 5.5],
			"rotation": {"angle": 0, "axis": "y", "origin": [7.54, 0, 8.5]},
			"faces": {
				"north": {"uv": [0, 4, 2.6, 6.4], "texture": "#0"},
				"east": {"uv": [5.6, 8.8, 6, 11.2], "texture": "#0"},
				"south": {"uv": [0, 4, 2.6, 6.4], "texture": "#0"},
				"west": {"uv": [6, 8.8, 6.4, 11.2], "texture": "#0"},
				"up": {"uv": [10.6, 7.6, 8, 7.2], "texture": "#0"},
				"down": {"uv": [10.6, 7.6, 8, 8], "texture": "#0"}
			}
		},
		{
			"from": [6.62, 3.35, 4.475],
			"to": [9.38, 6.35, 4.475],
			"rotation": {"angle": 0, "axis": "y", "origin": [7.54, 0, 8.5]},
			"faces": {
				"north": {"uv": [1, 1, 14, 13], "texture": "#1"},
				"east": {"uv": [0, 0, 0, 6], "texture": "#1"},
				"south": {"uv": [1, 1, 14, 13], "texture": "#1"},
				"west": {"uv": [0, 0, 0, 6], "texture": "#1"},
				"up": {"uv": [6, 0, 0, 0], "texture": "#1"},
				"down": {"uv": [6, 0, 0, 0], "texture": "#1"}
			}
		},
		{
			"from": [3.58732, 2, 5.79799],
			"to": [5.42732, 6.3, 6.69799],
			"rotation": {"angle": 22.5, "axis": "y", "origin": [2.20732, 4.375, 6.24799]},
			"faces": {
				"north": {"uv": [0.8, 8.4, 1.6, 10.2], "texture": "#0"},
				"east": {"uv": [8.4, 9.6, 8.8, 11.4], "texture": "#0"},
				"south": {"uv": [1.6, 8.4, 0.8, 10.2], "texture": "#0"},
				"west": {"uv": [8.8, 9.6, 9.2, 11.4], "texture": "#0"},
				"up": {"uv": [11.2, 3.2, 10.4, 2.8], "texture": "#0"},
				"down": {"uv": [4, 10.4, 3.2, 10.8], "texture": "#0"}
			}
		},
		{
			"from": [1.82772, 2, 5.82287],
			"to": [3.89772, 3.9, 6.72287],
			"rotation": {"angle": 45, "axis": "y", "origin": [2.97772, 4.25, 6.27287]},
			"faces": {
				"north": {"uv": [8.4, 8.8, 9.4, 9.6], "texture": "#0"},
				"east": {"uv": [7.2, 10, 7.6, 10.8], "texture": "#0"},
				"south": {"uv": [9.4, 8.8, 8.4, 9.6], "texture": "#0"},
				"west": {"uv": [10.4, 3.2, 10.8, 4], "texture": "#0"},
				"up": {"uv": [11.4, 0.8, 10.4, 0.4], "texture": "#0"},
				"down": {"uv": [11.4, 0.8, 10.4, 1.2], "texture": "#0"}
			}
		},
		{
			"from": [12.10228, 2, 5.82287],
			"to": [14.17228, 3.9, 6.72287],
			"rotation": {"angle": -45, "axis": "y", "origin": [13.02228, 4.25, 6.27287]},
			"faces": {
				"north": {"uv": [9.4, 8.8, 8.4, 9.6], "texture": "#0"},
				"east": {"uv": [10.8, 3.2, 10.4, 4], "texture": "#0"},
				"south": {"uv": [8.4, 8.8, 9.4, 9.6], "texture": "#0"},
				"west": {"uv": [7.6, 10, 7.2, 10.8], "texture": "#0"},
				"up": {"uv": [10.4, 0.8, 11.4, 0.4], "texture": "#0"},
				"down": {"uv": [10.4, 0.8, 11.4, 1.2], "texture": "#0"}
			}
		},
		{
			"from": [10.57268, 2, 5.79799],
			"to": [12.41268, 6.3, 6.69799],
			"rotation": {"angle": -22.5, "axis": "y", "origin": [13.79268, 4.375, 6.24799]},
			"faces": {
				"north": {"uv": [1.6, 8.4, 0.8, 10.2], "texture": "#0"},
				"east": {"uv": [9.2, 9.6, 8.8, 11.4], "texture": "#0"},
				"south": {"uv": [0.8, 8.4, 1.6, 10.2], "texture": "#0"},
				"west": {"uv": [8.8, 9.6, 8.4, 11.4], "texture": "#0"},
				"up": {"uv": [10.4, 3.2, 11.2, 2.8], "texture": "#0"},
				"down": {"uv": [3.2, 10.4, 4, 10.8], "texture": "#0"}
			}
		},
		{
			"from": [5.01, 2, 10.5],
			"to": [10.99, 7, 11.4],
			"rotation": {"angle": 0, "axis": "y", "origin": [7.54, 0, 7.5]},
			"faces": {
				"north": {"uv": [2.6, 4, 0, 6.4], "texture": "#0"},
				"east": {"uv": [6, 8.8, 5.6, 11.2], "texture": "#0"},
				"south": {"uv": [2.6, 4, 0, 6.4], "texture": "#0"},
				"west": {"uv": [6.4, 8.8, 6, 11.2], "texture": "#0"},
				"up": {"uv": [10.6, 7.2, 8, 7.6], "texture": "#0"},
				"down": {"uv": [10.6, 8, 8, 7.6], "texture": "#0"}
			}
		},
		{
			"from": [10.57268, 2, 9.30201],
			"to": [12.41268, 5.75, 10.20201],
			"rotation": {"angle": 22.5, "axis": "y", "origin": [13.79268, 4.375, 9.75201]},
			"faces": {
				"north": {"uv": [1.6, 8.4, 0.8, 10.2], "texture": "#0"},
				"east": {"uv": [8.8, 9.6, 9.2, 11.4], "texture": "#0"},
				"south": {"uv": [0.8, 8.4, 1.6, 10.2], "texture": "#0"},
				"west": {"uv": [8.4, 9.6, 8.8, 11.4], "texture": "#0"},
				"up": {"uv": [10.4, 2.8, 11.2, 3.2], "texture": "#0"},
				"down": {"uv": [3.2, 10.8, 4, 10.4], "texture": "#0"}
			}
		},
		{
			"from": [12.10228, 2, 9.27713],
			"to": [14.17228, 3.675, 10.17713],
			"rotation": {"angle": 45, "axis": "y", "origin": [13.02228, 4.25, 9.72713]},
			"faces": {
				"north": {"uv": [9.4, 8.8, 8.4, 9.6], "texture": "#0"},
				"east": {"uv": [10.4, 3.2, 10.8, 4], "texture": "#0"},
				"south": {"uv": [8.4, 8.8, 9.4, 9.6], "texture": "#0"},
				"west": {"uv": [7.2, 10, 7.6, 10.8], "texture": "#0"},
				"up": {"uv": [10.4, 0.4, 11.4, 0.8], "texture": "#0"},
				"down": {"uv": [10.4, 1.2, 11.4, 0.8], "texture": "#0"}
			}
		},
		{
			"from": [1.82772, 2, 9.27713],
			"to": [3.89772, 3.675, 10.17713],
			"rotation": {"angle": -45, "axis": "y", "origin": [2.97772, 4.25, 9.72713]},
			"faces": {
				"north": {"uv": [8.4, 8.8, 9.4, 9.6], "texture": "#0"},
				"east": {"uv": [7.6, 10, 7.2, 10.8], "texture": "#0"},
				"south": {"uv": [9.4, 8.8, 8.4, 9.6], "texture": "#0"},
				"west": {"uv": [10.8, 3.2, 10.4, 4], "texture": "#0"},
				"up": {"uv": [11.4, 0.4, 10.4, 0.8], "texture": "#0"},
				"down": {"uv": [11.4, 1.2, 10.4, 0.8], "texture": "#0"}
			}
		},
		{
			"from": [3.58732, 2, 9.30201],
			"to": [5.42732, 5.75, 10.20201],
			"rotation": {"angle": -22.5, "axis": "y", "origin": [2.20732, 4.375, 9.75201]},
			"faces": {
				"north": {"uv": [0.8, 8.4, 1.6, 10.2], "texture": "#0"},
				"east": {"uv": [8.8, 9.6, 8.4, 11.4], "texture": "#0"},
				"south": {"uv": [1.6, 8.4, 0.8, 10.2], "texture": "#0"},
				"west": {"uv": [9.2, 9.6, 8.8, 11.4], "texture": "#0"},
				"up": {"uv": [11.2, 2.8, 10.4, 3.2], "texture": "#0"},
				"down": {"uv": [4, 10.8, 3.2, 10.4], "texture": "#0"}
			}
		}
	],
	"gui_light": "front",
	"display": {
		"thirdperson_righthand": {
			"rotation": [66, 0, 0],
			"translation": [0, 3.5, 3.5],
			"scale": [0.91, 0.91, 0.91]
		},
		"thirdperson_lefthand": {
			"rotation": [66, 0, 0],
			"translation": [0, 3.5, 3.5],
			"scale": [0.91, 0.91, 0.91]
		},
		"firstperson_righthand": {
			"rotation": [18, 128, 0],
			"translation": [0, 7.75, 0],
			"scale": [1.08805, 1.08805, 1.08805]
		},
		"firstperson_lefthand": {
			"rotation": [18, 128, 0],
			"translation": [0, 7.75, 0],
			"scale": [1.08805, 1.08805, 1.08805]
		},
		"ground": {
			"translation": [0, 6.25, 0],
			"scale": [1.22, 1.22, 1.22]
		},
		"gui": {
			"rotation": [16, 140, 0],
			"translation": [0, 2.25, 0],
			"scale": [0.81, 0.81, 0.81]
		},
		"head": {
			"translation": [0, 16.25, 0.17],
			"scale": [2.37, 2.37, 2.37]
		},
		"fixed": {
			"rotation": [-90, 0, 0],
			"translation": [0, 0, -19.5],
			"scale": [2.96, 2.96, 2.96]
		}
	},
	"groups": [
		{
			"name": "group",
			"origin": [8, 8, 8],
			"color": 0,
			"children": [0, 1, 2, 3, 4, 5, 6, 7, 8, 9, 10, 11, 12, 13, 14]
		}
	]
}