{
	"format_version": "1.21.6",
	"credit": "Made by kron",
	"texture_size": [128, 128],
	"textures": {
		"2": "skins:item/legacy/punisher1",
		"particle": "skins:item/legacy/punisher1"
	},
	"elements": [
		{
			"from": [1.1, 8.7, 1.6],
			"to": [14.9, 11.45797, 15.20782],
			"rotation": {"angle": 0, "axis": "y", "origin": [16, -7, 0]},
			"faces": {
				"north": {"uv": [1.625, 4.5, 3.25, 4.75], "texture": "#2"},
				"east": {"uv": [0, 4.5, 1.625, 4.75], "texture": "#2"},
				"south": {"uv": [4.875, 4.5, 6.5, 4.75], "texture": "#2"},
				"west": {"uv": [3.25, 4.5, 4.875, 4.75], "texture": "#2"},
				"up": {"uv": [3.25, 4.5, 1.625, 2.875], "texture": "#2"},
				"down": {"uv": [4.875, 2.875, 3.25, 4.5], "texture": "#2"}
			}
		},
		{
			"from": [1.3, -1, 2.4],
			"to": [14.7, 10, 15.2],
			"rotation": {"angle": 0, "axis": "y", "origin": [16, -7, 0]},
			"faces": {
				"north": {"uv": [1.5, 1.5, 3.125, 2.875], "texture": "#2"},
				"east": {"uv": [0, 1.5, 1.5, 2.875], "texture": "#2"},
				"south": {"uv": [4.625, 1.5, 6.25, 2.875], "texture": "#2"},
				"west": {"uv": [3.125, 1.5, 4.625, 2.875], "texture": "#2"},
				"up": {"uv": [3.125, 1.5, 1.5, 0], "texture": "#2"},
				"down": {"uv": [4.75, 0, 3.125, 1.5], "texture": "#2"}
			}
		},
		{
			"from": [1.2, 4.09515, 2.13194],
			"to": [14.8, 10.86541, 4.80488],
			"rotation": {"angle": 22.5, "axis": "x", "origin": [9.86309, 10.03649, 2.8]},
			"faces": {
				"north": {"uv": [5, 0.25, 6.625, 1], "texture": "#2"},
				"east": {"uv": [4.75, 0.25, 5, 1], "texture": "#2"},
				"south": {"uv": [6.875, 0.25, 8.5, 1], "texture": "#2"},
				"west": {"uv": [6.625, 0.25, 6.875, 1], "texture": "#2"},
				"up": {"uv": [6.625, 0.25, 5, 0], "texture": "#2"},
				"down": {"uv": [8.25, 0, 6.625, 0.25], "texture": "#2"}
			}
		},
		{
			"from": [1.2, 3.49515, 12.79512],
			"to": [14.8, 10.51185, 15.54588],
			"rotation": {"angle": -22.5, "axis": "x", "origin": [9.86309, 10.03649, 13.2]},
			"faces": {
				"north": {"uv": [0.25, 5, 1.875, 5.875], "texture": "#2"},
				"east": {"uv": [0, 5, 0.25, 5.875], "texture": "#2"},
				"south": {"uv": [2.125, 5, 3.75, 5.875], "texture": "#2"},
				"west": {"uv": [1.875, 5, 2.125, 5.875], "texture": "#2"},
				"up": {"uv": [1.875, 5, 0.25, 4.75], "texture": "#2"},
				"down": {"uv": [3.5, 4.75, 1.875, 5], "texture": "#2"}
			}
		},
		{
			"from": [2.1, -3.00485, -0.09087],
			"to": [13.9, 4.80306, 2.50488],
			"rotation": {"angle": 0, "axis": "y", "origin": [9.86309, 10.03649, 2.8]},
			"faces": {
				"north": {"uv": [4, 5, 5.375, 5.875], "texture": "#2"},
				"east": {"uv": [3.75, 5, 4, 5.875], "texture": "#2"},
				"south": {"uv": [5.625, 5, 7, 5.875], "texture": "#2"},
				"west": {"uv": [5.375, 5, 5.625, 5.875], "texture": "#2"},
				"up": {"uv": [5.375, 5, 4, 4.75], "texture": "#2"},
				"down": {"uv": [6.75, 4.75, 5.375, 5], "texture": "#2"}
			}
		},
		{
			"from": [5.6, -4.30485, -1.09087],
			"to": [10.4, 1.80306, 2.60488],
			"rotation": {"angle": 0, "axis": "y", "origin": [9.86309, 10.03649, 2.8]},
			"faces": {
				"north": {"uv": [0.375, 6.25, 0.875, 7], "texture": "#2"},
				"east": {"uv": [0, 6.25, 0.375, 7], "texture": "#2"},
				"south": {"uv": [1.25, 6.25, 1.75, 7], "texture": "#2"},
				"west": {"uv": [0.875, 6.25, 1.25, 7], "texture": "#2"},
				"up": {"uv": [0.875, 6.25, 0.375, 5.875], "texture": "#2"},
				"down": {"uv": [1.375, 5.875, 0.875, 6.25], "texture": "#2"}
			}
		},
		{
			"from": [8.9, 2.5, -0.8],
			"to": [13.4, 7, 1],
			"rotation": {"angle": 0, "axis": "y", "origin": [11.8, 12.7, -1.9]},
			"faces": {
				"north": {"uv": [1.875, 6, 2.375, 6.5], "texture": "#2"},
				"east": {"uv": [1.75, 6, 1.875, 6.5], "texture": "#2"},
				"south": {"uv": [2.5, 6, 3, 6.5], "texture": "#2"},
				"west": {"uv": [2.375, 6, 2.5, 6.5], "texture": "#2"},
				"up": {"uv": [2.375, 6, 1.875, 5.875], "texture": "#2"},
				"down": {"uv": [2.875, 5.875, 2.375, 6], "texture": "#2"}
			}
		},
		{
			"from": [8.7, 2.3, -1.4],
			"to": [13.7, 7.3, 0.4],
			"rotation": {"angle": 0, "axis": "y", "origin": [11.8, 12.7, -1.9]},
			"faces": {
				"north": {"uv": [0.125, 0.875, 0.75, 1.5], "texture": "#2"},
				"east": {"uv": [0, 0.875, 0.125, 1.5], "texture": "#2"},
				"south": {"uv": [0.875, 0.875, 1.5, 1.5], "texture": "#2"},
				"west": {"uv": [0.75, 0.875, 0.875, 1.5], "texture": "#2"},
				"up": {"uv": [0.75, 0.875, 0.125, 0.75], "texture": "#2"},
				"down": {"uv": [1.375, 0.75, 0.75, 0.875], "texture": "#2"}
			}
		},
		{
			"from": [7, -5.40485, 0.00913],
			"to": [9, -4.30485, 2.60913],
			"rotation": {"angle": 0, "axis": "y", "origin": [9.86309, 10.73649, 3.1]},
			"faces": {
				"north": {"uv": [1.125, 3.125, 1.25, 3.25], "texture": "#2"},
				"east": {"uv": [0.875, 3.125, 1.125, 3.25], "texture": "#2"},
				"south": {"uv": [1.5, 3.125, 1.625, 3.25], "texture": "#2"},
				"west": {"uv": [1.25, 3.125, 1.5, 3.25], "texture": "#2"},
				"up": {"uv": [1.25, 3.125, 1.125, 2.875], "texture": "#2"},
				"down": {"uv": [1.375, 2.875, 1.25, 3.125], "texture": "#2"}
			}
		},
		{
			"from": [6.7, -5.00485, -0.49087],
			"to": [9.3, -3.90485, 2.70913],
			"rotation": {"angle": 0, "axis": "y", "origin": [6.13691, 10.03649, 3.5]},
			"faces": {
				"north": {"uv": [6.25, 1.375, 6.5, 1.5], "texture": "#2"},
				"east": {"uv": [5.875, 1.375, 6.25, 1.5], "texture": "#2"},
				"south": {"uv": [6.875, 1.375, 7.125, 1.5], "texture": "#2"},
				"west": {"uv": [6.5, 1.375, 6.875, 1.5], "texture": "#2"},
				"up": {"uv": [6.5, 1.375, 6.25, 1], "texture": "#2"},
				"down": {"uv": [6.75, 1, 6.5, 1.375], "texture": "#2"}
			}
		},
		{
			"from": [5.6, -7.40485, 0.00913],
			"to": [10.4, -5.40485, 2.60913],
			"rotation": {"angle": 0, "axis": "y", "origin": [9.86309, 10.73649, 3.1]},
			"faces": {
				"north": {"uv": [0.25, 3.875, 0.75, 4.125], "texture": "#2"},
				"east": {"uv": [0, 3.875, 0.25, 4.125], "texture": "#2"},
				"south": {"uv": [1, 3.875, 1.5, 4.125], "texture": "#2"},
				"west": {"uv": [0.75, 3.875, 1, 4.125], "texture": "#2"},
				"up": {"uv": [0.75, 3.875, 0.25, 3.625], "texture": "#2"},
				"down": {"uv": [1.25, 3.625, 0.75, 3.875], "texture": "#2"}
			}
		},
		{
			"from": [10, -7.70485, -0.29087],
			"to": [11.3, -5.20485, 3.00913],
			"rotation": {"angle": 0, "axis": "y", "origin": [9.86309, 10.73649, 3.1]},
			"faces": {
				"north": {"uv": [6.875, 6.25, 7, 6.5], "texture": "#2"},
				"east": {"uv": [6.5, 6.25, 6.875, 6.5], "texture": "#2"},
				"south": {"uv": [7.375, 6.25, 7.5, 6.5], "texture": "#2"},
				"west": {"uv": [7, 6.25, 7.375, 6.5], "texture": "#2"},
				"up": {"uv": [7, 6.25, 6.875, 5.875], "texture": "#2"},
				"down": {"uv": [7.125, 5.875, 7, 6.25], "texture": "#2"}
			}
		},
		{
			"from": [11, -7.50485, 0.10913],
			"to": [16.4, -5.50485, 2.00913],
			"rotation": {"angle": 0, "axis": "y", "origin": [9.86309, 10.73649, 3.1]},
			"faces": {
				"north": {"uv": [4.875, 1.125, 5.5, 1.375], "texture": "#2"},
				"east": {"uv": [4.75, 1.125, 4.875, 1.375], "texture": "#2"},
				"south": {"uv": [5.625, 1.125, 6.25, 1.375], "texture": "#2"},
				"west": {"uv": [5.5, 1.125, 5.625, 1.375], "texture": "#2"},
				"up": {"uv": [5.5, 1.125, 4.875, 1], "texture": "#2"},
				"down": {"uv": [6.125, 1, 5.5, 1.125], "texture": "#2"}
			}
		},
		{
			"from": [13.44005, -0.05705, 0.00913],
			"to": [15.44005, 3.34295, 2.10913],
			"rotation": {"angle": -22.5, "axis": "z", "origin": [-2.8013, -6.19395, 3.1]},
			"faces": {
				"north": {"uv": [2, 6.75, 2.25, 7.125], "texture": "#2"},
				"east": {"uv": [1.75, 6.75, 2, 7.125], "texture": "#2"},
				"south": {"uv": [2.5, 6.75, 2.75, 7.125], "texture": "#2"},
				"west": {"uv": [2.25, 6.75, 2.5, 7.125], "texture": "#2"},
				"up": {"uv": [2.25, 6.75, 2, 6.5], "texture": "#2"},
				"down": {"uv": [2.5, 6.5, 2.25, 6.75], "texture": "#2"}
			}
		},
		{
			"from": [15.70112, -4.36366, -0.09087],
			"to": [17.70112, 0.03634, 2.20913],
			"rotation": {"angle": 0, "axis": "y", "origin": [17.33051, -3.7687, 3.1]},
			"faces": {
				"north": {"uv": [6.5, 2.25, 6.75, 2.75], "texture": "#2"},
				"east": {"uv": [6.25, 2.25, 6.5, 2.75], "texture": "#2"},
				"south": {"uv": [7, 2.25, 7.25, 2.75], "texture": "#2"},
				"west": {"uv": [6.75, 2.25, 7, 2.75], "texture": "#2"},
				"up": {"uv": [6.75, 2.25, 6.5, 2], "texture": "#2"},
				"down": {"uv": [7, 2, 6.75, 2.25], "texture": "#2"}
			}
		},
		{
			"from": [13.85596, -5.67705, -0.19087],
			"to": [15.85596, -3.67705, 2.30913],
			"rotation": {"angle": -45, "axis": "z", "origin": [21.261, -4.04766, 3.1]},
			"faces": {
				"north": {"uv": [6.5, 1.75, 6.625, 2], "texture": "#2"},
				"east": {"uv": [6.25, 1.75, 6.5, 2], "texture": "#2"},
				"south": {"uv": [6.875, 1.75, 7, 2], "texture": "#2"},
				"west": {"uv": [6.625, 1.75, 6.875, 2], "texture": "#2"},
				"up": {"uv": [6.625, 1.75, 6.5, 1.5], "texture": "#2"},
				"down": {"uv": [6.75, 1.5, 6.625, 1.75], "texture": "#2"}
			}
		},
		{
			"from": [0.14404, -5.67705, -0.19087],
			"to": [2.14404, -3.67705, 2.30913],
			"shade": false,
			"rotation": {"angle": 45, "axis": "z", "origin": [-5.261, -4.04766, 3.1]},
			"faces": {
				"north": {"uv": [6.625, 1.75, 6.5, 2], "texture": "#2"},
				"east": {"uv": [6.875, 1.75, 6.625, 2], "texture": "#2"},
				"south": {"uv": [7, 1.75, 6.875, 2], "texture": "#2"},
				"west": {"uv": [6.5, 1.75, 6.25, 2], "texture": "#2"},
				"up": {"uv": [6.5, 1.75, 6.625, 1.5], "texture": "#2"},
				"down": {"uv": [6.625, 1.5, 6.75, 1.75], "texture": "#2"}
			}
		},
		{
			"from": [-0.4, -7.50485, 0.10913],
			"to": [5, -5.50485, 2.00913],
			"rotation": {"angle": 0, "axis": "y", "origin": [6.13691, 10.73649, 3.1]},
			"faces": {
				"north": {"uv": [0.125, 4.25, 0.75, 4.5], "texture": "#2"},
				"east": {"uv": [0, 4.25, 0.125, 4.5], "texture": "#2"},
				"south": {"uv": [0.875, 4.25, 1.5, 4.5], "texture": "#2"},
				"west": {"uv": [0.75, 4.25, 0.875, 4.5], "texture": "#2"},
				"up": {"uv": [0.75, 4.25, 0.125, 4.125], "texture": "#2"},
				"down": {"uv": [1.375, 4.125, 0.75, 4.25], "texture": "#2"}
			}
		},
		{
			"from": [-1.70112, -4.36366, -0.09087],
			"to": [0.29888, 0.03634, 2.20913],
			"rotation": {"angle": 0, "axis": "y", "origin": [-1.33051, -3.7687, 3.1]},
			"faces": {
				"north": {"uv": [5.5, 6.125, 5.75, 6.625], "texture": "#2"},
				"east": {"uv": [5.25, 6.125, 5.5, 6.625], "texture": "#2"},
				"south": {"uv": [6, 6.125, 6.25, 6.625], "texture": "#2"},
				"west": {"uv": [5.75, 6.125, 6, 6.625], "texture": "#2"},
				"up": {"uv": [5.75, 6.125, 5.5, 5.875], "texture": "#2"},
				"down": {"uv": [6, 5.875, 5.75, 6.125], "texture": "#2"}
			}
		},
		{
			"from": [0.55995, -0.05705, 0.00913],
			"to": [2.55995, 3.34295, 2.10913],
			"rotation": {"angle": 22.5, "axis": "z", "origin": [18.8013, -6.19395, 3.1]},
			"faces": {
				"north": {"uv": [4, 6.625, 4.25, 7], "texture": "#2"},
				"east": {"uv": [3.75, 6.625, 4, 7], "texture": "#2"},
				"south": {"uv": [4.5, 6.625, 4.75, 7], "texture": "#2"},
				"west": {"uv": [4.25, 6.625, 4.5, 7], "texture": "#2"},
				"up": {"uv": [4.25, 6.625, 4, 6.375], "texture": "#2"},
				"down": {"uv": [4.5, 6.375, 4.25, 6.625], "texture": "#2"}
			}
		},
		{
			"from": [1.22395, -5.14073, -0.91475],
			"to": [4.07374, -3.64073, 2.30488],
			"rotation": {"angle": -45, "axis": "z", "origin": [5.2324, -1.31104, 2.6]},
			"faces": {
				"north": {"uv": [6.125, 4.125, 6.375, 4.25], "texture": "#2"},
				"east": {"uv": [5.75, 4.125, 6.125, 4.25], "texture": "#2"},
				"south": {"uv": [6.75, 4.125, 7, 4.25], "texture": "#2"},
				"west": {"uv": [6.375, 4.125, 6.75, 4.25], "texture": "#2"},
				"up": {"uv": [6.375, 4.125, 6.125, 3.75], "texture": "#2"},
				"down": {"uv": [6.625, 3.75, 6.375, 4.125], "texture": "#2"}
			}
		},
		{
			"from": [-0.31, -1.18464, -1.01475],
			"to": [1.69, 2.01536, 2.98525],
			"rotation": {"angle": 0, "axis": "y", "origin": [-8.33863, 1.41674, 3.47612]},
			"faces": {
				"north": {"uv": [0.375, 3.25, 0.625, 3.625], "texture": "#2"},
				"east": {"uv": [0, 3.25, 0.375, 3.625], "texture": "#2"},
				"south": {"uv": [1, 3.25, 1.25, 3.625], "texture": "#2"},
				"west": {"uv": [0.625, 3.25, 1, 3.625], "texture": "#2"},
				"up": {"uv": [0.625, 3.25, 0.375, 2.875], "texture": "#2"},
				"down": {"uv": [0.875, 2.875, 0.625, 3.25], "texture": "#2"}
			}
		},
		{
			"from": [13.7, 17.9, 14.1],
			"to": [14.7, 23.05797, 15.1],
			"rotation": {"angle": 0, "axis": "y", "origin": [16, -7, 0]},
			"faces": {
				"north": {"uv": [3.375, 6.75, 3.5, 7.375], "texture": "#2"},
				"east": {"uv": [3.25, 6.75, 3.375, 7.375], "texture": "#2"},
				"south": {"uv": [3.625, 6.75, 3.75, 7.375], "texture": "#2"},
				"west": {"uv": [3.5, 6.75, 3.625, 7.375], "texture": "#2"},
				"up": {"uv": [3.5, 6.75, 3.375, 6.625], "texture": "#2"},
				"down": {"uv": [3.625, 6.625, 3.5, 6.75], "texture": "#2"}
			}
		},
		{
			"from": [13.5, 23.05797, 14.599],
			"to": [14.5, 28.21593, 14.599],
			"rotation": {"angle": 0, "axis": "y", "origin": [16, -7.04203, 0.499]},
			"faces": {
				"north": {"uv": [1.25, 3.25, 1.375, 3.875], "texture": "#2"},
				"east": {"uv": [1.25, 3.25, 1.25, 3.875], "texture": "#2"},
				"south": {"uv": [1.375, 3.25, 1.5, 3.875], "texture": "#2"},
				"west": {"uv": [1.375, 3.25, 1.375, 3.875], "texture": "#2"},
				"up": {"uv": [1.375, 3.25, 1.25, 3.25], "texture": "#2"},
				"down": {"uv": [1.5, 3.25, 1.375, 3.25], "texture": "#2"}
			}
		},
		{
			"from": [13.4, 12.8, 13.8],
			"to": [15, 17.95797, 15.4],
			"rotation": {"angle": 0, "axis": "y", "origin": [16, -7, 0]},
			"faces": {
				"north": {"uv": [2.875, 6.75, 3, 7.375], "texture": "#2"},
				"east": {"uv": [2.75, 6.75, 2.875, 7.375], "texture": "#2"},
				"south": {"uv": [3.125, 6.75, 3.25, 7.375], "texture": "#2"},
				"west": {"uv": [3, 6.75, 3.125, 7.375], "texture": "#2"},
				"up": {"uv": [3, 6.75, 2.875, 6.625], "texture": "#2"},
				"down": {"uv": [3.125, 6.625, 3, 6.75], "texture": "#2"}
			}
		},
		{
			"from": [13.3, 11, 13.7],
			"to": [15.1, 12.8, 15.5],
			"rotation": {"angle": 0, "axis": "y", "origin": [16, -7, 0]},
			"faces": {
				"north": {"uv": [3.625, 4.875, 3.75, 5], "texture": "#2"},
				"east": {"uv": [3.5, 4.875, 3.625, 5], "texture": "#2"},
				"south": {"uv": [3.875, 4.875, 4, 5], "texture": "#2"},
				"west": {"uv": [3.75, 4.875, 3.875, 5], "texture": "#2"},
				"up": {"uv": [3.75, 4.875, 3.625, 4.75], "texture": "#2"},
				"down": {"uv": [3.875, 4.75, 3.75, 4.875], "texture": "#2"}
			}
		},
		{
			"from": [1.20304, 2.0405, -0.09087],
			"to": [2.20304, 4.7405, 2.30913],
			"rotation": {"angle": 0, "axis": "y", "origin": [-6.82863, 1.90956, 3.56948]},
			"faces": {
				"north": {"uv": [6.75, 4.5, 6.875, 4.75], "texture": "#2"},
				"east": {"uv": [6.5, 4.5, 6.75, 4.75], "texture": "#2"},
				"south": {"uv": [7.125, 4.5, 7.25, 4.75], "texture": "#2"},
				"west": {"uv": [6.875, 4.5, 7.125, 4.75], "texture": "#2"},
				"up": {"uv": [6.875, 4.5, 6.75, 4.25], "texture": "#2"},
				"down": {"uv": [7, 4.25, 6.875, 4.5], "texture": "#2"}
			}
		},
		{
			"from": [1.7, -3.20485, -0.99087],
			"to": [4.9, 2.00306, 0.10488],
			"rotation": {"angle": 0, "axis": "y", "origin": [6.13691, 10.03649, 0.2]},
			"faces": {
				"north": {"uv": [3.125, 6, 3.5, 6.625], "texture": "#2"},
				"east": {"uv": [3, 6, 3.125, 6.625], "texture": "#2"},
				"south": {"uv": [3.625, 6, 4, 6.625], "texture": "#2"},
				"west": {"uv": [3.5, 6, 3.625, 6.625], "texture": "#2"},
				"up": {"uv": [3.5, 6, 3.125, 5.875], "texture": "#2"},
				"down": {"uv": [3.875, 5.875, 3.5, 6], "texture": "#2"}
			}
		},
		{
			"from": [14.31, -1.18464, -1.01475],
			"to": [16.31, 2.01536, 2.98525],
			"shade": false,
			"rotation": {"angle": 0, "axis": "y", "origin": [24.33863, 1.41674, 3.47612]},
			"faces": {
				"north": {"uv": [0.625, 3.25, 0.375, 3.625], "texture": "#2"},
				"east": {"uv": [1, 3.25, 0.625, 3.625], "texture": "#2"},
				"south": {"uv": [1.25, 3.25, 1, 3.625], "texture": "#2"},
				"west": {"uv": [0.375, 3.25, 0, 3.625], "texture": "#2"},
				"up": {"uv": [0.375, 3.25, 0.625, 2.875], "texture": "#2"},
				"down": {"uv": [0.625, 2.875, 0.875, 3.25], "texture": "#2"}
			}
		},
		{
			"from": [11.1, -3.20485, -0.99087],
			"to": [14.3, 2.00306, 0.10488],
			"shade": false,
			"rotation": {"angle": 0, "axis": "y", "origin": [9.86309, 10.03649, 0.2]},
			"faces": {
				"north": {"uv": [3.5, 6, 3.125, 6.625], "texture": "#2"},
				"east": {"uv": [3.625, 6, 3.5, 6.625], "texture": "#2"},
				"south": {"uv": [4, 6, 3.625, 6.625], "texture": "#2"},
				"west": {"uv": [3.125, 6, 3, 6.625], "texture": "#2"},
				"up": {"uv": [3.125, 6, 3.5, 5.875], "texture": "#2"},
				"down": {"uv": [3.5, 5.875, 3.875, 6], "texture": "#2"}
			}
		},
		{
			"from": [11.92626, -5.14073, -0.91475],
			"to": [14.77605, -3.64073, 2.30488],
			"shade": false,
			"rotation": {"angle": 45, "axis": "z", "origin": [10.7676, -1.31104, 2.6]},
			"faces": {
				"north": {"uv": [6.375, 4.125, 6.125, 4.25], "texture": "#2"},
				"east": {"uv": [6.75, 4.125, 6.375, 4.25], "texture": "#2"},
				"south": {"uv": [7, 4.125, 6.75, 4.25], "texture": "#2"},
				"west": {"uv": [6.125, 4.125, 5.75, 4.25], "texture": "#2"},
				"up": {"uv": [6.125, 4.125, 6.375, 3.75], "texture": "#2"},
				"down": {"uv": [6.375, 3.75, 6.625, 4.125], "texture": "#2"}
			}
		},
		{
			"from": [1.2, 6.59515, 1.13194],
			"to": [14.8, 10.86541, 2.13194],
			"rotation": {"angle": 22.5, "axis": "x", "origin": [9.86309, 10.03649, 2.8]},
			"faces": {
				"north": {"uv": [5, 3, 6.625, 3.5], "texture": "#2"},
				"east": {"uv": [4.875, 3, 5, 3.5], "texture": "#2"},
				"south": {"uv": [6.75, 3, 8.375, 3.5], "texture": "#2"},
				"west": {"uv": [6.625, 3, 6.75, 3.5], "texture": "#2"},
				"up": {"uv": [6.625, 3, 5, 2.875], "texture": "#2"},
				"down": {"uv": [8.25, 2.875, 6.625, 3], "texture": "#2"}
			}
		},
		{
			"from": [13.7, 4.09288, 1.14332],
			"to": [14.8, 6.59288, 2.14332],
			"rotation": {"angle": 22.5, "axis": "x", "origin": [9.86309, 10.06397, 2.81138]},
			"faces": {
				"north": {"uv": [5, 4.25, 5.125, 4.5], "texture": "#2"},
				"east": {"uv": [4.875, 4.25, 5, 4.5], "texture": "#2"},
				"south": {"uv": [5.25, 4.25, 5.375, 4.5], "texture": "#2"},
				"west": {"uv": [5.125, 4.25, 5.25, 4.5], "texture": "#2"},
				"up": {"uv": [5.125, 4.25, 5, 4.125], "texture": "#2"},
				"down": {"uv": [5.25, 4.125, 5.125, 4.25], "texture": "#2"}
			}
		},
		{
			"from": [1.2, 4.09288, 1.14332],
			"to": [2.3, 6.59288, 2.14332],
			"shade": false,
			"rotation": {"angle": 22.5, "axis": "x", "origin": [6.13691, 10.06397, 2.81138]},
			"faces": {
				"north": {"uv": [5.125, 4.25, 5, 4.5], "texture": "#2"},
				"east": {"uv": [5.25, 4.25, 5.125, 4.5], "texture": "#2"},
				"south": {"uv": [5.375, 4.25, 5.25, 4.5], "texture": "#2"},
				"west": {"uv": [5, 4.25, 4.875, 4.5], "texture": "#2"},
				"up": {"uv": [5, 4.25, 5.125, 4.125], "texture": "#2"},
				"down": {"uv": [5.125, 4.125, 5.25, 4.25], "texture": "#2"}
			}
		},
		{
			"from": [2.3, 2.3, -1.4],
			"to": [7.3, 7.3, 0.4],
			"rotation": {"angle": 0, "axis": "y", "origin": [4.2, 12.7, -1.9]},
			"faces": {
				"north": {"uv": [0.125, 0.125, 0.75, 0.75], "texture": "#2"},
				"east": {"uv": [0, 0.125, 0.125, 0.75], "texture": "#2"},
				"south": {"uv": [0.875, 0.125, 1.5, 0.75], "texture": "#2"},
				"west": {"uv": [0.75, 0.125, 0.875, 0.75], "texture": "#2"},
				"up": {"uv": [0.75, 0.125, 0.125, 0], "texture": "#2"},
				"down": {"uv": [1.375, 0, 0.75, 0.125], "texture": "#2"}
			}
		},
		{
			"from": [2.6, 2.5, -0.8],
			"to": [7.1, 7, 1],
			"rotation": {"angle": 0, "axis": "y", "origin": [4.2, 12.7, -1.9]},
			"faces": {
				"north": {"uv": [5, 3.625, 5.5, 4.125], "texture": "#2"},
				"east": {"uv": [4.875, 3.625, 5, 4.125], "texture": "#2"},
				"south": {"uv": [5.625, 3.625, 6.125, 4.125], "texture": "#2"},
				"west": {"uv": [5.5, 3.625, 5.625, 4.125], "texture": "#2"},
				"up": {"uv": [5.5, 3.625, 5, 3.5], "texture": "#2"},
				"down": {"uv": [6, 3.5, 5.5, 3.625], "texture": "#2"}
			}
		},
		{
			"from": [13.76, 2.01536, -1.01475],
			"to": [14.81, 5.18575, -0.01475],
			"rotation": {"angle": 0, "axis": "y", "origin": [9.86309, 8.88644, 0.69899]},
			"faces": {
				"north": {"uv": [6.75, 3.625, 6.875, 4], "texture": "#2"},
				"east": {"uv": [6.625, 3.625, 6.75, 4], "texture": "#2"},
				"south": {"uv": [7, 3.625, 7.125, 4], "texture": "#2"},
				"west": {"uv": [6.875, 3.625, 7, 4], "texture": "#2"},
				"up": {"uv": [6.875, 3.625, 6.75, 3.5], "texture": "#2"},
				"down": {"uv": [7, 3.5, 6.875, 3.625], "texture": "#2"}
			}
		},
		{
			"from": [1.19, 2.01536, -1.01475],
			"to": [2.24, 5.18575, -0.01475],
			"shade": false,
			"rotation": {"angle": 0, "axis": "y", "origin": [6.13691, 8.88644, 0.69899]},
			"faces": {
				"north": {"uv": [6.875, 3.625, 6.75, 4], "texture": "#2"},
				"east": {"uv": [7, 3.625, 6.875, 4], "texture": "#2"},
				"south": {"uv": [7.125, 3.625, 7, 4], "texture": "#2"},
				"west": {"uv": [6.75, 3.625, 6.625, 4], "texture": "#2"},
				"up": {"uv": [6.75, 3.625, 6.875, 3.5], "texture": "#2"},
				"down": {"uv": [6.875, 3.5, 7, 3.625], "texture": "#2"}
			}
		},
		{
			"from": [13.79696, 2.0405, -0.09087],
			"to": [14.79696, 4.7405, 2.30913],
			"rotation": {"angle": 0, "axis": "y", "origin": [22.82863, 1.90956, 3.56948]},
			"faces": {
				"north": {"uv": [5, 6.625, 5.125, 6.875], "texture": "#2"},
				"east": {"uv": [4.75, 6.625, 5, 6.875], "texture": "#2"},
				"south": {"uv": [5.375, 6.625, 5.5, 6.875], "texture": "#2"},
				"west": {"uv": [5.125, 6.625, 5.375, 6.875], "texture": "#2"},
				"up": {"uv": [5.125, 6.625, 5, 6.375], "texture": "#2"},
				"down": {"uv": [5.25, 6.375, 5.125, 6.625], "texture": "#2"}
			}
		},
		{
			"from": [4.7, -7.70485, -0.29087],
			"to": [6, -5.20485, 3.00913],
			"rotation": {"angle": 0, "axis": "y", "origin": [6.13691, 10.73649, 3.1]},
			"faces": {
				"north": {"uv": [6.25, 6.625, 6.375, 6.875], "texture": "#2"},
				"east": {"uv": [5.875, 6.625, 6.25, 6.875], "texture": "#2"},
				"south": {"uv": [6.75, 6.625, 6.875, 6.875], "texture": "#2"},
				"west": {"uv": [6.375, 6.625, 6.75, 6.875], "texture": "#2"},
				"up": {"uv": [6.375, 6.625, 6.25, 6.25], "texture": "#2"},
				"down": {"uv": [6.5, 6.25, 6.375, 6.625], "texture": "#2"}
			}
		}
	],
	"gui_light": "front",
	"display": {
		"thirdperson_righthand": {
			"rotation": [68, 0, 0],
			"translation": [0, -0.25, 1.75],
			"scale": [0.52, 0.52, 0.52]
		},
		"thirdperson_lefthand": {
			"rotation": [68, 0, 0],
			"translation": [0, -0.25, 1.75],
			"scale": [0.52, 0.52, 0.52]
		},
		"firstperson_righthand": {
			"rotation": [0, 138, 0],
			"translation": [0, 5.25, 0.75],
			"scale": [0.48, 0.48, 0.48]
		},
		"firstperson_lefthand": {
			"rotation": [0, 138, 0],
			"translation": [0, 5.25, 0.75],
			"scale": [0.48, 0.48, 0.48]
		},
		"ground": {
			"rotation": [31, 0, 0],
			"translation": [0, 1, 0.75],
			"scale": [0.48, 0.48, 0.48]
		},
		"gui": {
			"rotation": [0, -180, 0],
			"translation": [0, 2, 0],
			"scale": [0.65, 0.65, 0.65]
		},
		"head": {
			"translation": [0, 5.5, 0],
			"scale": [1.12, 1.12, 1.12]
		},
		"fixed": {
			"rotation": [-57, 0, 0],
			"translation": [0, 4.75, -11],
			"scale": [1.33, 1.33, 1.33]
		}
	},
	"groups": [
		{
			"name": "group",
			"origin": [6.13691, 10.03649, 3.5],
			"color": 0,
			"children": [0, 1, 2, 3, 4, 5, 6, 7, 8, 9, 10, 11, 12, 13, 14, 15, 16, 17, 18, 19, 20, 21, 22, 23, 24, 25, 26, 27, 28, 29, 30, 31, 32, 33, 34, 35, 36, 37, 38, 39]
		}
	]
}