{
	"format_version": "1.21.6",
	"credit": "Made with Blockbench",
	"texture_size": [32, 32],
	"textures": {
		"0": "skins:item/legacy/purpleworld_hoe",
		"particle": "skins:item/legacy/purpleworld_hoe"
	},
	"elements": [
		{
			"from": [7.3595, -4.30822, 7.39336],
			"to": [8.6405, -3.94222, 8.61336],
			"rotation": {"angle": 0, "axis": "y", "origin": [8, 0.9682, 8.00336]},
			"faces": {
				"north": {"uv": [0.6875, 0.0625, 1.1875, 0.016], "texture": "#0"},
				"east": {"uv": [0.6875, 0.0625, 1.1875, 0.016], "texture": "#0"},
				"south": {"uv": [0.6875, 0.0625, 1.1875, 0.016], "texture": "#0"},
				"west": {"uv": [0.6875, 0.0625, 1.1875, 0.016], "texture": "#0"},
				"up": {"uv": [0.6875, 0.0625, 1.1875, 0.016], "rotation": 90, "texture": "#0"},
				"down": {"uv": [0.6875, 0.0625, 1.1875, 0.016], "rotation": 270, "texture": "#0"}
			}
		},
		{
			"from": [7.39, -7.48022, 7.39336],
			"to": [8.61, -6.26022, 8.61336],
			"rotation": {"angle": 0, "axis": "y", "origin": [8, 0.9682, 8.00336]},
			"faces": {
				"north": {"uv": [0.6875, 0.016, 1.1875, 0.484], "texture": "#0"},
				"east": {"uv": [0.6875, 0.016, 1.1875, 0.484], "texture": "#0"},
				"south": {"uv": [0.6875, 0.016, 1.1875, 0.484], "texture": "#0"},
				"west": {"uv": [0.6875, 0.016, 1.1875, 0.484], "texture": "#0"},
				"up": {"uv": [1.3125, 0.016, 1.8125, 0.484], "rotation": 180, "texture": "#0"},
				"down": {"uv": [0.016, 0.016, 0.484, 0.484], "rotation": 180, "texture": "#0"}
			}
		},
		{
			"from": [7.512, -6.26022, 7.51536],
			"to": [8.488, -0.16022, 8.49136],
			"rotation": {"angle": 0, "axis": "y", "origin": [8, 0.9682, 8.00336]},
			"faces": {
				"north": {"uv": [0.016, 0.6875, 0.4375, 3.1875], "texture": "#0"},
				"east": {"uv": [0.016, 0.6875, 0.4375, 3.1875], "texture": "#0"},
				"south": {"uv": [0.016, 0.6875, 0.4375, 3.1875], "texture": "#0"},
				"west": {"uv": [0.016, 0.6875, 0.4375, 3.1875], "texture": "#0"},
				"up": {"uv": [0.016, 0.016, 0.984, 0.984], "rotation": 180, "texture": "#0"},
				"down": {"uv": [0.016, 0.016, 0.984, 0.984], "rotation": 180, "texture": "#0"}
			}
		},
		{
			"from": [7.268, -7.84622, 7.63736],
			"to": [8.732, -6.50422, 8.97936],
			"rotation": {"angle": 45, "axis": "x", "origin": [8, -6.87022, 8.00336]},
			"faces": {
				"north": {"uv": [0.016, 0.016, 0.559, 0.56056], "rotation": 90, "texture": "#0"},
				"east": {"uv": [0.016, 0.016, 0.559, 0.56056], "rotation": 90, "texture": "#0"},
				"south": {"uv": [0.016, 0.016, 0.559, 0.56056], "rotation": 90, "texture": "#0"},
				"west": {"uv": [0.016, 0.016, 0.559, 0.56056], "rotation": 90, "texture": "#0"},
				"up": {"uv": [0.016, 0.016, 0.559, 0.56056], "rotation": 90, "texture": "#0"},
				"down": {"uv": [0.016, 0.016, 0.559, 0.56056], "rotation": 90, "texture": "#0"}
			}
		},
		{
			"from": [7.268, -0.28222, 7.63736],
			"to": [8.732, 1.05978, 8.97936],
			"rotation": {"angle": 45, "axis": "x", "origin": [8, 0.69378, 8.00336]},
			"faces": {
				"north": {"uv": [0.016, 0.016, 0.559, 0.56056], "rotation": 90, "texture": "#0"},
				"east": {"uv": [0.016, 0.016, 0.559, 0.56056], "rotation": 90, "texture": "#0"},
				"south": {"uv": [0.016, 0.016, 0.559, 0.56056], "rotation": 90, "texture": "#0"},
				"west": {"uv": [0.016, 0.016, 0.559, 0.56056], "rotation": 90, "texture": "#0"},
				"up": {"uv": [0.016, 0.016, 0.559, 0.56056], "rotation": 90, "texture": "#0"},
				"down": {"uv": [0.016, 0.016, 0.559, 0.56056], "rotation": 90, "texture": "#0"}
			}
		},
		{
			"from": [7.39, -0.83137, 7.39336],
			"to": [8.61, 0.38863, 8.61336],
			"rotation": {"angle": 0, "axis": "y", "origin": [8, 0.9682, 8.00336]},
			"faces": {
				"north": {"uv": [0.6875, 0.484, 1.1875, 0.016], "texture": "#0"},
				"east": {"uv": [0.6875, 0.484, 1.1875, 0.016], "texture": "#0"},
				"south": {"uv": [0.6875, 0.484, 1.1875, 0.016], "texture": "#0"},
				"west": {"uv": [0.6875, 0.484, 1.1875, 0.016], "texture": "#0"},
				"up": {"uv": [0.484, 0.016, 0.016, 0.484], "texture": "#0"},
				"down": {"uv": [1.8125, 0.016, 1.3125, 0.484], "texture": "#0"}
			}
		},
		{
			"from": [7.3595, -3.82022, 7.39336],
			"to": [8.6405, -3.45422, 8.61336],
			"rotation": {"angle": 0, "axis": "y", "origin": [8, 0.9682, 8.00336]},
			"faces": {
				"north": {"uv": [0.6875, 0.0625, 1.1875, 0.016], "texture": "#0"},
				"east": {"uv": [0.6875, 0.0625, 1.1875, 0.016], "texture": "#0"},
				"south": {"uv": [0.6875, 0.0625, 1.1875, 0.016], "texture": "#0"},
				"west": {"uv": [0.6875, 0.0625, 1.1875, 0.016], "texture": "#0"},
				"up": {"uv": [0.6875, 0.0625, 1.1875, 0.016], "rotation": 90, "texture": "#0"},
				"down": {"uv": [0.6875, 0.0625, 1.1875, 0.016], "rotation": 270, "texture": "#0"}
			}
		},
		{
			"from": [7.3595, -3.33222, 7.39336],
			"to": [8.6405, -2.96622, 8.61336],
			"rotation": {"angle": 0, "axis": "y", "origin": [8, 0.9682, 8.00336]},
			"faces": {
				"north": {"uv": [0.6875, 0.0625, 1.1875, 0.016], "texture": "#0"},
				"east": {"uv": [0.6875, 0.0625, 1.1875, 0.016], "texture": "#0"},
				"south": {"uv": [0.6875, 0.0625, 1.1875, 0.016], "texture": "#0"},
				"west": {"uv": [0.6875, 0.0625, 1.1875, 0.016], "texture": "#0"},
				"up": {"uv": [0.6875, 0.0625, 1.1875, 0.016], "rotation": 90, "texture": "#0"},
				"down": {"uv": [0.6875, 0.0625, 1.1875, 0.016], "rotation": 270, "texture": "#0"}
			}
		},
		{
			"from": [7.3595, -2.84422, 7.39336],
			"to": [8.6405, -2.47822, 8.61336],
			"rotation": {"angle": 0, "axis": "y", "origin": [8, 0.9682, 8.00336]},
			"faces": {
				"north": {"uv": [0.6875, 0.0625, 1.1875, 0.016], "texture": "#0"},
				"east": {"uv": [0.6875, 0.0625, 1.1875, 0.016], "texture": "#0"},
				"south": {"uv": [0.6875, 0.0625, 1.1875, 0.016], "texture": "#0"},
				"west": {"uv": [0.6875, 0.0625, 1.1875, 0.016], "texture": "#0"},
				"up": {"uv": [0.6875, 0.0625, 1.1875, 0.016], "rotation": 90, "texture": "#0"},
				"down": {"uv": [0.6875, 0.0625, 1.1875, 0.016], "rotation": 270, "texture": "#0"}
			}
		},
		{
			"from": [8, -9.9418, 0.23336],
			"to": [8, -4.5418, 2.77336],
			"rotation": {"angle": -45, "axis": "x", "origin": [8, 0.9682, 8.00336]},
			"faces": {
				"north": {"uv": [0.016, 0.016, -0.016, 9.984], "texture": "#0"},
				"east": {"uv": [11.266, 0.016, 12.484, 2.7], "texture": "#0"},
				"south": {"uv": [0.016, 0.016, -0.016, 9.984], "texture": "#0"},
				"west": {"uv": [12.484, 0.016, 11.266, 2.7], "texture": "#0"},
				"up": {"uv": [0.016, 0.016, 3.484, -0.016], "rotation": 90, "texture": "#0"},
				"down": {"uv": [0.016, 0.016, 3.484, -0.016], "rotation": 270, "texture": "#0"}
			}
		},
		{
			"from": [7.512, -0.26022, 7.51536],
			"to": [8.488, 10.83978, 8.49136],
			"rotation": {"angle": 0, "axis": "y", "origin": [8, 0.9682, 8.00336]},
			"faces": {
				"north": {"uv": [0.016, 6.375, 0.484, 6.675], "texture": "#0"},
				"east": {"uv": [0.016, 6.375, 0.484, 6.675], "texture": "#0"},
				"south": {"uv": [0.016, 6.375, 0.484, 6.675], "texture": "#0"},
				"west": {"uv": [0.016, 6.375, 0.484, 6.675], "texture": "#0"},
				"up": {"uv": [0.016, 4.625, 0.484, 4.65], "texture": "#0"},
				"down": {"uv": [0.016, 0.016, 0.984, 0.984], "rotation": 180, "texture": "#0"}
			}
		},
		{
			"from": [7.3595, 8.69178, 7.39336],
			"to": [8.6405, 9.05778, 8.61336],
			"rotation": {"angle": 0, "axis": "y", "origin": [8, -5.0318, 8.00336]},
			"faces": {
				"north": {"uv": [0.6875, 0.0625, 1.1875, 0.016], "texture": "#0"},
				"east": {"uv": [0.6875, 0.0625, 1.1875, 0.016], "texture": "#0"},
				"south": {"uv": [0.6875, 0.0625, 1.1875, 0.016], "texture": "#0"},
				"west": {"uv": [0.6875, 0.0625, 1.1875, 0.016], "texture": "#0"},
				"up": {"uv": [0.6875, 0.0625, 1.1875, 0.016], "rotation": 90, "texture": "#0"},
				"down": {"uv": [0.6875, 0.0625, 1.1875, 0.016], "rotation": 270, "texture": "#0"}
			}
		},
		{
			"from": [7.3595, 9.17978, 7.39336],
			"to": [8.6405, 9.54578, 8.61336],
			"rotation": {"angle": 0, "axis": "y", "origin": [8, -5.0318, 8.00336]},
			"faces": {
				"north": {"uv": [0.6875, 0.0625, 1.1875, 0.016], "texture": "#0"},
				"east": {"uv": [0.6875, 0.0625, 1.1875, 0.016], "texture": "#0"},
				"south": {"uv": [0.6875, 0.0625, 1.1875, 0.016], "texture": "#0"},
				"west": {"uv": [0.6875, 0.0625, 1.1875, 0.016], "texture": "#0"},
				"up": {"uv": [0.6875, 0.0625, 1.1875, 0.016], "rotation": 90, "texture": "#0"},
				"down": {"uv": [0.6875, 0.0625, 1.1875, 0.016], "rotation": 270, "texture": "#0"}
			}
		},
		{
			"from": [7.3595, 9.66778, 7.39336],
			"to": [8.6405, 10.03378, 8.61336],
			"rotation": {"angle": 0, "axis": "y", "origin": [8, -5.0318, 8.00336]},
			"faces": {
				"north": {"uv": [0.6875, 0.0625, 1.1875, 0.016], "texture": "#0"},
				"east": {"uv": [0.6875, 0.0625, 1.1875, 0.016], "texture": "#0"},
				"south": {"uv": [0.6875, 0.0625, 1.1875, 0.016], "texture": "#0"},
				"west": {"uv": [0.6875, 0.0625, 1.1875, 0.016], "texture": "#0"},
				"up": {"uv": [0.6875, 0.0625, 1.1875, 0.016], "rotation": 90, "texture": "#0"},
				"down": {"uv": [0.6875, 0.0625, 1.1875, 0.016], "rotation": 270, "texture": "#0"}
			}
		},
		{
			"from": [7.3595, 10.15578, 7.39336],
			"to": [8.6405, 10.52178, 8.61336],
			"rotation": {"angle": 0, "axis": "y", "origin": [8, -5.0318, 8.00336]},
			"faces": {
				"north": {"uv": [0.6875, 0.0625, 1.1875, 0.016], "texture": "#0"},
				"east": {"uv": [0.6875, 0.0625, 1.1875, 0.016], "texture": "#0"},
				"south": {"uv": [0.6875, 0.0625, 1.1875, 0.016], "texture": "#0"},
				"west": {"uv": [0.6875, 0.0625, 1.1875, 0.016], "texture": "#0"},
				"up": {"uv": [0.6875, 0.0625, 1.1875, 0.016], "rotation": 90, "texture": "#0"},
				"down": {"uv": [0.6875, 0.0625, 1.1875, 0.016], "rotation": 270, "texture": "#0"}
			}
		},
		{
			"from": [7.268, 10.71778, 7.63736],
			"to": [8.732, 12.05978, 8.97936],
			"rotation": {"angle": 45, "axis": "x", "origin": [8, 11.69378, 8.00336]},
			"faces": {
				"north": {"uv": [0.016, 0.016, 0.559, 0.56056], "rotation": 90, "texture": "#0"},
				"east": {"uv": [0.016, 0.016, 0.559, 0.56056], "rotation": 90, "texture": "#0"},
				"south": {"uv": [0.016, 0.016, 0.559, 0.56056], "rotation": 90, "texture": "#0"},
				"west": {"uv": [0.016, 0.016, 0.559, 0.56056], "rotation": 90, "texture": "#0"},
				"up": {"uv": [0.016, 0.016, 0.559, 0.56056], "rotation": 90, "texture": "#0"},
				"down": {"uv": [0.016, 0.016, 0.559, 0.56056], "rotation": 90, "texture": "#0"}
			}
		},
		{
			"from": [8, -3.31773, -4.465],
			"to": [8, 19.07594, 7.93615],
			"rotation": {"angle": 0, "axis": "y", "origin": [8, -4.8872, 7.37686]},
			"faces": {
				"north": {"uv": [0.016, 0.016, -0.016, 9.984], "texture": "#0"},
				"east": {"uv": [7.516, 5.25, 11.984, 13.8709], "texture": "#0"},
				"south": {"uv": [0.016, 0.016, -0.016, 9.984], "texture": "#0"},
				"west": {"uv": [11.984, 5.25, 7.516, 13.8709], "texture": "#0"},
				"up": {"uv": [0.016, 0.016, 3.484, -0.016], "rotation": 90, "texture": "#0"},
				"down": {"uv": [0.016, 0.016, 3.484, -0.016], "rotation": 270, "texture": "#0"}
			}
		},
		{
			"from": [7.412, 4.07063, 2.82936],
			"to": [8.588, 4.80263, 4.53736],
			"rotation": {"angle": 22.5, "axis": "x", "origin": [8, -5.76137, 8.10336]},
			"faces": {
				"north": {"uv": [6.19375, 0.6875, 6.49375, 0.75], "rotation": 90, "texture": "#0"},
				"east": {"uv": [6.19375, 0.0625, 6.49375, 0.75], "rotation": 90, "texture": "#0"},
				"south": {"uv": [6.19375, 0.6875, 6.49375, 0.75], "rotation": 90, "texture": "#0"},
				"west": {"uv": [6.19375, 0.75, 6.49375, 0.0625], "rotation": 90, "texture": "#0"},
				"up": {"uv": [6.19375, 0.0625, 6.24375, 0.75], "rotation": 180, "texture": "#0"},
				"down": {"uv": [6.44375, 0.0625, 6.49375, 0.75], "texture": "#0"}
			}
		},
		{
			"from": [7.412, 2.94213, 3.28686],
			"to": [8.588, 3.67413, 4.99486],
			"rotation": {"angle": 22.5, "axis": "x", "origin": [8, -5.76137, 8.10336]},
			"faces": {
				"north": {"uv": [6.19375, 0.6875, 6.49375, 0.75], "rotation": 90, "texture": "#0"},
				"east": {"uv": [6.19375, 0.0625, 6.49375, 0.75], "rotation": 90, "texture": "#0"},
				"south": {"uv": [6.19375, 0.6875, 6.49375, 0.75], "rotation": 90, "texture": "#0"},
				"west": {"uv": [6.19375, 0.75, 6.49375, 0.0625], "rotation": 90, "texture": "#0"},
				"up": {"uv": [6.19375, 0.0625, 6.24375, 0.75], "rotation": 180, "texture": "#0"},
				"down": {"uv": [6.44375, 0.0625, 6.49375, 0.75], "texture": "#0"}
			}
		},
		{
			"from": [7.412, 1.81363, 3.77486],
			"to": [8.588, 2.54563, 5.48286],
			"rotation": {"angle": 22.5, "axis": "x", "origin": [8, -5.76137, 8.10336]},
			"faces": {
				"north": {"uv": [6.19375, 0.6875, 6.49375, 0.75], "rotation": 90, "texture": "#0"},
				"east": {"uv": [6.19375, 0.0625, 6.49375, 0.75], "rotation": 90, "texture": "#0"},
				"south": {"uv": [6.19375, 0.6875, 6.49375, 0.75], "rotation": 90, "texture": "#0"},
				"west": {"uv": [6.19375, 0.75, 6.49375, 0.0625], "rotation": 90, "texture": "#0"},
				"up": {"uv": [6.19375, 0.0625, 6.24375, 0.75], "rotation": 180, "texture": "#0"},
				"down": {"uv": [6.44375, 0.0625, 6.49375, 0.75], "texture": "#0"}
			}
		},
		{
			"from": [7.6096, 10.89938, 3.56336],
			"to": [8.3904, 11.68018, 8.04336],
			"rotation": {"angle": 0, "axis": "y", "origin": [8, 6.48978, 8.00336]},
			"faces": {
				"north": {"uv": [0.016, 0.016, 0.984, 0.984], "texture": "#0"},
				"east": {"uv": [0.016, 6.375, 0.484, 6.675], "rotation": 270, "texture": "#0"},
				"south": {"uv": [0.016, 4.625, 0.484, 4.65], "texture": "#0"},
				"west": {"uv": [0.016, 6.375, 0.484, 6.675], "rotation": 90, "texture": "#0"},
				"up": {"uv": [0.016, 6.375, 0.484, 6.675], "rotation": 180, "texture": "#0"},
				"down": {"uv": [0.016, 6.375, 0.484, 6.675], "texture": "#0"}
			}
		},
		{
			"from": [7.37048, 7.93044, 4.47503],
			"to": [8.62952, 9.08456, 5.62915],
			"rotation": {"angle": 45, "axis": "x", "origin": [8, 11.5938, 7.36979]},
			"faces": {
				"north": {"uv": [0.016, 0.016, 0.559, 0.56056], "rotation": 90, "texture": "#0"},
				"east": {"uv": [0.016, 0.016, 0.559, 0.56056], "rotation": 90, "texture": "#0"},
				"south": {"uv": [0.016, 0.016, 0.559, 0.56056], "rotation": 90, "texture": "#0"},
				"west": {"uv": [0.016, 0.016, 0.559, 0.56056], "rotation": 90, "texture": "#0"},
				"up": {"uv": [0.016, 0.016, 0.559, 0.56056], "rotation": 90, "texture": "#0"},
				"down": {"uv": [0.016, 0.016, 0.559, 0.56056], "rotation": 90, "texture": "#0"}
			}
		},
		{
			"from": [7.6096, 7.54978, 0.71296],
			"to": [8.3904, 10.42978, 1.49376],
			"rotation": {"angle": 45, "axis": "x", "origin": [8, 7.56044, 3.40336]},
			"faces": {
				"north": {"uv": [0.016, 6.375, 0.484, 6.675], "texture": "#0"},
				"east": {"uv": [0.016, 6.375, 0.484, 6.675], "texture": "#0"},
				"south": {"uv": [0.016, 6.375, 0.484, 6.675], "texture": "#0"},
				"west": {"uv": [0.016, 6.375, 0.484, 6.675], "texture": "#0"},
				"up": {"uv": [0.016, 4.625, 0.484, 4.65], "texture": "#0"},
				"down": {"uv": [0.016, 0.016, 0.984, 0.984], "rotation": 180, "texture": "#0"}
			}
		},
		{
			"from": [7.44917, 8.21308, 0.57876],
			"to": [8.55083, 8.52784, 1.62796],
			"rotation": {"angle": 45, "axis": "x", "origin": [8, 7.56044, 3.40336]},
			"faces": {
				"north": {"uv": [0.6875, 0.0625, 1.1875, 0.016], "texture": "#0"},
				"east": {"uv": [0.6875, 0.0625, 1.1875, 0.016], "texture": "#0"},
				"south": {"uv": [0.6875, 0.0625, 1.1875, 0.016], "texture": "#0"},
				"west": {"uv": [0.6875, 0.0625, 1.1875, 0.016], "texture": "#0"},
				"up": {"uv": [0.6875, 0.0625, 1.1875, 0.016], "rotation": 90, "texture": "#0"},
				"down": {"uv": [0.6875, 0.0625, 1.1875, 0.016], "rotation": 270, "texture": "#0"}
			}
		},
		{
			"from": [7.44917, 7.7934, 0.57876],
			"to": [8.55083, 8.10816, 1.62796],
			"rotation": {"angle": 45, "axis": "x", "origin": [8, 7.56044, 3.40336]},
			"faces": {
				"north": {"uv": [0.6875, 0.0625, 1.1875, 0.016], "texture": "#0"},
				"east": {"uv": [0.6875, 0.0625, 1.1875, 0.016], "texture": "#0"},
				"south": {"uv": [0.6875, 0.0625, 1.1875, 0.016], "texture": "#0"},
				"west": {"uv": [0.6875, 0.0625, 1.1875, 0.016], "texture": "#0"},
				"up": {"uv": [0.6875, 0.0625, 1.1875, 0.016], "rotation": 90, "texture": "#0"},
				"down": {"uv": [0.6875, 0.0625, 1.1875, 0.016], "rotation": 270, "texture": "#0"}
			}
		},
		{
			"from": [7.44917, 7.37372, 0.57876],
			"to": [8.55083, 7.68848, 1.62796],
			"rotation": {"angle": 45, "axis": "x", "origin": [8, 7.56044, 3.40336]},
			"faces": {
				"north": {"uv": [0.6875, 0.0625, 1.1875, 0.016], "texture": "#0"},
				"east": {"uv": [0.6875, 0.0625, 1.1875, 0.016], "texture": "#0"},
				"south": {"uv": [0.6875, 0.0625, 1.1875, 0.016], "texture": "#0"},
				"west": {"uv": [0.6875, 0.0625, 1.1875, 0.016], "texture": "#0"},
				"up": {"uv": [0.6875, 0.0625, 1.1875, 0.016], "rotation": 90, "texture": "#0"},
				"down": {"uv": [0.6875, 0.0625, 1.1875, 0.016], "rotation": 270, "texture": "#0"}
			}
		},
		{
			"from": [7.768, 10.81778, 8.23736],
			"to": [8.232, 12.03478, 9.47936],
			"rotation": {"angle": 45, "axis": "x", "origin": [8, 11.69378, 8.00336]},
			"faces": {
				"north": {"uv": [0.016, 0.016, 0.559, 0.56056], "rotation": 90, "texture": "#0"},
				"east": {"uv": [0.016, 0.016, 0.559, 0.56056], "rotation": 90, "texture": "#0"},
				"south": {"uv": [0.016, 0.016, 0.559, 0.56056], "rotation": 90, "texture": "#0"},
				"west": {"uv": [0.016, 0.016, 0.559, 0.56056], "rotation": 90, "texture": "#0"},
				"up": {"uv": [0.016, 0.016, 0.559, 0.56056], "rotation": 90, "texture": "#0"},
				"down": {"uv": [0.016, 0.016, 0.559, 0.56056], "rotation": 90, "texture": "#0"}
			}
		},
		{
			"from": [7.768, 10.81778, 6.52064],
			"to": [8.232, 12.03478, 7.76264],
			"rotation": {"angle": -45, "axis": "x", "origin": [8, 11.69378, 7.99664]},
			"faces": {
				"north": {"uv": [0.016, 0.56056, 0.559, 0.016], "rotation": 90, "texture": "#0"},
				"east": {"uv": [0.016, 0.56056, 0.559, 0.016], "rotation": 90, "texture": "#0"},
				"south": {"uv": [0.016, 0.56056, 0.559, 0.016], "rotation": 90, "texture": "#0"},
				"west": {"uv": [0.016, 0.56056, 0.559, 0.016], "rotation": 90, "texture": "#0"},
				"up": {"uv": [0.559, 0.016, 0.016, 0.56056], "rotation": 90, "texture": "#0"},
				"down": {"uv": [0.559, 0.016, 0.016, 0.56056], "rotation": 90, "texture": "#0"}
			}
		},
		{
			"from": [7.634, 0.1142, 5.28893],
			"to": [8.366, 0.8462, 7.72893],
			"rotation": {"angle": -22.5, "axis": "x", "origin": [8, 0.9682, 8.00336]},
			"faces": {
				"north": {"uv": [1.875, 0.9375, 2.1875, 1], "rotation": 270, "texture": "#0"},
				"east": {"uv": [1.875, 0.016, 2.1875, 1], "rotation": 270, "texture": "#0"},
				"south": {"uv": [0.016, 0.016, 0.984, 0.984], "rotation": 180, "texture": "#0"},
				"west": {"uv": [1.875, 1, 2.1875, 0.016], "rotation": 270, "texture": "#0"},
				"up": {"uv": [2.125, 0.016, 2.1875, 1], "rotation": 180, "texture": "#0"},
				"down": {"uv": [1.875, 0.016, 1.9375, 1], "texture": "#0"}
			}
		},
		{
			"from": [7.6645, -5.06327, 5.57274],
			"to": [8.3355, -0.18327, 6.24374],
			"rotation": {"angle": 0, "axis": "y", "origin": [8, 0.09115, 8.59224]},
			"faces": {
				"north": {"uv": [0.516, 1.516, 2.5, 1.5625], "rotation": 270, "texture": "#0"},
				"east": {"uv": [0.516, 1.25, 2.5, 1.5625], "rotation": 270, "texture": "#0"},
				"south": {"uv": [0.516, 1.25, 2.5, 1.3125], "rotation": 270, "texture": "#0"},
				"west": {"uv": [0.516, 1.5625, 2.5, 1.25], "rotation": 270, "texture": "#0"},
				"up": {"uv": [0.016, 0.016, 0.984, 0.984], "rotation": 180, "texture": "#0"},
				"down": {"uv": [0.516, 1.5625, 0.5625, 1.25], "rotation": 180, "texture": "#0"}
			}
		}
	],
	"gui_light": "front",
	"display": {
		"thirdperson_righthand": {
			"translation": [0, 9.25, 1]
		},
		"thirdperson_lefthand": {
			"translation": [0, 3.5, 1.25]
		},
		"firstperson_righthand": {
			"rotation": [-11.75, 0, 0],
			"translation": [1.25, 8.75, 1.75],
			"scale": [0.71, 0.71, 0.71]
		},
		"firstperson_lefthand": {
			"rotation": [-11.75, 0, 0],
			"translation": [1.25, 8.75, 1.75],
			"scale": [0.71, 0.71, 0.71]
		},
		"ground": {
			"rotation": [0, 0, 42],
			"translation": [-1, 1, 0.5],
			"scale": [0.41, 0.41, 0.4]
		},
		"gui": {
			"rotation": [80, 47, -91],
			"translation": [3.25, 3, 0],
			"scale": [0.6968, 0.6968, 0.6968]
		},
		"fixed": {
			"rotation": [-90, 58.5, 90],
			"translation": [-4.5, 12, -1.75],
			"scale": [2.03516, 2.03516, 2.03516]
		}
	},
	"groups": [
		{
			"name": "group",
			"origin": [8, 0.09115, 8.59224],
			"color": 0,
			"children": [0, 1, 2, 3, 4, 5, 6, 7, 8, 9, 10, 11, 12, 13, 14, 15, 16, 17, 18, 19, 20, 21, 22, 23, 24, 25, 26, 27, 28, 29]
		}
	]
}