{
	"format_version": "1.21.6",
	"credit": "MadewithBlockbench",
	"texture_size": [20, 20],
	"textures": {
		"0": "skins:item/legacy/shark_head",
		"particle": "skins:item/legacy/shark_head"
	},
	"elements": [
		{
			"from": [6, 7.45776, 5.25],
			"to": [10, 9.45776, 11.25],
			"rotation": {"angle": 0, "axis": "y", "origin": [6, 3.45776, 5.25]},
			"faces": {
				"north": {"uv": [6.4, 5.6, 9.6, 7.2], "texture": "#0"},
				"east": {"uv": [6.4, 0, 11.2, 1.6], "texture": "#0"},
				"south": {"uv": [6.4, 7.2, 9.6, 8.8], "texture": "#0"},
				"west": {"uv": [6.4, 1.6, 11.2, 3.2], "texture": "#0"},
				"up": {"uv": [3.2, 4.8, 0, 0], "texture": "#0"},
				"down": {"uv": [6.4, 0, 3.2, 4.8], "texture": "#0"}
			}
		},
		{
			"from": [6, 4.95776, 5.75],
			"to": [10, 5.95776, 11.75],
			"rotation": {"angle": -22.5, "axis": "x", "origin": [8, 5.45776, 9.25]},
			"faces": {
				"north": {"uv": [9.6, 4.8, 12.8, 5.6], "texture": "#0"},
				"east": {"uv": [6.4, 8.8, 11.2, 9.6], "texture": "#0"},
				"south": {"uv": [9.6, 5.6, 12.8, 6.4], "texture": "#0"},
				"west": {"uv": [0, 9.6, 4.8, 10.4], "texture": "#0"},
				"up": {"uv": [3.2, 9.6, 0, 4.8], "texture": "#0"},
				"down": {"uv": [6.4, 4.8, 3.2, 9.6], "texture": "#0"}
			}
		},
		{
			"from": [10, 5.95776, 5.75],
			"to": [10, 6.95776, 10.75],
			"rotation": {"angle": -22.5, "axis": "x", "origin": [8, 5.45776, 9.25]},
			"faces": {
				"north": {"uv": [0, 0, 0, 0.8], "texture": "#0"},
				"east": {"uv": [9.6, 3.2, 13.6, 4], "texture": "#0"},
				"south": {"uv": [0, 0, 0, 0.8], "texture": "#0"},
				"west": {"uv": [13.6, 3.2, 9.6, 4], "texture": "#0"},
				"up": {"uv": [0, 4, 0, 0], "texture": "#0"},
				"down": {"uv": [0, 0, 0, 4], "texture": "#0"}
			}
		},
		{
			"from": [6, 5.95776, 5.75],
			"to": [6, 6.95776, 10.75],
			"rotation": {"angle": -22.5, "axis": "x", "origin": [8, 5.45776, 9.25]},
			"faces": {
				"north": {"uv": [0, 0, 0, 0.8], "texture": "#0"},
				"east": {"uv": [9.6, 3.2, 13.6, 4], "texture": "#0"},
				"south": {"uv": [0, 0, 0, 0.8], "texture": "#0"},
				"west": {"uv": [13.6, 3.2, 9.6, 4], "texture": "#0"},
				"up": {"uv": [0, 4, 0, 0], "texture": "#0"},
				"down": {"uv": [0, 0, 0, 4], "texture": "#0"}
			}
		},
		{
			"from": [6, 5.95776, 5.75],
			"to": [10, 6.95776, 5.75],
			"rotation": {"angle": -22.5, "axis": "x", "origin": [8, 5.45776, 9.25]},
			"faces": {
				"north": {"uv": [9.6, 6.4, 12.8, 7.2], "texture": "#0"},
				"east": {"uv": [0, 0, 0, 0.8], "texture": "#0"},
				"south": {"uv": [12.8, 6.4, 9.6, 7.2], "texture": "#0"},
				"west": {"uv": [0, 0, 0, 0.8], "texture": "#0"},
				"up": {"uv": [3.2, 0, 0, 0], "texture": "#0"},
				"down": {"uv": [3.2, 0, 0, 0], "texture": "#0"}
			}
		},
		{
			"from": [9.999, 6.45776, 5.25],
			"to": [9.999, 7.45776, 10.25],
			"rotation": {"angle": 0, "axis": "x", "origin": [7.999, 6.95776, 6.5]},
			"faces": {
				"north": {"uv": [0, 0, 0, 0.8], "texture": "#0"},
				"east": {"uv": [9.6, 4, 13.6, 4.8], "texture": "#0"},
				"south": {"uv": [0, 0, 0, 0.8], "texture": "#0"},
				"west": {"uv": [13.6, 4, 9.6, 4.8], "texture": "#0"},
				"up": {"uv": [0, 4, 0, 0], "texture": "#0"},
				"down": {"uv": [0, 0, 0, 4], "texture": "#0"}
			}
		},
		{
			"from": [6.001, 6.45776, 5.25],
			"to": [6.001, 7.45776, 10.25],
			"rotation": {"angle": 0, "axis": "x", "origin": [8.001, 6.95776, 6.5]},
			"faces": {
				"north": {"uv": [0, 0, 0, 0.8], "texture": "#0"},
				"east": {"uv": [9.6, 4, 13.6, 4.8], "texture": "#0"},
				"south": {"uv": [0, 0, 0, 0.8], "texture": "#0"},
				"west": {"uv": [13.6, 4, 9.6, 4.8], "texture": "#0"},
				"up": {"uv": [0, 4, 0, 0], "texture": "#0"},
				"down": {"uv": [0, 0, 0, 4], "texture": "#0"}
			}
		},
		{
			"from": [6, 6.45776, 5.25],
			"to": [10, 7.45776, 5.25],
			"rotation": {"angle": 0, "axis": "x", "origin": [8, 6.95776, 6.5]},
			"faces": {
				"north": {"uv": [9.6, 7.2, 12.8, 8], "texture": "#0"},
				"east": {"uv": [0, 0, 0, 0.8], "texture": "#0"},
				"south": {"uv": [12.8, 7.2, 9.6, 8], "texture": "#0"},
				"west": {"uv": [0, 0, 0, 0.8], "texture": "#0"},
				"up": {"uv": [3.2, 0, 0, 0], "texture": "#0"},
				"down": {"uv": [3.2, 0, 0, 0], "texture": "#0"}
			}
		},
		{
			"from": [9.949, 6.25776, 10.05],
			"to": [9.949, 7.45776, 11.25],
			"rotation": {"angle": 0, "axis": "x", "origin": [9.974, 6.95776, 10.75]},
			"faces": {
				"north": {"uv": [0, 0, 0, 1], "texture": "#0"},
				"east": {"uv": [8, 9.6, 9, 10.6], "texture": "#0"},
				"south": {"uv": [0, 0, 0, 1], "texture": "#0"},
				"west": {"uv": [9, 9.6, 8, 10.6], "texture": "#0"},
				"up": {"uv": [0, 1, 0, 0], "texture": "#0"},
				"down": {"uv": [0, 0, 0, 1], "texture": "#0"}
			}
		},
		{
			"from": [6.051, 6.25776, 10.05],
			"to": [6.051, 7.45776, 11.25],
			"rotation": {"angle": 0, "axis": "x", "origin": [6.026, 6.95776, 10.75]},
			"faces": {
				"north": {"uv": [0, 0, 0, 1], "texture": "#0"},
				"east": {"uv": [8, 9.6, 9, 10.6], "texture": "#0"},
				"south": {"uv": [0, 0, 0, 1], "texture": "#0"},
				"west": {"uv": [9, 9.6, 8, 10.6], "texture": "#0"},
				"up": {"uv": [0, 1, 0, 0], "texture": "#0"},
				"down": {"uv": [0, 0, 0, 1], "texture": "#0"}
			}
		},
		{
			"from": [6.05, 6.25776, 11.249],
			"to": [9.95, 7.45776, 11.249],
			"rotation": {"angle": 0, "axis": "y", "origin": [9.35, 6.85776, 11.249]},
			"faces": {
				"north": {"uv": [8, 9.6, 4.8, 10.6], "texture": "#0"},
				"east": {"uv": [0, 0, 0, 1], "texture": "#0"},
				"south": {"uv": [4.8, 9.6, 8, 10.6], "texture": "#0"},
				"west": {"uv": [0, 0, 0, 1], "texture": "#0"},
				"up": {"uv": [3.2, 0, 0, 0], "texture": "#0"},
				"down": {"uv": [3.2, 0, 0, 0], "texture": "#0"}
			}
		},
		{
			"from": [8, 8.45776, 8.75],
			"to": [8, 11.45776, 12.75],
			"rotation": {"angle": 0, "axis": "y", "origin": [8, 3.45776, 0.75]},
			"faces": {
				"north": {"uv": [0, 0, 0, 2.4], "texture": "#0"},
				"east": {"uv": [6.4, 3.2, 9.6, 5.6], "texture": "#0"},
				"south": {"uv": [0, 0, 0, 2.4], "texture": "#0"},
				"west": {"uv": [9.6, 3.2, 6.4, 5.6], "texture": "#0"},
				"up": {"uv": [0, 3.2, 0, 0], "texture": "#0"},
				"down": {"uv": [0, 0, 0, 3.2], "texture": "#0"}
			}
		}
	],
	"gui_light": "front",
	"display": {
		"thirdperson_righthand": {
			"rotation": [58.25, 0, 0],
			"translation": [0, 2, 0]
		},
		"thirdperson_lefthand": {
			"rotation": [58.25, 0, 0],
			"translation": [0, 2, 0]
		},
		"firstperson_righthand": {
			"translation": [-3.75, 5, 4.25],
			"scale": [0.8, 0.8, 0.8]
		},
		"firstperson_lefthand": {
			"translation": [-3.75, 5, 4.25],
			"scale": [0.8, 0.8, 0.8]
		},
		"ground": {
			"translation": [0, 6.25, 0],
			"scale": [1.2, 1.2, 1.2]
		},
		"gui": {
			"rotation": [29, 135, 0],
			"translation": [-0.25, 0.25, 0],
			"scale": [1.51563, 1.51563, 1.51563]
		},
		"head": {
			"translation": [0, 2.25, -4.25],
			"scale": [3.6, 3.6, 3.6]
		},
		"fixed": {
			"translation": [0, 1.75, -13],
			"scale": [4, 4, 4]
		}
	},
	"groups": [
		{
			"name": "group",
			"origin": [8, 3.45776, 0.75],
			"color": 0,
			"children": [0, 1, 2, 3, 4, 5, 6, 7, 8, 9, 10, 11]
		}
	]
}