{
	"format_version": "1.21.6",
	"credit": "Made with Blockbench",
	"texture_size": [20, 20],
	"textures": {
		"0": "skins:item/legacy/squid_hat",
		"particle": "skins:item/legacy/squid_hat"
	},
	"elements": [
		{
			"from": [5, 6.91578, 3.04405],
			"to": [11, 13.91578, 9.04405],
			"rotation": {"angle": 0, "axis": "y", "origin": [5, 6.91578, 3.04405]},
			"faces": {
				"north": {"uv": [0, 5.6, 4.8, 11.2], "texture": "#0"},
				"east": {"uv": [0, 5.6, 4.8, 11.2], "texture": "#0"},
				"south": {"uv": [0, 5.6, 4.8, 11.2], "texture": "#0"},
				"west": {"uv": [0, 5.6, 4.8, 11.2], "texture": "#0"},
				"up": {"uv": [4.8, 16, 0, 11.2], "texture": "#0"},
				"down": {"uv": [9.6, 11.2, 4.8, 16], "texture": "#0"}
			}
		},
		{
			"from": [3, 9.91578, 6.04405],
			"to": [13, 16.91578, 6.04405],
			"rotation": {"angle": 0, "axis": "y", "origin": [5, 6.91578, 3.04405]},
			"faces": {
				"north": {"uv": [0, 0, 8, 5.6], "texture": "#0"},
				"east": {"uv": [0, 0, 0, 5.6], "texture": "#0"},
				"south": {"uv": [8, 0, 0, 5.6], "texture": "#0"},
				"west": {"uv": [0, 0, 0, 5.6], "texture": "#0"},
				"up": {"uv": [8, 0, 0, 0], "texture": "#0"},
				"down": {"uv": [8, 0, 0, 0], "texture": "#0"}
			}
		},
		{
			"from": [3.45628, 6.08681, 3.14405],
			"to": [4.65628, 8.08681, 4.34405],
			"rotation": {"angle": -22.5, "axis": "z", "origin": [2.70234, 3.10292, 3.74405]},
			"faces": {
				"north": {"uv": [9.6, 11.2, 10.6, 12.8], "texture": "#0"},
				"east": {"uv": [9.6, 11.2, 10.6, 12.8], "texture": "#0"},
				"south": {"uv": [9.6, 11.2, 10.6, 12.8], "texture": "#0"},
				"west": {"uv": [9.6, 11.2, 10.6, 12.8], "texture": "#0"},
				"up": {"uv": [13, 13.8, 12, 12.8], "texture": "#0"},
				"down": {"uv": [14.6, 11.2, 13.6, 12.2], "texture": "#0"}
			}
		},
		{
			"from": [3.83148, 4.85841, 3.24405],
			"to": [4.83148, 6.55841, 4.24405],
			"rotation": {"angle": -45, "axis": "z", "origin": [3.51942, 4.90818, 3.64405]},
			"faces": {
				"north": {"uv": [9.6, 12.8, 10.4, 14.2], "texture": "#0"},
				"east": {"uv": [9.6, 12.8, 10.4, 14.2], "texture": "#0"},
				"south": {"uv": [9.6, 12.8, 10.4, 14.2], "texture": "#0"},
				"west": {"uv": [9.6, 12.8, 10.4, 14.2], "texture": "#0"},
				"down": {"uv": [15.2, 2.4, 14.4, 3.2], "texture": "#0"}
			}
		},
		{
			"from": [2.40622, 4.14356, 3.34405],
			"to": [3.70622, 4.94356, 4.14405],
			"rotation": {"angle": 22.5, "axis": "z", "origin": [4.432, 5.79348, 3.64405]},
			"faces": {
				"north": {"uv": [14.4, 3.2, 15.4, 3.8], "texture": "#0"},
				"south": {"uv": [15.4, 3.2, 14.4, 3.8], "texture": "#0"},
				"west": {"uv": [14.4, 6.4, 15, 7], "texture": "#0"},
				"up": {"uv": [15.4, 5.4, 14.4, 4.8], "texture": "#0"},
				"down": {"uv": [15.4, 5.6, 14.4, 6.2], "texture": "#0"}
			}
		},
		{
			"from": [2.19182, 3.56892, 3.44405],
			"to": [3.19182, 4.16892, 4.04405],
			"rotation": {"angle": 0, "axis": "z", "origin": [5.08458, 6.03255, 3.64405]},
			"faces": {
				"north": {"uv": [14.4, 7.2, 15.2, 7.6], "texture": "#0"},
				"south": {"uv": [14.4, 8, 15.2, 8.4], "texture": "#0"},
				"west": {"uv": [12, 14.4, 12.4, 14.8], "texture": "#0"},
				"up": {"uv": [15.2, 9.2, 14.4, 8.8], "texture": "#0"},
				"down": {"uv": [10.4, 14.4, 9.6, 14.8], "texture": "#0"}
			}
		},
		{
			"from": [1.51968, 3.81242, 3.54405],
			"to": [2.31968, 4.21242, 3.94405],
			"rotation": {"angle": -22.5, "axis": "z", "origin": [1.84468, 4.03742, 3.74405]},
			"faces": {
				"north": {"uv": [14.4, 9.6, 15, 10], "texture": "#0"},
				"south": {"uv": [10.4, 14.4, 11, 14.8], "texture": "#0"},
				"west": {"uv": [12.8, 14.4, 13.2, 14.8], "texture": "#0"},
				"up": {"uv": [15, 10.8, 14.4, 10.4], "texture": "#0"},
				"down": {"uv": [11.8, 14.4, 11.2, 14.8], "texture": "#0"}
			}
		},
		{
			"from": [7.7, 3.56892, 11.09333],
			"to": [8.3, 4.16892, 12.09333],
			"rotation": {"angle": 0, "axis": "z", "origin": [8, 5.06717, 10.59405]},
			"faces": {
				"east": {"uv": [14.4, 8, 15.2, 8.4], "texture": "#0"},
				"south": {"uv": [12, 14.4, 12.4, 14.8], "texture": "#0"},
				"west": {"uv": [14.4, 7.2, 15.2, 7.6], "texture": "#0"},
				"up": {"uv": [15.2, 9.2, 14.4, 8.8], "rotation": 270, "texture": "#0"},
				"down": {"uv": [10.4, 14.4, 9.6, 14.8], "rotation": 90, "texture": "#0"}
			}
		},
		{
			"from": [7.6, 3.80474, 10.35738],
			"to": [8.4, 4.60474, 11.65738],
			"rotation": {"angle": 22.5, "axis": "x", "origin": [8, 5.06717, 10.59405]},
			"faces": {
				"east": {"uv": [15.4, 3.2, 14.4, 3.8], "texture": "#0"},
				"south": {"uv": [14.4, 6.4, 15, 7], "texture": "#0"},
				"west": {"uv": [14.4, 3.2, 15.4, 3.8], "texture": "#0"},
				"up": {"uv": [15.4, 5.4, 14.4, 4.8], "rotation": 270, "texture": "#0"},
				"down": {"uv": [15.4, 5.6, 14.4, 6.2], "rotation": 90, "texture": "#0"}
			}
		},
		{
			"from": [7.5, 4.78358, 9.29095],
			"to": [8.5, 6.48358, 10.29095],
			"rotation": {"angle": -45, "axis": "x", "origin": [8, 5.06717, 10.59405]},
			"faces": {
				"north": {"uv": [9.6, 12.8, 10.4, 14.2], "texture": "#0"},
				"east": {"uv": [9.6, 12.8, 10.4, 14.2], "texture": "#0"},
				"south": {"uv": [9.6, 12.8, 10.4, 14.2], "texture": "#0"},
				"west": {"uv": [9.6, 12.8, 10.4, 14.2], "texture": "#0"},
				"down": {"uv": [15.2, 2.4, 14.4, 3.2], "rotation": 90, "texture": "#0"}
			}
		},
		{
			"from": [7.4, 5.85795, 8.80191],
			"to": [8.6, 7.85795, 10.00191],
			"rotation": {"angle": -22.5, "axis": "x", "origin": [8, 5.06717, 10.59405]},
			"faces": {
				"north": {"uv": [9.6, 11.2, 10.6, 12.8], "texture": "#0"},
				"east": {"uv": [9.6, 11.2, 10.6, 12.8], "texture": "#0"},
				"south": {"uv": [9.6, 11.2, 10.6, 12.8], "texture": "#0"},
				"west": {"uv": [9.6, 11.2, 10.6, 12.8], "texture": "#0"},
				"up": {"uv": [13, 13.8, 12, 12.8], "rotation": 270, "texture": "#0"},
				"down": {"uv": [14.6, 11.2, 13.6, 12.2], "rotation": 90, "texture": "#0"}
			}
		},
		{
			"from": [7.8, 3.18422, 11.43084],
			"to": [8.2, 3.58422, 12.23084],
			"rotation": {"angle": -22.5, "axis": "x", "origin": [8, 5.06717, 10.59405]},
			"faces": {
				"east": {"uv": [10.4, 14.4, 11, 14.8], "texture": "#0"},
				"south": {"uv": [12.8, 14.4, 13.2, 14.8], "texture": "#0"},
				"west": {"uv": [14.4, 9.6, 15, 10], "texture": "#0"},
				"up": {"uv": [15, 10.8, 14.4, 10.4], "rotation": 270, "texture": "#0"},
				"down": {"uv": [11.8, 14.4, 11.2, 14.8], "rotation": 90, "texture": "#0"}
			}
		},
		{
			"from": [1.19182, 4.76892, 5.44405],
			"to": [2.19182, 5.36892, 6.04405],
			"rotation": {"angle": -22.5, "axis": "z", "origin": [2.6911, 6.26717, 5.74405]},
			"faces": {
				"north": {"uv": [14.4, 7.2, 15.2, 7.6], "texture": "#0"},
				"south": {"uv": [14.4, 8, 15.2, 8.4], "texture": "#0"},
				"west": {"uv": [12, 14.4, 12.4, 14.8], "texture": "#0"},
				"up": {"uv": [15.2, 9.2, 14.4, 8.8], "texture": "#0"},
				"down": {"uv": [10.4, 14.4, 9.6, 14.8], "texture": "#0"}
			}
		},
		{
			"from": [1.62777, 5.00474, 5.34405],
			"to": [2.92777, 5.80474, 6.14405],
			"rotation": {"angle": 0, "axis": "z", "origin": [2.6911, 6.26717, 5.74405]},
			"faces": {
				"north": {"uv": [14.4, 3.2, 15.4, 3.8], "texture": "#0"},
				"south": {"uv": [15.4, 3.2, 14.4, 3.8], "texture": "#0"},
				"west": {"uv": [14.4, 6.4, 15, 7], "texture": "#0"},
				"up": {"uv": [15.4, 5.4, 14.4, 4.8], "texture": "#0"},
				"down": {"uv": [15.4, 5.6, 14.4, 6.2], "texture": "#0"}
			}
		},
		{
			"from": [2.4075, 4.96408, 5.24405],
			"to": [4.1075, 5.96408, 6.24405],
			"rotation": {"angle": 22.5, "axis": "z", "origin": [2.6911, 6.26717, 5.74405]},
			"faces": {
				"north": {"uv": [9.6, 12.8, 10.4, 14.2], "rotation": 270, "texture": "#0"},
				"south": {"uv": [9.6, 12.8, 10.4, 14.2], "rotation": 90, "texture": "#0"},
				"west": {"uv": [15.2, 2.4, 14.4, 3.2], "rotation": 90, "texture": "#0"},
				"up": {"uv": [9.6, 12.8, 10.4, 14.2], "rotation": 90, "texture": "#0"},
				"down": {"uv": [9.6, 12.8, 10.4, 14.2], "rotation": 90, "texture": "#0"}
			}
		},
		{
			"from": [3.28323, 7.05795, 5.14405],
			"to": [4.48323, 9.05795, 6.34405],
			"rotation": {"angle": -45, "axis": "z", "origin": [2.6911, 6.26717, 5.74405]},
			"faces": {
				"north": {"uv": [9.6, 11.2, 10.6, 12.8], "texture": "#0"},
				"east": {"uv": [9.6, 11.2, 10.6, 12.8], "texture": "#0"},
				"south": {"uv": [9.6, 11.2, 10.6, 12.8], "texture": "#0"},
				"west": {"uv": [9.6, 11.2, 10.6, 12.8], "texture": "#0"},
				"up": {"uv": [13, 13.8, 12, 12.8], "texture": "#0"},
				"down": {"uv": [14.6, 11.2, 13.6, 12.2], "texture": "#0"}
			}
		},
		{
			"from": [1.0543, 4.38422, 5.54405],
			"to": [1.8543, 4.78422, 5.94405],
			"rotation": {"angle": -45, "axis": "z", "origin": [2.6911, 6.26717, 5.74405]},
			"faces": {
				"north": {"uv": [14.4, 9.6, 15, 10], "texture": "#0"},
				"south": {"uv": [10.4, 14.4, 11, 14.8], "texture": "#0"},
				"west": {"uv": [12.8, 14.4, 13.2, 14.8], "texture": "#0"},
				"up": {"uv": [15, 10.8, 14.4, 10.4], "texture": "#0"},
				"down": {"uv": [11.8, 14.4, 11.2, 14.8], "texture": "#0"}
			}
		},
		{
			"from": [5.86343, 4.65412, 12.37689],
			"to": [6.26343, 5.05412, 13.17689],
			"rotation": {"angle": -45, "axis": "x", "origin": [6.06343, 6.39761, 11.36905]},
			"faces": {
				"east": {"uv": [10.4, 14.4, 11, 14.8], "texture": "#0"},
				"south": {"uv": [12.8, 14.4, 13.2, 14.8], "texture": "#0"},
				"west": {"uv": [14.4, 9.6, 15, 10], "texture": "#0"},
				"up": {"uv": [15, 10.8, 14.4, 10.4], "rotation": 270, "texture": "#0"},
				"down": {"uv": [11.8, 14.4, 11.2, 14.8], "rotation": 90, "texture": "#0"}
			}
		},
		{
			"from": [5.46343, 7.32786, 9.74796],
			"to": [6.66343, 9.32786, 10.94796],
			"rotation": {"angle": -45, "axis": "x", "origin": [6.06343, 6.39761, 11.36905]},
			"faces": {
				"north": {"uv": [9.6, 11.2, 10.6, 12.8], "texture": "#0"},
				"east": {"uv": [9.6, 11.2, 10.6, 12.8], "texture": "#0"},
				"south": {"uv": [9.6, 11.2, 10.6, 12.8], "texture": "#0"},
				"west": {"uv": [9.6, 11.2, 10.6, 12.8], "texture": "#0"},
				"up": {"uv": [13, 13.8, 12, 12.8], "rotation": 270, "texture": "#0"},
				"down": {"uv": [14.6, 11.2, 13.6, 12.2], "rotation": 90, "texture": "#0"}
			}
		},
		{
			"from": [5.56343, 5.30591, 9.88925],
			"to": [6.56343, 6.30591, 11.58925],
			"rotation": {"angle": 22.5, "axis": "x", "origin": [6.06343, 6.39761, 11.36905]},
			"faces": {
				"east": {"uv": [9.6, 12.8, 10.4, 14.2], "rotation": 90, "texture": "#0"},
				"south": {"uv": [15.2, 2.4, 14.4, 3.2], "rotation": 90, "texture": "#0"},
				"west": {"uv": [9.6, 12.8, 10.4, 14.2], "rotation": 270, "texture": "#0"},
				"up": {"uv": [9.6, 12.8, 10.4, 14.2], "texture": "#0"},
				"down": {"uv": [9.6, 12.8, 10.4, 14.2], "rotation": 180, "texture": "#0"}
			}
		},
		{
			"from": [5.66343, 5.35474, 11.15471],
			"to": [6.46343, 6.15474, 12.45471],
			"rotation": {"angle": 0, "axis": "z", "origin": [6.06343, 6.39761, 11.36905]},
			"faces": {
				"east": {"uv": [15.4, 3.2, 14.4, 3.8], "texture": "#0"},
				"south": {"uv": [14.4, 6.4, 15, 7], "texture": "#0"},
				"west": {"uv": [14.4, 3.2, 15.4, 3.8], "texture": "#0"},
				"up": {"uv": [15.4, 5.4, 14.4, 4.8], "rotation": 270, "texture": "#0"},
				"down": {"uv": [15.4, 5.6, 14.4, 6.2], "rotation": 90, "texture": "#0"}
			}
		},
		{
			"from": [5.76343, 5.09366, 11.97298],
			"to": [6.36343, 5.69366, 12.97298],
			"rotation": {"angle": -22.5, "axis": "x", "origin": [6.06343, 6.39761, 11.36905]},
			"faces": {
				"east": {"uv": [14.4, 8, 15.2, 8.4], "texture": "#0"},
				"south": {"uv": [12, 14.4, 12.4, 14.8], "texture": "#0"},
				"west": {"uv": [14.4, 7.2, 15.2, 7.6], "texture": "#0"},
				"up": {"uv": [15.2, 9.2, 14.4, 8.8], "rotation": 270, "texture": "#0"},
				"down": {"uv": [10.4, 14.4, 9.6, 14.8], "rotation": 90, "texture": "#0"}
			}
		},
		{
			"from": [9.73657, 4.65412, 12.37689],
			"to": [10.13657, 5.05412, 13.17689],
			"rotation": {"angle": -45, "axis": "x", "origin": [9.93657, 6.39761, 11.36905]},
			"faces": {
				"east": {"uv": [15, 9.6, 14.4, 10], "texture": "#0"},
				"south": {"uv": [13.2, 14.4, 12.8, 14.8], "texture": "#0"},
				"west": {"uv": [11, 14.4, 10.4, 14.8], "texture": "#0"},
				"up": {"uv": [15, 10.4, 14.4, 10.8], "rotation": 270, "texture": "#0"},
				"down": {"uv": [11.8, 14.8, 11.2, 14.4], "rotation": 90, "texture": "#0"}
			}
		},
		{
			"from": [9.33657, 7.32786, 9.74796],
			"to": [10.53657, 9.32786, 10.94796],
			"rotation": {"angle": -45, "axis": "x", "origin": [9.93657, 6.39761, 11.36905]},
			"faces": {
				"north": {"uv": [10.6, 11.2, 9.6, 12.8], "texture": "#0"},
				"east": {"uv": [10.6, 11.2, 9.6, 12.8], "texture": "#0"},
				"south": {"uv": [10.6, 11.2, 9.6, 12.8], "texture": "#0"},
				"west": {"uv": [10.6, 11.2, 9.6, 12.8], "texture": "#0"},
				"up": {"uv": [13, 12.8, 12, 13.8], "rotation": 270, "texture": "#0"},
				"down": {"uv": [14.6, 12.2, 13.6, 11.2], "rotation": 90, "texture": "#0"}
			}
		},
		{
			"from": [9.43657, 5.30591, 9.88925],
			"to": [10.43657, 6.30591, 11.58925],
			"rotation": {"angle": 22.5, "axis": "x", "origin": [9.93657, 6.39761, 11.36905]},
			"faces": {
				"east": {"uv": [9.6, 14.2, 10.4, 12.8], "rotation": 270, "texture": "#0"},
				"south": {"uv": [15.2, 3.2, 14.4, 2.4], "rotation": 90, "texture": "#0"},
				"west": {"uv": [9.6, 14.2, 10.4, 12.8], "rotation": 90, "texture": "#0"},
				"up": {"uv": [10.4, 12.8, 9.6, 14.2], "texture": "#0"},
				"down": {"uv": [10.4, 12.8, 9.6, 14.2], "rotation": 180, "texture": "#0"}
			}
		},
		{
			"from": [9.53657, 5.35474, 11.15471],
			"to": [10.33657, 6.15474, 12.45471],
			"rotation": {"angle": 0, "axis": "z", "origin": [9.93657, 6.39761, 11.36905]},
			"faces": {
				"east": {"uv": [15.4, 3.2, 14.4, 3.8], "texture": "#0"},
				"south": {"uv": [15, 6.4, 14.4, 7], "texture": "#0"},
				"west": {"uv": [14.4, 3.2, 15.4, 3.8], "texture": "#0"},
				"up": {"uv": [15.4, 4.8, 14.4, 5.4], "rotation": 270, "texture": "#0"},
				"down": {"uv": [15.4, 6.2, 14.4, 5.6], "rotation": 90, "texture": "#0"}
			}
		},
		{
			"from": [9.63657, 5.09366, 11.97298],
			"to": [10.23657, 5.69366, 12.97298],
			"rotation": {"angle": -22.5, "axis": "x", "origin": [9.93657, 6.39761, 11.36905]},
			"faces": {
				"east": {"uv": [15.2, 7.2, 14.4, 7.6], "texture": "#0"},
				"south": {"uv": [12.4, 14.4, 12, 14.8], "texture": "#0"},
				"west": {"uv": [15.2, 8, 14.4, 8.4], "texture": "#0"},
				"up": {"uv": [15.2, 8.8, 14.4, 9.2], "rotation": 270, "texture": "#0"},
				"down": {"uv": [10.4, 14.8, 9.6, 14.4], "rotation": 90, "texture": "#0"}
			}
		},
		{
			"from": [2.99182, 2.76892, 7.44405],
			"to": [3.99182, 3.36892, 8.04405],
			"rotation": {"angle": 22.5, "axis": "z", "origin": [4.4911, 4.26717, 7.74405]},
			"faces": {
				"north": {"uv": [14.4, 7.2, 15.2, 7.6], "texture": "#0"},
				"south": {"uv": [14.4, 8, 15.2, 8.4], "texture": "#0"},
				"west": {"uv": [12, 14.4, 12.4, 14.8], "texture": "#0"},
				"up": {"uv": [15.2, 9.2, 14.4, 8.8], "texture": "#0"},
				"down": {"uv": [10.4, 14.4, 9.6, 14.8], "texture": "#0"}
			}
		},
		{
			"from": [3.42777, 3.00474, 7.34405],
			"to": [4.72777, 3.80474, 8.14405],
			"rotation": {"angle": 45, "axis": "z", "origin": [4.4911, 4.26717, 7.74405]},
			"faces": {
				"north": {"uv": [14.4, 3.2, 15.4, 3.8], "texture": "#0"},
				"south": {"uv": [15.4, 3.2, 14.4, 3.8], "texture": "#0"},
				"west": {"uv": [14.4, 6.4, 15, 7], "texture": "#0"},
				"up": {"uv": [15.4, 5.4, 14.4, 4.8], "texture": "#0"},
				"down": {"uv": [15.4, 5.6, 14.4, 6.2], "texture": "#0"}
			}
		},
		{
			"from": [4.7942, 3.98358, 7.24405],
			"to": [5.7942, 5.68358, 8.24405],
			"rotation": {"angle": -22.5, "axis": "z", "origin": [4.4911, 4.26717, 7.74405]},
			"faces": {
				"north": {"uv": [9.6, 12.8, 10.4, 14.2], "texture": "#0"},
				"east": {"uv": [9.6, 12.8, 10.4, 14.2], "texture": "#0"},
				"south": {"uv": [9.6, 12.8, 10.4, 14.2], "texture": "#0"},
				"west": {"uv": [9.6, 12.8, 10.4, 14.2], "texture": "#0"},
				"down": {"uv": [15.2, 2.4, 14.4, 3.2], "texture": "#0"}
			}
		},
		{
			"from": [5.08323, 5.05795, 7.14405],
			"to": [6.28323, 7.05795, 8.34405],
			"rotation": {"angle": 0, "axis": "z", "origin": [4.4911, 4.26717, 7.74405]},
			"faces": {
				"north": {"uv": [9.6, 11.2, 10.6, 12.8], "texture": "#0"},
				"east": {"uv": [9.6, 11.2, 10.6, 12.8], "texture": "#0"},
				"south": {"uv": [9.6, 11.2, 10.6, 12.8], "texture": "#0"},
				"west": {"uv": [9.6, 11.2, 10.6, 12.8], "texture": "#0"},
				"up": {"uv": [13, 13.8, 12, 12.8], "texture": "#0"},
				"down": {"uv": [14.6, 11.2, 13.6, 12.2], "texture": "#0"}
			}
		},
		{
			"from": [2.8543, 2.38422, 7.54405],
			"to": [3.6543, 2.78422, 7.94405],
			"rotation": {"angle": 0, "axis": "z", "origin": [4.4911, 4.26717, 7.74405]},
			"faces": {
				"north": {"uv": [14.4, 9.6, 15, 10], "texture": "#0"},
				"south": {"uv": [10.4, 14.4, 11, 14.8], "texture": "#0"},
				"west": {"uv": [12.8, 14.4, 13.2, 14.8], "texture": "#0"},
				"up": {"uv": [15, 10.8, 14.4, 10.4], "texture": "#0"},
				"down": {"uv": [11.8, 14.4, 11.2, 14.8], "texture": "#0"}
			}
		},
		{
			"from": [14.1457, 4.38422, 5.54405],
			"to": [14.9457, 4.78422, 5.94405],
			"rotation": {"angle": 45, "axis": "z", "origin": [13.3089, 6.26717, 5.74405]},
			"faces": {
				"north": {"uv": [15, 9.6, 14.4, 10], "texture": "#0"},
				"east": {"uv": [13.2, 14.4, 12.8, 14.8], "texture": "#0"},
				"south": {"uv": [11, 14.4, 10.4, 14.8], "texture": "#0"},
				"up": {"uv": [14.4, 10.8, 15, 10.4], "texture": "#0"},
				"down": {"uv": [11.2, 14.4, 11.8, 14.8], "texture": "#0"}
			}
		},
		{
			"from": [11.51677, 7.05795, 5.14405],
			"to": [12.71677, 9.05795, 6.34405],
			"rotation": {"angle": 45, "axis": "z", "origin": [13.3089, 6.26717, 5.74405]},
			"faces": {
				"north": {"uv": [10.6, 11.2, 9.6, 12.8], "texture": "#0"},
				"east": {"uv": [10.6, 11.2, 9.6, 12.8], "texture": "#0"},
				"south": {"uv": [10.6, 11.2, 9.6, 12.8], "texture": "#0"},
				"west": {"uv": [10.6, 11.2, 9.6, 12.8], "texture": "#0"},
				"up": {"uv": [12, 13.8, 13, 12.8], "texture": "#0"},
				"down": {"uv": [13.6, 11.2, 14.6, 12.2], "texture": "#0"}
			}
		},
		{
			"from": [11.8925, 4.96408, 5.24405],
			"to": [13.5925, 5.96408, 6.24405],
			"rotation": {"angle": -22.5, "axis": "z", "origin": [13.3089, 6.26717, 5.74405]},
			"faces": {
				"north": {"uv": [9.6, 14.2, 10.4, 12.8], "rotation": 270, "texture": "#0"},
				"east": {"uv": [15.2, 3.2, 14.4, 2.4], "rotation": 90, "texture": "#0"},
				"south": {"uv": [9.6, 14.2, 10.4, 12.8], "rotation": 90, "texture": "#0"},
				"up": {"uv": [9.6, 14.2, 10.4, 12.8], "rotation": 90, "texture": "#0"},
				"down": {"uv": [9.6, 14.2, 10.4, 12.8], "rotation": 90, "texture": "#0"}
			}
		},
		{
			"from": [13.07223, 5.00474, 5.34405],
			"to": [14.37223, 5.80474, 6.14405],
			"rotation": {"angle": 0, "axis": "z", "origin": [13.3089, 6.26717, 5.74405]},
			"faces": {
				"north": {"uv": [15.4, 3.2, 14.4, 3.8], "texture": "#0"},
				"east": {"uv": [15, 6.4, 14.4, 7], "texture": "#0"},
				"south": {"uv": [14.4, 3.2, 15.4, 3.8], "texture": "#0"},
				"up": {"uv": [14.4, 5.4, 15.4, 4.8], "texture": "#0"},
				"down": {"uv": [14.4, 5.6, 15.4, 6.2], "texture": "#0"}
			}
		},
		{
			"from": [13.80818, 4.76892, 5.44405],
			"to": [14.80818, 5.36892, 6.04405],
			"rotation": {"angle": 22.5, "axis": "z", "origin": [13.3089, 6.26717, 5.74405]},
			"faces": {
				"north": {"uv": [15.2, 7.2, 14.4, 7.6], "texture": "#0"},
				"east": {"uv": [12.4, 14.4, 12, 14.8], "texture": "#0"},
				"south": {"uv": [15.2, 8, 14.4, 8.4], "texture": "#0"},
				"up": {"uv": [14.4, 9.2, 15.2, 8.8], "texture": "#0"},
				"down": {"uv": [9.6, 14.4, 10.4, 14.8], "texture": "#0"}
			}
		},
		{
			"from": [12.3457, 2.38422, 7.54405],
			"to": [13.1457, 2.78422, 7.94405],
			"rotation": {"angle": 0, "axis": "z", "origin": [11.5089, 4.26717, 7.74405]},
			"faces": {
				"north": {"uv": [15, 9.6, 14.4, 10], "texture": "#0"},
				"east": {"uv": [13.2, 14.4, 12.8, 14.8], "texture": "#0"},
				"south": {"uv": [11, 14.4, 10.4, 14.8], "texture": "#0"},
				"up": {"uv": [14.4, 10.8, 15, 10.4], "texture": "#0"},
				"down": {"uv": [11.2, 14.4, 11.8, 14.8], "texture": "#0"}
			}
		},
		{
			"from": [9.71677, 5.05795, 7.14405],
			"to": [10.91677, 7.05795, 8.34405],
			"rotation": {"angle": 0, "axis": "z", "origin": [11.5089, 4.26717, 7.74405]},
			"faces": {
				"north": {"uv": [10.6, 11.2, 9.6, 12.8], "texture": "#0"},
				"east": {"uv": [10.6, 11.2, 9.6, 12.8], "texture": "#0"},
				"south": {"uv": [10.6, 11.2, 9.6, 12.8], "texture": "#0"},
				"west": {"uv": [10.6, 11.2, 9.6, 12.8], "texture": "#0"},
				"up": {"uv": [12, 13.8, 13, 12.8], "texture": "#0"},
				"down": {"uv": [13.6, 11.2, 14.6, 12.2], "texture": "#0"}
			}
		},
		{
			"from": [10.2058, 3.98358, 7.24405],
			"to": [11.2058, 5.68358, 8.24405],
			"rotation": {"angle": 22.5, "axis": "z", "origin": [11.5089, 4.26717, 7.74405]},
			"faces": {
				"north": {"uv": [10.4, 12.8, 9.6, 14.2], "texture": "#0"},
				"east": {"uv": [10.4, 12.8, 9.6, 14.2], "texture": "#0"},
				"south": {"uv": [10.4, 12.8, 9.6, 14.2], "texture": "#0"},
				"west": {"uv": [10.4, 12.8, 9.6, 14.2], "texture": "#0"},
				"down": {"uv": [14.4, 2.4, 15.2, 3.2], "texture": "#0"}
			}
		},
		{
			"from": [11.27223, 3.00474, 7.34405],
			"to": [12.57223, 3.80474, 8.14405],
			"rotation": {"angle": -45, "axis": "z", "origin": [11.5089, 4.26717, 7.74405]},
			"faces": {
				"north": {"uv": [15.4, 3.2, 14.4, 3.8], "texture": "#0"},
				"east": {"uv": [15, 6.4, 14.4, 7], "texture": "#0"},
				"south": {"uv": [14.4, 3.2, 15.4, 3.8], "texture": "#0"},
				"up": {"uv": [14.4, 5.4, 15.4, 4.8], "texture": "#0"},
				"down": {"uv": [14.4, 5.6, 15.4, 6.2], "texture": "#0"}
			}
		},
		{
			"from": [12.00818, 2.76892, 7.44405],
			"to": [13.00818, 3.36892, 8.04405],
			"rotation": {"angle": -22.5, "axis": "z", "origin": [11.5089, 4.26717, 7.74405]},
			"faces": {
				"north": {"uv": [15.2, 7.2, 14.4, 7.6], "texture": "#0"},
				"east": {"uv": [12.4, 14.4, 12, 14.8], "texture": "#0"},
				"south": {"uv": [15.2, 8, 14.4, 8.4], "texture": "#0"},
				"up": {"uv": [14.4, 9.2, 15.2, 8.8], "texture": "#0"},
				"down": {"uv": [9.6, 14.4, 10.4, 14.8], "texture": "#0"}
			}
		},
		{
			"from": [12.80818, 3.56892, 3.44405],
			"to": [13.80818, 4.16892, 4.04405],
			"rotation": {"angle": 0, "axis": "z", "origin": [10.91542, 6.03255, 3.64405]},
			"faces": {
				"north": {"uv": [15.2, 7.2, 14.4, 7.6], "texture": "#0"},
				"east": {"uv": [12.4, 14.4, 12, 14.8], "texture": "#0"},
				"south": {"uv": [15.2, 8, 14.4, 8.4], "texture": "#0"},
				"up": {"uv": [14.4, 9.2, 15.2, 8.8], "texture": "#0"},
				"down": {"uv": [9.6, 14.4, 10.4, 14.8], "texture": "#0"}
			}
		},
		{
			"from": [12.29378, 4.14356, 3.34405],
			"to": [13.59378, 4.94356, 4.14405],
			"rotation": {"angle": -22.5, "axis": "z", "origin": [11.568, 5.79348, 3.64405]},
			"faces": {
				"north": {"uv": [15.4, 3.2, 14.4, 3.8], "texture": "#0"},
				"east": {"uv": [15, 6.4, 14.4, 7], "texture": "#0"},
				"south": {"uv": [14.4, 3.2, 15.4, 3.8], "texture": "#0"},
				"up": {"uv": [14.4, 5.4, 15.4, 4.8], "texture": "#0"},
				"down": {"uv": [14.4, 5.6, 15.4, 6.2], "texture": "#0"}
			}
		},
		{
			"from": [11.16852, 4.85841, 3.24405],
			"to": [12.16852, 6.55841, 4.24405],
			"rotation": {"angle": 45, "axis": "z", "origin": [12.48058, 4.90818, 3.64405]},
			"faces": {
				"north": {"uv": [10.4, 12.8, 9.6, 14.2], "texture": "#0"},
				"east": {"uv": [10.4, 12.8, 9.6, 14.2], "texture": "#0"},
				"south": {"uv": [10.4, 12.8, 9.6, 14.2], "texture": "#0"},
				"west": {"uv": [10.4, 12.8, 9.6, 14.2], "texture": "#0"},
				"down": {"uv": [14.4, 2.4, 15.2, 3.2], "texture": "#0"}
			}
		},
		{
			"from": [11.34372, 6.08681, 3.14405],
			"to": [12.54372, 8.08681, 4.34405],
			"rotation": {"angle": 22.5, "axis": "z", "origin": [13.29766, 3.10292, 3.74405]},
			"faces": {
				"north": {"uv": [10.6, 11.2, 9.6, 12.8], "texture": "#0"},
				"east": {"uv": [10.6, 11.2, 9.6, 12.8], "texture": "#0"},
				"south": {"uv": [10.6, 11.2, 9.6, 12.8], "texture": "#0"},
				"west": {"uv": [10.6, 11.2, 9.6, 12.8], "texture": "#0"},
				"up": {"uv": [12, 13.8, 13, 12.8], "texture": "#0"},
				"down": {"uv": [13.6, 11.2, 14.6, 12.2], "texture": "#0"}
			}
		},
		{
			"from": [13.68032, 3.81242, 3.54405],
			"to": [14.48032, 4.21242, 3.94405],
			"rotation": {"angle": 22.5, "axis": "z", "origin": [14.15532, 4.03742, 3.74405]},
			"faces": {
				"north": {"uv": [15, 9.6, 14.4, 10], "texture": "#0"},
				"east": {"uv": [13.2, 14.4, 12.8, 14.8], "texture": "#0"},
				"south": {"uv": [11, 14.4, 10.4, 14.8], "texture": "#0"},
				"up": {"uv": [14.4, 10.8, 15, 10.4], "texture": "#0"},
				"down": {"uv": [11.2, 14.4, 11.8, 14.8], "texture": "#0"}
			}
		},
		{
			"from": [5.34818, 7.91578, 2.04405],
			"to": [6.74818, 9.31578, 3.04405],
			"rotation": {"angle": 22.5, "axis": "z", "origin": [5.44818, 9.91578, 2.54405]},
			"faces": {
				"north": {"uv": [12.8, 3.2, 14, 4.4], "texture": "#0"},
				"east": {"uv": [13.6, 12.8, 14.4, 14], "texture": "#0"},
				"west": {"uv": [14.4, 0, 15.2, 1.2], "texture": "#0"},
				"up": {"uv": [14, 5.6, 12.8, 4.8], "texture": "#0"},
				"down": {"uv": [15.6, 1.6, 14.4, 2.4], "texture": "#0"}
			}
		},
		{
			"from": [8.8, 8.24435, 2.04405],
			"to": [10.2, 9.64435, 3.04405],
			"rotation": {"angle": -22.5, "axis": "z", "origin": [9.5, 8.94435, 2.54405]},
			"faces": {
				"north": {"uv": [12.8, 3.2, 14, 4.4], "rotation": 180, "texture": "#0"},
				"east": {"uv": [14.4, 0, 15.2, 1.2], "rotation": 180, "texture": "#0"},
				"west": {"uv": [13.6, 12.8, 14.4, 14], "rotation": 180, "texture": "#0"},
				"up": {"uv": [15.6, 1.6, 14.4, 2.4], "rotation": 180, "texture": "#0"},
				"down": {"uv": [14, 5.6, 12.8, 4.8], "rotation": 180, "texture": "#0"}
			}
		}
	],
	"gui_light": "front",
	"display": {
		"thirdperson_righthand": {
			"rotation": [53.5, 0, 0],
			"translation": [0, -0.75, 0],
			"scale": [0.93554, 0.93554, 0.93554]
		},
		"thirdperson_lefthand": {
			"rotation": [53.5, 0, 0],
			"translation": [0, -0.75, 0],
			"scale": [0.93554, 0.93554, 0.93554]
		},
		"firstperson_righthand": {
			"rotation": [-7, -180, 0],
			"translation": [-4.75, 3.5, -0.5]
		},
		"firstperson_lefthand": {
			"rotation": [-7, -180, 0],
			"translation": [-4.75, 3.5, -0.5]
		},
		"ground": {
			"translation": [0, 5.25, 1.75],
			"scale": [1.10742, 1.10742, 1.10742]
		},
		"gui": {
			"rotation": [0, 161, 0],
			"translation": [0.75, -1.75, 0],
			"scale": [1.07226, 1.07226, 1.07226]
		},
		"head": {
			"translation": [0, 2.5, 5.25],
			"scale": [2.57422, 2.57422, 2.57422]
		},
		"fixed": {
			"rotation": [-90, 0, 0],
			"translation": [0, 6.5, -16],
			"scale": [3.26563, 3.26563, 3.26563]
		}
	}
}