{
	"format_version": "1.21.6",
	"credit": "MadewithBlockbench",
	"texture_size": [32, 32],
	"textures": {
		"0": "skins:item/legacy/tv_head_texture",
		"1": "skins:item/legacy/smiley",
		"particle": "skins:item/legacy/tv_head_texture"
	},
	"elements": [
		{
			"from": [5, 0, 5],
			"to": [11, 6, 11],
			"faces": {
				"north": {"uv": [0, 0, 12, 12], "texture": "#1"},
				"east": {"uv": [3.5, 3, 6.5, 6], "texture": "#0"},
				"south": {"uv": [3.5, 6, 6.5, 9], "texture": "#0"},
				"west": {"uv": [6.5, 3, 3.5, 6], "texture": "#0"},
				"up": {"uv": [9.5, 6, 6.5, 3], "texture": "#0"},
				"down": {"uv": [9.5, 6, 6.5, 9], "texture": "#0"}
			}
		},
		{
			"from": [6.5, 6, 6.5],
			"to": [9.5, 6.5, 9.5],
			"faces": {
				"north": {"uv": [0.5, 8.5, 2, 8.75], "texture": "#0"},
				"east": {"uv": [0.5, 9, 2, 9.25], "texture": "#0"},
				"south": {"uv": [9.5, 0, 11, 0.25], "texture": "#0"},
				"west": {"uv": [0.5, 9.5, 2, 9.75], "texture": "#0"},
				"up": {"uv": [1.5, 8.5, 0, 7], "texture": "#0"},
				"down": {"uv": [3, 7, 1.5, 8.5], "texture": "#0"}
			}
		},
		{
			"from": [7.75, 6.5, 8],
			"to": [8.25, 9, 8],
			"rotation": {"angle": -45, "axis": "z", "origin": [8, 6, 8]},
			"faces": {
				"north": {"uv": [2, 8.5, 2.25, 9.75], "texture": "#0"},
				"east": {"uv": [0, 0, 0, 1.25], "texture": "#0"},
				"south": {"uv": [2.5, 8.5, 2.75, 9.75], "texture": "#0"},
				"west": {"uv": [0, 0, 0, 1.25], "texture": "#0"},
				"up": {"uv": [0.25, 0, 0, 0], "texture": "#0"},
				"down": {"uv": [0.25, 0, 0, 0], "texture": "#0"}
			}
		},
		{
			"from": [7.75, 6.5, 8],
			"to": [8.25, 9, 8],
			"rotation": {"angle": 45, "axis": "z", "origin": [8, 6, 8]},
			"faces": {
				"north": {"uv": [9.5, 0.5, 9.75, 1.75], "texture": "#0"},
				"east": {"uv": [0, 0, 0, 1.25], "texture": "#0"},
				"south": {"uv": [9.5, 2, 9.75, 3.25], "texture": "#0"},
				"west": {"uv": [0, 0, 0, 1.25], "texture": "#0"},
				"up": {"uv": [0.25, 0, 0, 0], "texture": "#0"},
				"down": {"uv": [0.25, 0, 0, 0], "texture": "#0"}
			}
		},
		{
			"from": [4.8, -0.2, 4.8],
			"to": [11.2, 6.2, 5.8],
			"faces": {
				"north": {"uv": [0, 0, 3.25, 3.25], "texture": "#0"},
				"east": {"uv": [3, 7, 3.5, 10.25], "texture": "#0"},
				"south": {"uv": [0, 3.5, 3.25, 6.75], "texture": "#0"},
				"west": {"uv": [0, 8.5, 0.5, 11.75], "texture": "#0"},
				"up": {"uv": [6.75, 9.5, 3.5, 9], "texture": "#0"},
				"down": {"uv": [10.25, 9, 7, 9.5], "texture": "#0"}
			}
		}
	],
	"gui_light": "front",
	"display": {
		"thirdperson_righthand": {
			"rotation": [67.5, 0, 0],
			"translation": [0, 3.5, 4.25],
			"scale": [0.9043, 0.9043, 0.9043]
		},
		"thirdperson_lefthand": {
			"rotation": [67.5, 0, 0],
			"translation": [0, 3.5, 4.25],
			"scale": [0.9043, 0.9043, 0.9043]
		},
		"firstperson_righthand": {
			"translation": [-1.25, 7.5, 0],
			"scale": [0.9, 0.9, 0.9]
		},
		"firstperson_lefthand": {
			"translation": [-1.25, 7.5, 0],
			"scale": [0.9, 0.9, 0.9]
		},
		"ground": {
			"translation": [0, 9, 0],
			"scale": [1.2, 1.2, 1.2]
		},
		"gui": {
			"rotation": [35, -135, 0],
			"translation": [0, 5.5, 0],
			"scale": [1.31211, 1.31211, 1.31211]
		},
		"head": {
			"translation": [0, 13.25, 0],
			"scale": [2.5, 2.5, 2.5]
		},
		"fixed": {
			"rotation": [-90, 0, 0],
			"translation": [0, 0.25, -22],
			"scale": [2.7, 2.7, 2.7]
		}
	},
	"groups": [
		{
			"name": "group",
			"origin": [0, 0, 0],
			"color": 0,
			"children": [0, 1, 2, 3, 4]
		}
	]
}