{
	"format_version": "1.21.6",
	"credit": "Made with Blockbench",
	"texture_size": [28, 28],
	"textures": {
		"0": "skins:item/legacy/wizard_hat",
		"particle": "skins:item/legacy/wizard_hat"
	},
	"elements": [
		{
			"from": [4, 5.0435, 4],
			"to": [12, 5.5435, 12],
			"rotation": {"angle": 0, "axis": "y", "origin": [4, 5.0435, 4]},
			"faces": {
				"north": {"uv": [9.71429, 8.57143, 14.28571, 8.85714], "texture": "#0"},
				"east": {"uv": [9.71429, 9.14286, 14.28571, 9.42857], "texture": "#0"},
				"south": {"uv": [4.57143, 10.28571, 9.14286, 10.57143], "texture": "#0"},
				"west": {"uv": [9.14286, 10.28571, 13.71429, 10.57143], "texture": "#0"},
				"up": {"uv": [4.57143, 4.57143, 0, 0], "texture": "#0"},
				"down": {"uv": [4.57143, 4.57143, 0, 9.14286], "texture": "#0"}
			}
		},
		{
			"from": [5, 5.0435, 3],
			"to": [11, 5.5435, 4],
			"rotation": {"angle": 0, "axis": "y", "origin": [8, 5.2935, 8]},
			"faces": {
				"north": {"uv": [10.28571, 9.71429, 13.71429, 10], "texture": "#0"},
				"east": {"uv": [6.85714, 4.57143, 7.42857, 4.85714], "texture": "#0"},
				"west": {"uv": [6.85714, 8.57143, 7.42857, 8.85714], "texture": "#0"},
				"up": {"uv": [10.28571, 10.28571, 6.85714, 9.71429], "texture": "#0"},
				"down": {"uv": [13.14286, 6.85714, 9.71429, 7.42857], "texture": "#0"}
			}
		},
		{
			"from": [5, 5.0435, 12],
			"to": [11, 5.5435, 13],
			"rotation": {"angle": 0, "axis": "y", "origin": [8, 5.2935, 8]},
			"faces": {
				"east": {"uv": [7.42857, 4.57143, 6.85714, 4.85714], "texture": "#0"},
				"south": {"uv": [13.71429, 9.71429, 10.28571, 10], "texture": "#0"},
				"west": {"uv": [7.42857, 8.57143, 6.85714, 8.85714], "texture": "#0"},
				"up": {"uv": [10.28571, 9.71429, 6.85714, 10.28571], "texture": "#0"},
				"down": {"uv": [13.14286, 7.42857, 9.71429, 6.85714], "texture": "#0"}
			}
		},
		{
			"from": [12, 5.0435, 5],
			"to": [13, 5.5435, 11],
			"rotation": {"angle": 0, "axis": "y", "origin": [8, 5.2935, 8]},
			"faces": {
				"north": {"uv": [7.42857, 4.57143, 6.85714, 4.85714], "texture": "#0"},
				"east": {"uv": [13.71429, 9.71429, 10.28571, 10], "texture": "#0"},
				"south": {"uv": [7.42857, 8.57143, 6.85714, 8.85714], "texture": "#0"},
				"up": {"uv": [10.28571, 9.71429, 6.85714, 10.28571], "rotation": 270, "texture": "#0"},
				"down": {"uv": [13.14286, 7.42857, 9.71429, 6.85714], "rotation": 90, "texture": "#0"}
			}
		},
		{
			"from": [3, 5.0435, 5],
			"to": [4, 5.5435, 11],
			"rotation": {"angle": 0, "axis": "y", "origin": [8, 5.2935, 8]},
			"faces": {
				"north": {"uv": [6.85714, 4.57143, 7.42857, 4.85714], "texture": "#0"},
				"south": {"uv": [6.85714, 8.57143, 7.42857, 8.85714], "texture": "#0"},
				"west": {"uv": [10.28571, 9.71429, 13.71429, 10], "texture": "#0"},
				"up": {"uv": [10.28571, 10.28571, 6.85714, 9.71429], "rotation": 270, "texture": "#0"},
				"down": {"uv": [13.14286, 6.85714, 9.71429, 7.42857], "rotation": 90, "texture": "#0"}
			}
		},
		{
			"from": [5.5, 5.5435, 5.5],
			"to": [10.5, 8.5435, 10.5],
			"rotation": {"angle": 0, "axis": "y", "origin": [2, -1.9565, 2]},
			"faces": {
				"north": {"uv": [4.57143, 5.14286, 7.42857, 6.85714], "texture": "#0"},
				"east": {"uv": [4.57143, 5.14285, 7.42858, 6.85714], "texture": "#0"},
				"south": {"uv": [4.57143, 5.14285, 7.42857, 6.85714], "texture": "#0"},
				"west": {"uv": [4.57143, 5.14286, 7.42857, 6.85715], "texture": "#0"},
				"up": {"uv": [7.42857, 2.85714, 4.57143, 0], "texture": "#0"}
			}
		},
		{
			"from": [6, 7.62261, 6.23372],
			"to": [10, 10.62261, 10.23372],
			"rotation": {"angle": 22.5, "axis": "x", "origin": [8, 9.12261, 8.23372]},
			"faces": {
				"north": {"uv": [7.42857, 4.57143, 9.71429, 6.28571], "texture": "#0"},
				"east": {"uv": [7.42857, 4.57142, 9.71429, 6.28571], "texture": "#0"},
				"south": {"uv": [7.42857, 4.57143, 9.71429, 6.28572], "texture": "#0"},
				"west": {"uv": [7.42857, 4.57143, 9.71428, 6.28571], "texture": "#0"},
				"up": {"uv": [6.85714, 5.14286, 4.57143, 2.85714], "texture": "#0"}
			}
		},
		{
			"from": [6.5, 8.85006, 7.61118],
			"to": [9.5, 11.85006, 10.61118],
			"rotation": {"angle": -22.5, "axis": "x", "origin": [8, 10.00006, 9.11118]},
			"faces": {
				"east": {"uv": [9.71429, 3.42857, 11.42857, 5.14286], "rotation": 270, "texture": "#0"},
				"south": {"uv": [1.71429, 9.14286, 3.42857, 10.85714], "texture": "#0"},
				"west": {"uv": [9.71429, 3.42858, 11.42857, 5.14286], "rotation": 90, "texture": "#0"},
				"up": {"uv": [11.42857, 5.14286, 9.71429, 3.42857], "texture": "#0"},
				"down": {"uv": [11.42857, 3.42857, 9.71429, 5.14285], "texture": "#0"}
			}
		},
		{
			"from": [7, 9.74842, 9.12583],
			"to": [9, 11.74842, 12.12583],
			"rotation": {"angle": 22.5, "axis": "x", "origin": [8, 10.32342, 10.60083]},
			"faces": {
				"east": {"uv": [3.42857, 10.85715, 4.57142, 9.14286], "rotation": 90, "texture": "#0"},
				"south": {"uv": [0, 10.85714, 1.14286, 12], "texture": "#0"},
				"west": {"uv": [3.42858, 9.14286, 4.57144, 10.85714], "rotation": 90, "texture": "#0"},
				"up": {"uv": [4.57143, 10.85714, 3.42857, 9.14286], "texture": "#0"},
				"down": {"uv": [4.57143, 9.14286, 3.42857, 10.85715], "texture": "#0"}
			}
		}
	],
	"gui_light": "front",
	"display": {
		"thirdperson_righthand": {
			"rotation": [69, 0, 0],
			"translation": [0, 3, 1.25]
		},
		"thirdperson_lefthand": {
			"rotation": [69, 0, 0],
			"translation": [0, 3, 1.25]
		},
		"firstperson_righthand": {
			"translation": [-3.5, 5, 2.5]
		},
		"firstperson_lefthand": {
			"translation": [-3.5, 5, 2.5]
		},
		"ground": {
			"rotation": [36, 0, 0],
			"translation": [0, 3.25, 0]
		},
		"gui": {
			"rotation": [40, 135, 0],
			"translation": [0, 0.75, 0],
			"scale": [1.26953, 1.26953, 1.26953]
		},
		"head": {
			"rotation": [14, 0, 0],
			"translation": [0, 9.5, 1.75],
			"scale": [3.11133, 3.11133, 3.11133]
		},
		"fixed": {
			"rotation": [-90, 0, 0],
			"translation": [0, 0, -12],
			"scale": [4, 4, 4]
		}
	},
	"groups": [
		{
			"name": "group",
			"origin": [8, 10.32342, 10.60083],
			"color": 0,
			"children": [0, 1, 2, 3, 4, 5, 6, 7, 8]
		}
	]
}