{
	"format_version": "1.21.6",
	"credit": "Model by NNNNN ( PLAYBOX Studios )",
	"texture_size": [64, 64],
	"textures": {
		"0": "decorations:item/arcadehero_controller_jetpack",
		"1": "decorations:item/arcadehero_controller_jetpack_effect",
		"particle": "decorations:item/arcadehero_controller_jetpack"
	},
	"elements": [
		{
			"from": [-2, 6, 4],
			"to": [5, 10, 11],
			"rotation": {"angle": -22.5, "axis": "y", "origin": [2, 8, 8]},
			"faces": {
				"north": {"uv": [1, 0, 2.75, 1], "rotation": 180, "texture": "#0", "tintindex": 0},
				"east": {"uv": [2.75, 1, 3.75, 2.75], "rotation": 90, "texture": "#0", "tintindex": 0},
				"south": {"uv": [1, 2.75, 2.75, 3.75], "texture": "#0", "tintindex": 0},
				"west": {"uv": [0, 1, 1, 2.75], "rotation": 270, "texture": "#0", "tintindex": 0},
				"up": {"uv": [2.75, 2.75, 1, 1], "rotation": 180, "texture": "#0", "tintindex": 0},
				"down": {"uv": [5.5, 1, 3.75, 2.75], "rotation": 180, "texture": "#0", "tintindex": 0}
			}
		},
		{
			"from": [3.25, 7.25, 9.25],
			"to": [7.25, 10.25, 13.25],
			"rotation": {"angle": -22.5, "axis": "y", "origin": [2, 8, 8]},
			"faces": {
				"north": {"uv": [0.75, 4.5, 1.75, 5.25], "rotation": 180, "texture": "#0", "tintindex": 0},
				"east": {"uv": [1.75, 5.25, 2.5, 6.25], "rotation": 90, "texture": "#0", "tintindex": 0},
				"south": {"uv": [0.75, 6.25, 1.75, 7], "texture": "#0", "tintindex": 0},
				"west": {"uv": [0, 5.25, 0.75, 6.25], "rotation": 270, "texture": "#0", "tintindex": 0},
				"up": {"uv": [1.75, 6.25, 0.75, 5.25], "rotation": 180, "texture": "#0", "tintindex": 0},
				"down": {"uv": [3.5, 5.25, 2.5, 6.25], "rotation": 180, "texture": "#0", "tintindex": 0}
			}
		},
		{
			"from": [3.25889, 10.25, 11.74633],
			"to": [4.25889, 11.25, 12.74633],
			"rotation": {"angle": 0, "axis": "y", "origin": [2, 8, 8]},
			"faces": {
				"north": {"uv": [4.5, 5.5, 4.75, 5.75], "texture": "#0"},
				"east": {"uv": [4.5, 5.5, 4.75, 5.75], "texture": "#0"},
				"south": {"uv": [4.5, 5.5, 4.75, 5.75], "texture": "#0"},
				"west": {"uv": [4.5, 5.5, 4.75, 5.75], "texture": "#0"},
				"up": {"uv": [4.5, 5.5, 4.75, 5.75], "texture": "#0"},
				"down": {"uv": [4.5, 5.5, 4.75, 5.75], "texture": "#0"}
			}
		},
		{
			"from": [2.25889, 10.75, 10.74633],
			"to": [5.25889, 11.75, 13.74633],
			"rotation": {"angle": 0, "axis": "y", "origin": [2, 8, 8]},
			"faces": {
				"north": {"uv": [3.75, 4.5, 4.5, 4.75], "rotation": 180, "texture": "#0"},
				"east": {"uv": [4.5, 4.75, 4.75, 5.5], "rotation": 90, "texture": "#0"},
				"south": {"uv": [3.75, 5.5, 4.5, 5.75], "texture": "#0"},
				"west": {"uv": [3.5, 4.75, 3.75, 5.5], "rotation": 270, "texture": "#0"},
				"up": {"uv": [4.5, 5.5, 3.75, 4.75], "rotation": 180, "texture": "#0"},
				"down": {"uv": [4.5, 5.75, 3.75, 6.5], "texture": "#0"}
			}
		},
		{
			"from": [-1.5, 7, 11],
			"to": [3.5, 9, 14],
			"rotation": {"angle": -22.5, "axis": "y", "origin": [2, 8, 8]},
			"faces": {
				"east": {"uv": [2.75, 3.75, 3.25, 4.5], "rotation": 90, "texture": "#0", "tintindex": 0},
				"west": {"uv": [1, 3.75, 1.5, 4.5], "rotation": 270, "texture": "#0", "tintindex": 0},
				"up": {"uv": [2.75, 4.5, 1.5, 3.75], "rotation": 180, "texture": "#0", "tintindex": 0},
				"down": {"uv": [4.5, 3.75, 3.25, 4.5], "rotation": 180, "texture": "#0", "tintindex": 0}
			}
		},
		{
			"from": [-1.18611, 7, 3.03702],
			"to": [2.81389, 9, 4.03702],
			"rotation": {"angle": -22.5, "axis": "y", "origin": [2, 8, 8]},
			"faces": {
				"north": {"uv": [2, 6.5, 3, 7], "rotation": 180, "texture": "#0"},
				"east": {"uv": [3, 6.5, 3.25, 7], "texture": "#0"},
				"west": {"uv": [1.75, 6.5, 2, 7], "texture": "#0"},
				"up": {"uv": [3, 7.25, 2, 7], "rotation": 180, "texture": "#0"},
				"down": {"uv": [3, 6.25, 2, 6.5], "rotation": 180, "texture": "#0"}
			}
		},
		{
			"from": [4, 6.5, 8],
			"to": [12, 9.5, 11],
			"rotation": {"angle": 0, "axis": "y", "origin": [2, 8, 8]},
			"faces": {
				"south": {"uv": [4.75, 5, 6.75, 5.75], "texture": "#0", "tintindex": 0},
				"up": {"uv": [6.75, 5, 4.75, 4.25], "rotation": 180, "texture": "#0", "tintindex": 0},
				"down": {"uv": [6.75, 5.75, 4.75, 6.5], "rotation": 180, "texture": "#0", "tintindex": 0}
			}
		},
		{
			"from": [5, 5.5, 4.25],
			"to": [11, 10.5, 8.25],
			"rotation": {"angle": 0, "axis": "y", "origin": [2, 8, 8]},
			"faces": {
				"north": {"uv": [6.75, 4.25, 8.25, 5.5], "rotation": 180, "texture": "#0"},
				"east": {"uv": [10.75, 4.25, 9.75, 5.5], "texture": "#0"},
				"south": {"uv": [8.25, 4.25, 9.75, 5.5], "texture": "#0"},
				"west": {"uv": [9.75, 4.25, 10.75, 5.5], "texture": "#0"},
				"up": {"uv": [8.25, 6.5, 6.75, 5.5], "rotation": 180, "texture": "#0"},
				"down": {"uv": [9.75, 5.5, 8.25, 6.5], "rotation": 180, "texture": "#0"}
			}
		},
		{
			"from": [-1.5, 10.5, 4.5],
			"to": [4.5, 10.5, 10.5],
			"rotation": {"angle": -22.5, "axis": "y", "origin": [2, 8, 8]},
			"faces": {
				"up": {"uv": [7, 1.5, 5.5, 0], "texture": "#0"}
			}
		},
		{
			"from": [5, 9.75, 8.25],
			"to": [11, 9.75, 11.25],
			"rotation": {"angle": 0, "axis": "y", "origin": [2, 8, 8]},
			"faces": {
				"up": {"uv": [8.75, 1.5, 7.25, 0.75], "texture": "#0"}
			}
		},
		{
			"from": [-2, 6.5, 13.5],
			"to": [4, 9.5, 18.5],
			"rotation": {"angle": -22.5, "axis": "y", "origin": [2, 8, 8]},
			"faces": {
				"north": {"uv": [6.25, 1.5, 7.75, 2.25], "rotation": 180, "texture": "#0"},
				"east": {"uv": [7.75, 2.25, 8.5, 3.5], "rotation": 90, "texture": "#0"},
				"south": {"uv": [6.25, 3.5, 7.5, 4.25], "texture": "#0"},
				"west": {"uv": [5.5, 2.25, 6.25, 3.5], "rotation": 270, "texture": "#0"},
				"up": {"uv": [7.75, 3.5, 6.25, 2.25], "rotation": 180, "texture": "#0"},
				"down": {"uv": [10, 2.25, 8.5, 3.5], "rotation": 180, "texture": "#0"}
			}
		},
		{
			"from": [-1.5, 7, 18.5],
			"to": [3.5, 9, 22],
			"rotation": {"angle": -22.5, "axis": "y", "origin": [2, 8, 8]},
			"faces": {
				"east": {"uv": [16, 16, 0, 0], "rotation": 270, "texture": "#1", "tintindex": 0},
				"west": {"uv": [16, 16, 0, 0], "rotation": 90, "texture": "#1", "tintindex": 0},
				"up": {"uv": [16, 16, 0, 0], "rotation": 180, "texture": "#1", "tintindex": 0},
				"down": {"uv": [16, 16, 0, 0], "texture": "#1", "tintindex": 0}
			}
		},
		{
			"from": [3.5, 7, 18.5],
			"to": [-1.5, 9, 22],
			"rotation": {"angle": -22.5, "axis": "y", "origin": [2, 8, 8]},
			"faces": {
				"east": {"uv": [16, 16, 0, 0], "rotation": 270, "texture": "#1", "tintindex": 0},
				"west": {"uv": [16, 16, 0, 0], "rotation": 90, "texture": "#1", "tintindex": 0},
				"up": {"uv": [16, 16, 0, 0], "rotation": 180, "texture": "#1", "tintindex": 0},
				"down": {"uv": [16, 16, 0, 0], "texture": "#1", "tintindex": 0}
			}
		},
		{
			"from": [12.5, 7, 18.5],
			"to": [17.5, 9, 22],
			"rotation": {"angle": 22.5, "axis": "y", "origin": [14, 8, 8]},
			"faces": {
				"east": {"uv": [16, 0, 0, 16], "rotation": 90, "texture": "#1", "tintindex": 0},
				"west": {"uv": [16, 0, 0, 16], "rotation": 270, "texture": "#1", "tintindex": 0},
				"up": {"uv": [0, 16, 16, 0], "rotation": 180, "texture": "#1", "tintindex": 0},
				"down": {"uv": [0, 16, 16, 0], "texture": "#1", "tintindex": 0}
			}
		},
		{
			"from": [17.5, 7, 18.5],
			"to": [12.5, 9, 22],
			"rotation": {"angle": 22.5, "axis": "y", "origin": [14, 8, 8]},
			"faces": {
				"east": {"uv": [16, 0, 0, 16], "rotation": 90, "texture": "#1", "tintindex": 0},
				"west": {"uv": [16, 0, 0, 16], "rotation": 270, "texture": "#1", "tintindex": 0},
				"up": {"uv": [0, 16, 16, 0], "rotation": 180, "texture": "#1", "tintindex": 0},
				"down": {"uv": [0, 16, 16, 0], "texture": "#1", "tintindex": 0}
			}
		},
		{
			"from": [11.08655, 6.5, 18.0922],
			"to": [17.08655, 9.5, 23.0922],
			"rotation": {"angle": 22.5, "axis": "y", "origin": [2, 8, 8]},
			"faces": {
				"north": {"uv": [7.75, 1.5, 6.25, 2.25], "rotation": 180, "texture": "#0"},
				"east": {"uv": [5.5, 3.5, 6.25, 2.25], "rotation": 270, "texture": "#0"},
				"south": {"uv": [7.5, 3.5, 6.25, 4.25], "texture": "#0"},
				"west": {"uv": [7.75, 3.5, 8.5, 2.25], "rotation": 90, "texture": "#0"},
				"up": {"uv": [6.25, 3.5, 7.75, 2.25], "rotation": 180, "texture": "#0"},
				"down": {"uv": [8.5, 2.25, 10, 3.5], "rotation": 180, "texture": "#0"}
			}
		},
		{
			"from": [11.08655, 10.5, 9.5922],
			"to": [16.08655, 10.5, 14.5922],
			"rotation": {"angle": 22.5, "axis": "y", "origin": [2, 8, 8]},
			"faces": {
				"up": {"uv": [10.25, 1.5, 9, 0.25], "texture": "#0"}
			}
		},
		{
			"from": [12.27266, 7, 7.62922],
			"to": [16.27266, 9, 8.62922],
			"rotation": {"angle": 22.5, "axis": "y", "origin": [2, 8, 8]},
			"faces": {
				"north": {"uv": [3, 6.5, 2, 7], "rotation": 180, "texture": "#0"},
				"east": {"uv": [2, 6.5, 1.75, 7], "texture": "#0"},
				"west": {"uv": [3.25, 6.5, 3, 7], "texture": "#0"},
				"up": {"uv": [2, 7.25, 3, 7], "rotation": 180, "texture": "#0"},
				"down": {"uv": [2, 6.25, 3, 6.5], "rotation": 180, "texture": "#0"}
			}
		},
		{
			"from": [11.58655, 7, 15.5922],
			"to": [16.58655, 9, 18.5922],
			"rotation": {"angle": 22.5, "axis": "y", "origin": [2, 8, 8]},
			"faces": {
				"east": {"uv": [1, 4.5, 1.5, 3.75], "rotation": 270, "texture": "#0", "tintindex": 0},
				"west": {"uv": [2.75, 4.5, 3.25, 3.75], "rotation": 90, "texture": "#0", "tintindex": 0},
				"up": {"uv": [1.5, 4.5, 2.75, 3.75], "rotation": 180, "texture": "#0", "tintindex": 0},
				"down": {"uv": [3.25, 3.75, 4.5, 4.5], "rotation": 180, "texture": "#0", "tintindex": 0}
			}
		},
		{
			"from": [10.74111, 10.75, 10.74633],
			"to": [13.74111, 11.75, 13.74633],
			"rotation": {"angle": 0, "axis": "y", "origin": [2, 8, 8]},
			"faces": {
				"north": {"uv": [4.5, 4.5, 3.75, 4.75], "rotation": 180, "texture": "#0"},
				"east": {"uv": [3.5, 5.5, 3.75, 4.75], "rotation": 270, "texture": "#0"},
				"south": {"uv": [4.5, 5.5, 3.75, 5.75], "texture": "#0"},
				"west": {"uv": [4.5, 5.5, 4.75, 4.75], "rotation": 90, "texture": "#0"},
				"up": {"uv": [3.75, 5.5, 4.5, 4.75], "rotation": 180, "texture": "#0"},
				"down": {"uv": [3.75, 5.75, 4.5, 6.5], "texture": "#0"}
			}
		},
		{
			"from": [7.83655, 7.25, 13.8422],
			"to": [11.83655, 10.25, 17.8422],
			"rotation": {"angle": 22.5, "axis": "y", "origin": [2, 8, 8]},
			"faces": {
				"north": {"uv": [1.75, 4.5, 0.75, 5.25], "rotation": 180, "texture": "#0", "tintindex": 0},
				"east": {"uv": [0, 6.25, 0.75, 5.25], "rotation": 270, "texture": "#0", "tintindex": 0},
				"south": {"uv": [1.75, 6.25, 0.75, 7], "texture": "#0", "tintindex": 0},
				"west": {"uv": [1.75, 6.25, 2.5, 5.25], "rotation": 90, "texture": "#0", "tintindex": 0},
				"up": {"uv": [0.75, 6.25, 1.75, 5.25], "rotation": 180, "texture": "#0", "tintindex": 0},
				"down": {"uv": [2.5, 5.25, 3.5, 6.25], "rotation": 180, "texture": "#0", "tintindex": 0}
			}
		},
		{
			"from": [10.08655, 6, 8.5922],
			"to": [17.08655, 10, 15.5922],
			"rotation": {"angle": 22.5, "axis": "y", "origin": [2, 8, 8]},
			"faces": {
				"north": {"uv": [2.75, 0, 1, 1], "rotation": 180, "texture": "#0", "tintindex": 0},
				"east": {"uv": [0, 2.75, 1, 1], "rotation": 270, "texture": "#0", "tintindex": 0},
				"south": {"uv": [2.75, 2.75, 1, 3.75], "texture": "#0", "tintindex": 0},
				"west": {"uv": [2.75, 2.75, 3.75, 1], "rotation": 90, "texture": "#0", "tintindex": 0},
				"up": {"uv": [10.25, 1, 12, 2.75], "texture": "#0", "tintindex": 0},
				"down": {"uv": [3.75, 1, 5.5, 2.75], "rotation": 180, "texture": "#0", "tintindex": 0}
			}
		}
	],
	"display": {
		"thirdperson_righthand": {
			"rotation": [80, 0, 0],
			"translation": [-6, 2.25, 0]
		},
		"thirdperson_lefthand": {
			"rotation": [80, 0, 0],
			"translation": [-6, 2.25, 0]
		},
		"firstperson_righthand": {
			"rotation": [40, -20, 45],
			"translation": [0, 3, 0],
			"scale": [0.6, 0.6, 0.6]
		},
		"firstperson_lefthand": {
			"rotation": [40, -20, 45],
			"translation": [0, 3, 0],
			"scale": [0.6, 0.6, 0.6]
		},
		"ground": {
			"rotation": [90, 0, 0],
			"translation": [0, 9, 0]
		},
		"gui": {
			"rotation": [79, -32, 25],
			"translation": [1.75, 2, 0],
			"scale": [0.8, 0.8, 0.8]
		},
		"head": {
			"rotation": [70, 0, 0],
			"translation": [0, -48, 10],
			"scale": [1.6, 1.6, 1.6]
		},
		"fixed": {
			"rotation": [-15, 0, 0],
			"translation": [0, -21.5, -50],
			"scale": [2, 2, 2]
		}
	},
	"groups": [
		{
			"name": "group",
			"origin": [14, 8, 8],
			"color": 0,
			"children": [0, 1, 2, 3, 4, 5, 6, 7, 8, 9, 10, 11, 12, 13, 14, 15, 16, 17, 18, 19, 20, 21]
		}
	],
	"mcmodels": "99844e4c93ecdea143a2a1e3f827b602"
}