{
	"format_version": "1.21.6",
	"credit": "MadewithBlockbench",
	"texture_size": [8, 8],
	"textures": {
		"0": "decorations:item/hologram",
		"particle": "decorations:item/hologram"
	},
	"elements": [
		{
			"from": [1, 0, 1],
			"to": [15, 2, 15],
			"rotation": {"angle": 0, "axis": "y", "origin": [8, 1, 8]},
			"faces": {
				"north": {"uv": [7, 1, 10.5, 1.5], "texture": "#0"},
				"east": {"uv": [7, 1, 10.5, 1.5], "texture": "#0"},
				"south": {"uv": [7, 1, 10.5, 1.5], "texture": "#0"},
				"west": {"uv": [7, 1, 10.5, 1.5], "texture": "#0"},
				"up": {"uv": [3.5, 9, 0, 5.5], "texture": "#0"},
				"down": {"uv": [7, 5.5, 3.5, 9], "texture": "#0"}
			}
		},
		{
			"from": [1, 3.01, 8],
			"to": [15, 10.01, 8],
			"rotation": {"angle": 0, "axis": "y", "origin": [8, 6.5, 8]},
			"faces": {
				"north": {"uv": [3.5, 0, 7, 1.75], "texture": "#0"},
				"east": {"uv": [0, 0, 0, 1.75], "texture": "#0"},
				"south": {"uv": [7, 0, 3.5, 1.75], "texture": "#0"},
				"west": {"uv": [0, 0, 0, 1.75], "texture": "#0"},
				"up": {"uv": [3.5, 0, 0, 0], "texture": "#0"},
				"down": {"uv": [3.5, 0, 0, 0], "texture": "#0"}
			}
		},
		{
			"from": [8, 3, 1],
			"to": [8, 10, 15],
			"rotation": {"angle": 0, "axis": "y", "origin": [8, 6.5, 8]},
			"faces": {
				"north": {"uv": [0, 0, 0, 1.75], "texture": "#0"},
				"east": {"uv": [3.5, 0, 7, 1.75], "texture": "#0"},
				"south": {"uv": [0, 0, 0, 1.75], "texture": "#0"},
				"west": {"uv": [7, 0, 3.5, 1.75], "texture": "#0"},
				"up": {"uv": [3.5, 0, 0, 0], "rotation": 90, "texture": "#0"},
				"down": {"uv": [3.5, 0, 0, 0], "rotation": 270, "texture": "#0"}
			}
		},
		{
			"from": [0, 0, 0],
			"to": [0, 2, 16],
			"faces": {
				"north": {"uv": [0, 0, 0, 0.5], "texture": "#0"},
				"east": {"uv": [7, 0.5, 11, 1], "texture": "#0"},
				"south": {"uv": [0, 0, 0, 0.5], "texture": "#0"},
				"west": {"uv": [7, 0.5, 11, 1], "texture": "#0"},
				"up": {"uv": [0, 4, 0, 0], "texture": "#0"},
				"down": {"uv": [0, 0, 0, 4], "texture": "#0"}
			}
		},
		{
			"from": [16, 0, 0],
			"to": [16, 2, 16],
			"rotation": {"angle": 0, "axis": "y", "origin": [16, 0, 0]},
			"faces": {
				"north": {"uv": [0, 0, 0, 0.5], "texture": "#0"},
				"east": {"uv": [11, 0.5, 7, 1], "texture": "#0"},
				"south": {"uv": [0, 0, 0, 0.5], "texture": "#0"},
				"west": {"uv": [11, 0.5, 7, 1], "texture": "#0"},
				"up": {"uv": [0, 4, 0, 0], "texture": "#0"},
				"down": {"uv": [0, 0, 0, 4], "texture": "#0"}
			}
		},
		{
			"from": [0, 0, 0],
			"to": [16, 2, 0],
			"rotation": {"angle": 0, "axis": "y", "origin": [8, 1, 8]},
			"faces": {
				"north": {"uv": [11, 0.5, 7, 1], "texture": "#0"},
				"east": {"uv": [0, 0, 0, 0.5], "texture": "#0"},
				"south": {"uv": [11, 0.5, 7, 1], "texture": "#0"},
				"west": {"uv": [0, 0, 0, 0.5], "texture": "#0"},
				"up": {"uv": [0, 4, 0, 0], "rotation": 270, "texture": "#0"},
				"down": {"uv": [0, 0, 0, 4], "rotation": 90, "texture": "#0"}
			}
		},
		{
			"from": [0, 0, 16],
			"to": [16, 2, 16],
			"rotation": {"angle": 0, "axis": "y", "origin": [8, 1, 8]},
			"faces": {
				"north": {"uv": [7, 0.5, 11, 1], "texture": "#0"},
				"east": {"uv": [0, 0, 0, 0.5], "texture": "#0"},
				"south": {"uv": [7, 0.5, 11, 1], "texture": "#0"},
				"west": {"uv": [0, 0, 0, 0.5], "texture": "#0"},
				"up": {"uv": [0, 4, 0, 0], "rotation": 270, "texture": "#0"},
				"down": {"uv": [0, 0, 0, 4], "rotation": 90, "texture": "#0"}
			}
		},
		{
			"from": [2, 2, 2],
			"to": [14, 3, 3],
			"rotation": {"angle": 0, "axis": "y", "origin": [8, 2.5, 2.5]},
			"faces": {
				"north": {"uv": [7, 4.25, 10, 4.5], "texture": "#0"},
				"east": {"uv": [7, 4.25, 7.25, 4.5], "texture": "#0"},
				"south": {"uv": [7, 4.25, 10, 4.5], "texture": "#0"},
				"west": {"uv": [7, 4.25, 7.25, 4.5], "texture": "#0"},
				"up": {"uv": [10, 3.75, 7, 3.5], "texture": "#0"},
				"down": {"uv": [10, 3.75, 7, 4], "texture": "#0"}
			}
		},
		{
			"from": [2, 2, 13],
			"to": [14, 3, 14],
			"rotation": {"angle": 0, "axis": "y", "origin": [8, 2.5, 13.5]},
			"faces": {
				"north": {"uv": [7, 4, 10, 4.25], "texture": "#0"},
				"east": {"uv": [7, 4.25, 7.25, 4.5], "texture": "#0"},
				"south": {"uv": [7, 4.25, 10, 4.5], "texture": "#0"},
				"west": {"uv": [7, 4.25, 7.25, 4.5], "texture": "#0"},
				"up": {"uv": [10, 4.75, 7, 4.5], "texture": "#0"},
				"down": {"uv": [10, 4.75, 7, 5], "texture": "#0"}
			}
		},
		{
			"from": [2, 2, 3],
			"to": [3, 3, 13],
			"rotation": {"angle": 0, "axis": "y", "origin": [2.5, 2.5, 8]},
			"faces": {
				"north": {"uv": [7.25, 8, 7.5, 8.25], "texture": "#0"},
				"east": {"uv": [7.25, 4.25, 9.75, 4.5], "texture": "#0"},
				"south": {"uv": [8, 7.25, 8.25, 7.5], "texture": "#0"},
				"west": {"uv": [7.25, 4.25, 9.75, 4.5], "texture": "#0"},
				"up": {"uv": [7.75, 8.5, 7.5, 6], "texture": "#0"},
				"down": {"uv": [8, 6, 7.75, 8.5], "texture": "#0"}
			}
		},
		{
			"from": [13, 2, 3],
			"to": [14, 3, 13],
			"rotation": {"angle": 0, "axis": "y", "origin": [13.5, 2.5, 8]},
			"faces": {
				"north": {"uv": [7, 8, 7.25, 8.25], "texture": "#0"},
				"east": {"uv": [7.25, 4.25, 9.75, 4.5], "texture": "#0"},
				"south": {"uv": [8, 7, 8.25, 7.25], "texture": "#0"},
				"west": {"uv": [7.25, 4.25, 9.75, 4.5], "texture": "#0"},
				"up": {"uv": [7.25, 8, 7, 5.5], "texture": "#0"},
				"down": {"uv": [7.5, 5.5, 7.25, 8], "texture": "#0"}
			}
		}
	],
	"gui_light": "front",
	"display": {
		"thirdperson_righthand": {
			"rotation": [67.5, 0, 0],
			"translation": [0, 1.75, 0.75],
			"scale": [0.20313, 0.20313, 0.20313]
		},
		"thirdperson_lefthand": {
			"rotation": [67.5, 0, 0],
			"translation": [0, 1.75, 0.75],
			"scale": [0.20313, 0.20313, 0.20313]
		},
		"firstperson_righthand": {
			"translation": [2.25, 4, 1],
			"scale": [0.26367, 0.26367, 0.26367]
		},
		"firstperson_lefthand": {
			"translation": [2.25, 4, 1],
			"scale": [0.26367, 0.26367, 0.26367]
		},
		"ground": {
			"translation": [0, 6, 0],
			"scale": [0.45, 0.45, 0.45]
		},
		"gui": {
			"rotation": [30, 135, 0],
			"translation": [0, -2.5, 0],
			"scale": [0.44336, 0.44336, 0.44336]
		},
		"head": {
			"rotation": [0, -180, 0],
			"translation": [0, -30.4, 0],
			"scale": [1.6, 1.6, 1.6]
		},
		"fixed": {
			"rotation": [-90, 0, 0],
			"translation": [0, 0, -16],
			"scale": [2, 2, 2]
		}
	}
}