{
  "model": {
    "type": "minecraft:range_dispatch",
    "property": "minecraft:custom_model_data",
    "index": 0,
    "fallback": {
      "type": "minecraft:model",
      "model": "minecraft:item/diamond_sword"
    },
    "entries": [
      {
        "model": {
          "type": "minecraft:model",
          "model": "epicsword:item/epic_sword"
        },
        "threshold": 1
      },
      {
        "model": {
          "type": "minecraft:model",
          "model": "fdiamond:item/frosted_sword"
        },
        "threshold": 51001
      }
    ]
  }
}
