{
  "model": {
    "type": "range_dispatch",
    "property": "custom_model_data",
    "fallback": { "type": "model", "model": "minecraft:item/iron_hoe" },
    "entries": [
      { "threshold": 1, "model": { "type": "model", "model": "skins:legacy/carnivore_hoe" } },
      { "threshold": 2, "model": { "type": "model", "model": "skins:legacy/purple_hoe" } },
      { "threshold": 3, "model": { "type": "model", "model": "skins:legacy/cutie_hoe" } },
      { "threshold": 4, "model": { "type": "model", "model": "skins:legacy/egyptian_hoe" } },
      { "threshold": 5, "model": { "type": "model", "model": "skins:legacy/abyssal_hoe" } },
      { "threshold": 6, "model": { "type": "model", "model": "skins:legacy/turtle_hoe" } },
      { "threshold": 7, "model": { "type": "model", "model": "skins:legacy/goblin_hoe" } }
    ]
  }
}