{
  "model": {
    "type": "range_dispatch",
    "property": "custom_model_data",
    "fallback": { "type": "model", "model": "item/paper" },
    "entries": [
      { "threshold": 1, "model": { "type": "model", "model": "skins:legacy/punisher_helmet" } },
      { "threshold": 2, "model": { "type": "model", "model": "skins:legacy/diving_helmet" } },
      { "threshold": 3, "model": { "type": "model", "model": "skins:legacy/magician_hat" } },
      { "threshold": 4, "model": { "type": "model", "model": "skins:legacy/cake_hat" } },
      { "threshold": 5, "model": { "type": "model", "model": "skins:legacy/clown_mask" } },
      { "threshold": 6, "model": { "type": "model", "model": "skins:legacy/pirate_hat" } },
      { "threshold": 7, "model": { "type": "model", "model": "skins:legacy/fishing_hat" } },
      { "threshold": 8, "model": { "type": "model", "model": "skins:legacy/television_helmet" } },
      { "threshold": 9, "model": { "type": "model", "model": "skins:legacy/fox_hat" } },
      { "threshold": 10, "model": { "type": "model", "model": "skins:legacy/miner_helmet" } },
      { "threshold": 11, "model": { "type": "model", "model": "skins:legacy/shark_mask" } },
      { "threshold": 12, "model": { "type": "model", "model": "skins:legacy/frog_hat" } },
      { "threshold": 13, "model": { "type": "model", "model": "skins:legacy/bear_hat" } },
      { "threshold": 14, "model": { "type": "model", "model": "skins:legacy/wizard_hat" } },
      { "threshold": 15, "model": { "type": "model", "model": "skins:legacy/squid_hat" } },
      { "threshold": 16, "model": { "type": "model", "model": "skins:legacy/umbrella_hat" } },
      { "threshold": 17, "model": { "type": "model", "model": "skins:legacy/orange_hat" } },
      { "threshold": 18, "model": { "type": "model", "model": "skins:legacy/grape_hat" } },
      { "threshold": 19, "model": { "type": "model", "model": "skins:legacy/watermelon_hat" } },
      { "threshold": 20, "model": { "type": "model", "model": "skins:legacy/dragon_hat" } },
      { "threshold": 21, "model": { "type": "model", "model": "skins:legacy/jester_mask" } },
      { "threshold": 100, "model": { "type": "model", "model": "minecraft:item/compass_00" } }
    ]
  }
}