{
	"credit": "Made with Blockbench",
	"texture_size": [128, 128],
	"textures": {
		"0": "iceangel:item/ice_angel_texture",
		"1": "iceangel:item/ice_angel_animation",
		"2": "iceangel:item/ice_angel_animation2",
		"3": "iceangel:item/ice_angel_animation3",
		"particle": "iceangel:item/ice_angel_texture"
	},
	"elements": [
		{
			"from": [6.75, -15.3, 6],
			"to": [9.25, -13.3, 10],
			"rotation": {"angle": 0, "axis": "y", "origin": [8.2, -14.3, 8.5]},
			"faces": {
				"north": {"uv": [0.5, 3.25, 0.8125, 3.5], "texture": "#0"},
				"east": {"uv": [0, 3.25, 0.5, 3.5], "texture": "#0"},
				"south": {"uv": [0.5, 3.25, 0.8125, 3.5], "texture": "#0"},
				"west": {"uv": [0, 3.25, 0.5, 3.5], "texture": "#0"},
				"up": {"uv": [3.4375, 2.3125, 3.75, 2.8125], "texture": "#0"},
				"down": {"uv": [3.4375, 2.3125, 3.75, 2.8125], "texture": "#0"}
			}
		},
		{
			"from": [7, -13.5, 7],
			"to": [9, 5.5, 9],
			"rotation": {"angle": 45, "axis": "y", "origin": [8, 0.5, 8]},
			"faces": {
				"north": {"uv": [0.25, 5.75, 0, 8.125], "texture": "#0"},
				"east": {"uv": [0, 5.75, 0.25, 8.125], "texture": "#0"},
				"south": {"uv": [0.25, 5.75, 0.5, 8.125], "texture": "#0"},
				"west": {"uv": [0.5, 5.75, 0.25, 8.125], "texture": "#0"},
				"up": {"uv": [4.0625, 0, 3.8125, 0.25], "texture": "#0"},
				"down": {"uv": [4.0625, 0, 3.8125, 0.25], "texture": "#0"}
			}
		},
		{
			"from": [5.5, 9.5, 7.5],
			"to": [10.5, 11.5, 9.5],
			"rotation": {"angle": -45, "axis": "x", "origin": [8.5, 10, 8]},
			"faces": {
				"north": {"uv": [3.4375, 0.9375, 3.6875, 1.5625], "rotation": 90, "texture": "#0"},
				"east": {"uv": [3.5, 0.9375, 3.75, 0.6875], "rotation": 90, "texture": "#0"},
				"south": {"uv": [3.4375, 1.5625, 3.6875, 2.1875], "rotation": 90, "texture": "#0"},
				"west": {"uv": [3.5, 0.6875, 3.75, 0.9375], "rotation": 90, "texture": "#0"},
				"up": {"uv": [3.6875, 1.5625, 3.4375, 2.1875], "rotation": 90, "texture": "#0"},
				"down": {"uv": [3.4375, 0.9375, 3.6875, 1.5625], "rotation": 90, "texture": "#0"}
			}
		},
		{
			"from": [5.25, 8.5, 6.5],
			"to": [10.75, 11, 9],
			"rotation": {"angle": -45, "axis": "x", "origin": [8.5, 10, 8]},
			"faces": {
				"north": {"uv": [3.125, 2.125, 3.4375, 2.8125], "rotation": 90, "texture": "#0"},
				"east": {"uv": [3.125, 2.125, 3.4375, 1.8125], "rotation": 90, "texture": "#0"},
				"south": {"uv": [3.5, 0, 3.8125, 0.6875], "rotation": 90, "texture": "#0"},
				"west": {"uv": [3.125, 1.8125, 3.4375, 2.125], "rotation": 90, "texture": "#0"},
				"up": {"uv": [3.8125, 0, 3.5, 0.6875], "rotation": 90, "texture": "#0"},
				"down": {"uv": [3.125, 2.125, 3.4375, 2.8125], "rotation": 90, "texture": "#0"}
			}
		},
		{
			"from": [6.75, 9.5, 3.09951],
			"to": [9.25, 13.5, 6.09951],
			"rotation": {"angle": -45, "axis": "x", "origin": [8.1, 12.37397, 4.2067]},
			"faces": {
				"north": {"uv": [3.125, 0.9375, 3.4375, 1.4375], "texture": "#0"},
				"east": {"uv": [4.4375, 2.0625, 4.0625, 2.5625], "texture": "#0"},
				"south": {"uv": [4.0625, 2.5625, 4.375, 3.0625], "texture": "#0"},
				"west": {"uv": [4.0625, 2.0625, 4.4375, 2.5625], "texture": "#0"},
				"up": {"uv": [4.625, 1.375, 4.3125, 1], "texture": "#0"},
				"down": {"uv": [3.4375, 1.8125, 3.125, 1.4375], "texture": "#0"}
			}
		},
		{
			"from": [6.75, 9.5, 9.90049],
			"to": [9.25, 13.5, 12.90049],
			"rotation": {"angle": 45, "axis": "x", "origin": [8.1, 12.37397, 11.7933]},
			"faces": {
				"north": {"uv": [3.4375, 0.9375, 3.125, 1.4375], "texture": "#0"},
				"east": {"uv": [3.125, 0.4375, 3.5, 0.9375], "texture": "#0"},
				"south": {"uv": [3.4375, 0.9375, 3.125, 1.4375], "texture": "#0"},
				"west": {"uv": [3.5, 0.4375, 3.125, 0.9375], "texture": "#0"},
				"up": {"uv": [3.4375, 1.4375, 3.125, 1.8125], "texture": "#0"},
				"down": {"uv": [3.4375, 1.4375, 3.125, 1.8125], "texture": "#0"}
			}
		},
		{
			"from": [6, 7.5, 5],
			"to": [10, 12.5, 10],
			"rotation": {"angle": -45, "axis": "x", "origin": [8.5, 10.5, 8]},
			"faces": {
				"north": {"uv": [2.4375, 2.75, 3.0625, 3.25], "rotation": 90, "texture": "#0"},
				"east": {"uv": [2.4375, 2.75, 3.0625, 2.125], "rotation": 90, "texture": "#0"},
				"south": {"uv": [1.75, 2.9375, 1.125, 3.4375], "rotation": 90, "texture": "#0"},
				"west": {"uv": [2.4375, 2.125, 3.0625, 2.75], "rotation": 90, "texture": "#0"},
				"up": {"uv": [1.125, 2.9375, 1.75, 3.4375], "rotation": 90, "texture": "#0"},
				"down": {"uv": [2.4375, 2.75, 3.0625, 3.25], "rotation": 90, "texture": "#0"}
			}
		},
		{
			"from": [7, 11.3, 4.5],
			"to": [9, 16, 9.2],
			"rotation": {"angle": -45, "axis": "x", "origin": [8.4, 14.8, 8]},
			"faces": {
				"north": {"uv": [1.875, 2.8125, 2.4375, 3.0625], "rotation": 90, "texture": "#0"},
				"east": {"uv": [1.875, 2.8125, 2.4375, 2.25], "rotation": 90, "texture": "#0"},
				"south": {"uv": [1.875, 2.8125, 2.4375, 3.0625], "rotation": 90, "texture": "#0"},
				"west": {"uv": [1.875, 2.25, 2.4375, 2.8125], "rotation": 90, "texture": "#0"},
				"up": {"uv": [2.4375, 3.3125, 1.875, 3.0625], "rotation": 90, "texture": "#0"},
				"down": {"uv": [3.1875, 2.125, 2.625, 1.875], "rotation": 90, "texture": "#0"}
			}
		},
		{
			"from": [6.25, 8.5, 7.5],
			"to": [9.75, 12, 15.5],
			"rotation": {"angle": -22.5, "axis": "x", "origin": [8, 10, 12]},
			"faces": {
				"north": {"uv": [2.5, 0.875, 2.0625, 0.4375], "texture": "#0"},
				"east": {"uv": [2.5, 0.4375, 3.5, 0], "texture": "#0"},
				"south": {"uv": [2.5, 0.875, 2.0625, 0.4375], "texture": "#0"},
				"west": {"uv": [3.5, 0.4375, 2.5, 0], "texture": "#0"},
				"up": {"uv": [4.5, 1, 4.0625, 0], "texture": "#0"},
				"down": {"uv": [2.5, 1.875, 2.0625, 0.875], "texture": "#0"}
			}
		},
		{
			"from": [7.55, 7.1, 13.5],
			"to": [8.45, 11.6, 18.5],
			"rotation": {"angle": 0, "axis": "y", "origin": [8, 7.68297, 16.08431]},
			"faces": {
				"north": {"uv": [2.1875, 3.5, 2.0625, 4.0625], "texture": "#0"},
				"east": {"uv": [1.3125, 3.5, 1.9375, 4.0625], "texture": "#0"},
				"south": {"uv": [2.0625, 3.5, 1.9375, 4.0625], "texture": "#0"},
				"west": {"uv": [1.9375, 3.5, 1.3125, 4.0625], "texture": "#0"},
				"up": {"uv": [1.4375, 4.0625, 1.3125, 4.6875], "texture": "#0"},
				"down": {"uv": [1.4375, 4.0625, 1.3125, 4.6875], "texture": "#0"}
			}
		},
		{
			"from": [7.5, 4.6, 13.3],
			"to": [8.5, 8.1, 18.3],
			"rotation": {"angle": 22.5, "axis": "x", "origin": [8, 7.08297, 15.98431]},
			"faces": {
				"north": {"uv": [2.9375, 3.3125, 2.8125, 3.75], "texture": "#0"},
				"east": {"uv": [2.1875, 3.3125, 2.8125, 3.75], "texture": "#0"},
				"south": {"uv": [3.0625, 3.3125, 2.9375, 3.75], "texture": "#0"},
				"west": {"uv": [2.8125, 3.3125, 2.1875, 3.75], "texture": "#0"},
				"up": {"uv": [1.5625, 4.0625, 1.4375, 4.6875], "texture": "#0"},
				"down": {"uv": [1.5625, 4.0625, 1.4375, 4.6875], "texture": "#0"}
			}
		},
		{
			"from": [5.5, 0.5, 14.25],
			"to": [5.5, 7.5, 19.75],
			"rotation": {"angle": -22.5, "axis": "y", "origin": [4.67597, 6.25, 17.75]},
			"faces": {
				"north": {"uv": [0, 0, 0, 56], "texture": "#missing"},
				"east": {"uv": [5.5, 4, 0, 11], "texture": "#3"},
				"south": {"uv": [0, 0, 0, 56], "texture": "#missing"},
				"west": {"uv": [0, 4, 5.5, 11], "texture": "#3"},
				"up": {"uv": [0, 44, 0, 0], "texture": "#missing"},
				"down": {"uv": [0, 0, 0, 44], "texture": "#missing"}
			}
		},
		{
			"from": [4.5, 0.5, 14.25],
			"to": [4.5, 7.5, 19.75],
			"rotation": {"angle": -22.5, "axis": "y", "origin": [4.67597, 6.25, 17.75]},
			"faces": {
				"north": {"uv": [0, 0, 0, 56], "texture": "#missing"},
				"east": {"uv": [5.5, 4, 0, 11], "texture": "#3"},
				"south": {"uv": [0, 0, 0, 56], "texture": "#missing"},
				"west": {"uv": [0, 4, 5.5, 11], "texture": "#3"},
				"up": {"uv": [0, 44, 0, 0], "texture": "#missing"},
				"down": {"uv": [0, 0, 0, 44], "texture": "#missing"}
			}
		},
		{
			"from": [5.1, -2.5, 11],
			"to": [5.1, 16.5, 26],
			"rotation": {"angle": -22.5, "axis": "y", "origin": [4.67597, 6.25, 17.75]},
			"faces": {
				"north": {"uv": [0, 0, 0, 11], "texture": "#missing"},
				"east": {"uv": [4.75, 2.125, 6.625, 0], "texture": "#0"},
				"south": {"uv": [0, 0, 0, 11], "texture": "#missing"},
				"west": {"uv": [6.625, 2.125, 4.75, 0], "texture": "#0"},
				"up": {"uv": [0, 0, 0, 7], "texture": "#missing"},
				"down": {"uv": [0, 7, 0, 0], "texture": "#missing"}
			}
		},
		{
			"from": [3.73161, 4.5, 14.12339],
			"to": [3.73161, 12.5, 21.12339],
			"rotation": {"angle": -45, "axis": "y", "origin": [4.67597, 6.25, 17.75]},
			"faces": {
				"north": {"uv": [0, 0, 0, 11], "texture": "#missing"},
				"east": {"uv": [6.6875, 1, 7.5625, 0], "texture": "#0"},
				"south": {"uv": [0, 0, 0, 11], "texture": "#missing"},
				"west": {"uv": [7.5625, 1, 6.6875, 0], "texture": "#0"},
				"up": {"uv": [0, 0, 0, 7], "texture": "#missing"},
				"down": {"uv": [0, 7, 0, 0], "texture": "#missing"}
			}
		},
		{
			"from": [12.26839, 4.5, 14.12339],
			"to": [12.26839, 12.5, 21.12339],
			"rotation": {"angle": 45, "axis": "y", "origin": [11.32403, 6.25, 17.75]},
			"faces": {
				"north": {"uv": [0, 0, 0, 11], "texture": "#missing"},
				"east": {"uv": [6.6875, 1, 7.5625, 0], "texture": "#0"},
				"south": {"uv": [0, 0, 0, 11], "texture": "#missing"},
				"west": {"uv": [7.5625, 1, 6.6875, 0], "texture": "#0"},
				"up": {"uv": [0, 0, 0, 7], "texture": "#missing"},
				"down": {"uv": [0, 7, 0, 0], "texture": "#missing"}
			}
		},
		{
			"from": [10.9, -2.5, 11],
			"to": [10.9, 16.5, 26],
			"rotation": {"angle": 22.5, "axis": "y", "origin": [11.32403, 6.25, 17.75]},
			"faces": {
				"north": {"uv": [0, 0, 0, 11], "texture": "#missing"},
				"east": {"uv": [4.75, 2.125, 6.625, 0], "texture": "#0"},
				"south": {"uv": [0, 0, 0, 11], "texture": "#missing"},
				"west": {"uv": [6.625, 2.125, 4.75, 0], "texture": "#0"},
				"up": {"uv": [0, 0, 0, 7], "texture": "#missing"},
				"down": {"uv": [0, 7, 0, 0], "texture": "#missing"}
			}
		},
		{
			"from": [11.5, 0.5, 14.25],
			"to": [11.5, 7.5, 19.75],
			"rotation": {"angle": 22.5, "axis": "y", "origin": [11.32403, 6.25, 17.75]},
			"faces": {
				"north": {"uv": [0, 0, 0, 56], "texture": "#missing"},
				"east": {"uv": [5.5, 4, 0, 11], "texture": "#3"},
				"south": {"uv": [0, 0, 0, 56], "texture": "#missing"},
				"west": {"uv": [0, 4, 5.5, 11], "texture": "#3"},
				"up": {"uv": [0, 44, 0, 0], "texture": "#missing"},
				"down": {"uv": [0, 0, 0, 44], "texture": "#missing"}
			}
		},
		{
			"from": [10.5, 0.5, 14.25],
			"to": [10.5, 7.5, 19.75],
			"rotation": {"angle": 22.5, "axis": "y", "origin": [11.32403, 6.25, 17.75]},
			"faces": {
				"north": {"uv": [0, 0, 0, 56], "texture": "#missing"},
				"east": {"uv": [5.5, 4, 0, 11], "texture": "#3"},
				"south": {"uv": [0, 0, 0, 56], "texture": "#missing"},
				"west": {"uv": [0, 4, 5.5, 11], "texture": "#3"},
				"up": {"uv": [0, 44, 0, 0], "texture": "#missing"},
				"down": {"uv": [0, 0, 0, 44], "texture": "#missing"}
			}
		},
		{
			"from": [7.55, -0.59717, 12.57354],
			"to": [8.45, 3.90283, 17.17354],
			"rotation": {"angle": 45, "axis": "x", "origin": [8, 3.90283, 17.17354]},
			"faces": {
				"north": {"uv": [2.3125, 3.75, 2.1875, 4.3125], "texture": "#0"},
				"east": {"uv": [1.5625, 4.0625, 2.125, 4.625], "texture": "#0"},
				"south": {"uv": [2.4375, 3.75, 2.3125, 4.3125], "texture": "#0"},
				"west": {"uv": [2.125, 4.0625, 1.5625, 4.625], "texture": "#0"},
				"up": {"uv": [2.5625, 3.75, 2.4375, 4.3125], "texture": "#0"},
				"down": {"uv": [2.5625, 3.75, 2.4375, 4.3125], "texture": "#0"}
			}
		},
		{
			"from": [7.5, 8, -5.1],
			"to": [8.5, 13.5, 2.4],
			"rotation": {"angle": 0, "axis": "y", "origin": [-0.3, -3.5, -1.5]},
			"faces": {
				"north": {"uv": [0.9375, 3.6875, 1.0625, 4.375], "texture": "#0"},
				"east": {"uv": [0.9375, 3.6875, 0, 4.375], "texture": "#0"},
				"south": {"uv": [1.0625, 3.6875, 1.1875, 4.375], "texture": "#0"},
				"west": {"uv": [0, 3.6875, 0.9375, 4.375], "texture": "#0"},
				"up": {"uv": [0, 4.375, 0.125, 5.3125], "texture": "#0"},
				"down": {"uv": [0, 4.375, 0.125, 5.3125], "texture": "#0"}
			}
		},
		{
			"from": [7.55, 13.5, -5.1],
			"to": [8.45, 17, 2.6],
			"rotation": {"angle": 22.5, "axis": "x", "origin": [8, 13.5, -5.1]},
			"faces": {
				"north": {"uv": [0, 5.3125, 0.125, 5.75], "texture": "#0"},
				"east": {"uv": [1.0625, 5.0625, 0.125, 5.5], "texture": "#0"},
				"south": {"uv": [1.0625, 5.0625, 1.1875, 5.5], "texture": "#0"},
				"west": {"uv": [0.125, 5.0625, 1.0625, 5.5], "texture": "#0"},
				"up": {"uv": [1.25, 4.6875, 1.375, 5.625], "texture": "#0"},
				"down": {"uv": [1.25, 4.6875, 1.375, 5.625], "texture": "#0"}
			}
		},
		{
			"from": [7.55, 2.5, -5.1],
			"to": [8.45, 8, 2.1],
			"rotation": {"angle": -22.5, "axis": "x", "origin": [7.9, 8, -5.1]},
			"faces": {
				"north": {"uv": [1, 4.375, 1.125, 5.0625], "texture": "#0"},
				"east": {"uv": [1, 4.375, 0.125, 5.0625], "texture": "#0"},
				"south": {"uv": [1.125, 4.375, 1.25, 5.0625], "texture": "#0"},
				"west": {"uv": [0.125, 4.375, 1, 5.0625], "texture": "#0"},
				"up": {"uv": [1.1875, 3.5, 1.3125, 4.375], "texture": "#0"},
				"down": {"uv": [1.1875, 3.5, 1.3125, 4.375], "texture": "#0"}
			}
		},
		{
			"from": [7.6, -2.08134, -2.99524],
			"to": [8.4, 2.91866, 3.70476],
			"rotation": {"angle": -45, "axis": "x", "origin": [8, 2.91866, -2.99524]},
			"faces": {
				"north": {"uv": [2.1875, 4.6875, 2.3125, 5.3125], "texture": "#0"},
				"east": {"uv": [2.1875, 4.6875, 1.375, 5.3125], "texture": "#0"},
				"south": {"uv": [2.3125, 4.6875, 2.4375, 5.3125], "texture": "#0"},
				"west": {"uv": [1.375, 4.6875, 2.1875, 5.3125], "texture": "#0"},
				"up": {"uv": [2.4375, 4.5, 2.5625, 5.3125], "texture": "#0"},
				"down": {"uv": [2.4375, 4.5, 2.5625, 5.3125], "texture": "#0"}
			}
		},
		{
			"from": [6.25, 8.5, 0.5],
			"to": [9.75, 12, 8.5],
			"rotation": {"angle": 22.5, "axis": "x", "origin": [8, 10, 4]},
			"faces": {
				"north": {"uv": [2.0625, 0.875, 2.5, 0.4375], "texture": "#0"},
				"east": {"uv": [3.5, 0.4375, 2.5, 0], "texture": "#0"},
				"south": {"uv": [2.0625, 0.875, 2.5, 0.4375], "texture": "#0"},
				"west": {"uv": [2.5, 0.4375, 3.5, 0], "texture": "#0"},
				"up": {"uv": [4.5, 0, 4.0625, 1], "texture": "#0"},
				"down": {"uv": [2.5, 0.875, 2.0625, 1.875], "texture": "#0"}
			}
		},
		{
			"from": [6.75, 1, 6.75],
			"to": [9.25, 3, 9.25],
			"rotation": {"angle": 45, "axis": "y", "origin": [8, -2, 8]},
			"faces": {
				"north": {"uv": [3.375, 3.0625, 3.0625, 2.8125], "texture": "#0"},
				"east": {"uv": [3.375, 3.0625, 3.0625, 2.8125], "texture": "#0"},
				"south": {"uv": [3.375, 3.0625, 3.0625, 2.8125], "texture": "#0"},
				"west": {"uv": [3.0625, 3.0625, 3.375, 2.8125], "texture": "#0"},
				"up": {"uv": [3.6875, 3.125, 3.375, 2.8125], "texture": "#0"},
				"down": {"uv": [3.6875, 3.125, 3.375, 2.8125], "texture": "#0"}
			}
		},
		{
			"from": [6.75, 5.5, 6.75],
			"to": [9.25, 7.5, 9.25],
			"rotation": {"angle": 45, "axis": "y", "origin": [8, 2.5, 8]},
			"faces": {
				"north": {"uv": [3.375, 3.0625, 3.0625, 2.8125], "texture": "#0"},
				"east": {"uv": [3.375, 3.0625, 3.0625, 2.8125], "texture": "#0"},
				"south": {"uv": [3.375, 3.0625, 3.0625, 2.8125], "texture": "#0"},
				"west": {"uv": [3.0625, 3.0625, 3.375, 2.8125], "texture": "#0"},
				"up": {"uv": [3.6875, 3.125, 3.375, 2.8125], "texture": "#0"},
				"down": {"uv": [3.6875, 3.125, 3.375, 2.8125], "texture": "#0"}
			}
		},
		{
			"from": [6.75, -15.5, 6.75],
			"to": [9.25, -13, 9.25],
			"rotation": {"angle": 45, "axis": "y", "origin": [8, -18.5, 8]},
			"faces": {
				"north": {"uv": [3.0625, 3.375, 3.375, 3.0625], "texture": "#0"},
				"east": {"uv": [3.375, 3.375, 3.0625, 3.0625], "texture": "#0"},
				"south": {"uv": [3.0625, 3.375, 3.375, 3.0625], "texture": "#0"},
				"west": {"uv": [3.375, 3.375, 3.0625, 3.0625], "texture": "#0"},
				"up": {"uv": [0.8125, 3.5625, 1.125, 3.25], "texture": "#0"},
				"down": {"uv": [4.0625, 3.375, 4.375, 3.0625], "texture": "#0"}
			}
		},
		{
			"from": [6.9, 15, 6.9],
			"to": [9.1, 17.1, 9],
			"rotation": {"angle": 45, "axis": "x", "origin": [7.9, 16, 8]},
			"faces": {
				"north": {"uv": [2.625, 1.875, 2.375, 2.125], "rotation": 90, "texture": "#0"},
				"east": {"uv": [2.125, 1.875, 2.375, 2.125], "rotation": 180, "texture": "#0"},
				"south": {"uv": [2.625, 1.875, 2.375, 2.125], "rotation": 90, "texture": "#0"},
				"west": {"uv": [2.375, 1.875, 2.125, 2.125], "rotation": 180, "texture": "#0"},
				"up": {"uv": [3.375, 3.375, 3.625, 3.125], "rotation": 90, "texture": "#0"},
				"down": {"uv": [2.375, 2.125, 2.625, 1.875], "rotation": 90, "texture": "#0"}
			}
		},
		{
			"from": [6.65, -8.78922, 19],
			"to": [9.35, -6.78922, 21],
			"rotation": {"angle": 45, "axis": "x", "origin": [8, 1.01499, 7.2]},
			"faces": {
				"north": {"uv": [3.75, 1.8125, 4.0625, 2.0625], "texture": "#0"},
				"east": {"uv": [4.0625, 1.0625, 3.8125, 1.3125], "texture": "#0"},
				"south": {"uv": [3.75, 1.3125, 4.0625, 1.5625], "texture": "#0"},
				"west": {"uv": [3.8125, 1.0625, 4.0625, 1.3125], "texture": "#0"},
				"up": {"uv": [4.0625, 3.25, 3.75, 3], "texture": "#0"},
				"down": {"uv": [4.6875, 2.8125, 4.375, 3.0625], "texture": "#0"}
			}
		},
		{
			"from": [6.65, -8.78922, -5],
			"to": [9.35, -6.78922, -3],
			"rotation": {"angle": -45, "axis": "x", "origin": [8, 1.01499, 8.8]},
			"faces": {
				"north": {"uv": [4.0625, 1.3125, 3.75, 1.5625], "texture": "#0"},
				"east": {"uv": [3.8125, 1.0625, 4.0625, 1.3125], "texture": "#0"},
				"south": {"uv": [4.0625, 1.8125, 3.75, 2.0625], "texture": "#0"},
				"west": {"uv": [4.0625, 1.0625, 3.8125, 1.3125], "texture": "#0"},
				"up": {"uv": [4.0625, 3, 3.75, 3.25], "texture": "#0"},
				"down": {"uv": [4.6875, 3.0625, 4.375, 2.8125], "texture": "#0"}
			}
		},
		{
			"from": [7.25, -16, 7.25],
			"to": [8.75, -15, 8.75],
			"rotation": {"angle": 45, "axis": "y", "origin": [8, -15.65, 8]},
			"faces": {
				"north": {"uv": [0, 3.5, 0.1875, 3.625], "texture": "#0"},
				"east": {"uv": [0, 3.5, 0.1875, 3.625], "texture": "#0"},
				"south": {"uv": [0, 3.5, 0.1875, 3.625], "texture": "#0"},
				"west": {"uv": [0, 3.5, 0.1875, 3.625], "texture": "#0"},
				"up": {"uv": [0, 3.5, 0.1875, 3.6875], "texture": "#0"},
				"down": {"uv": [0, 3.5, 0.1875, 3.6875], "texture": "#0"}
			}
		},
		{
			"from": [6.75, -12.58922, -6.30421],
			"to": [9.25, -10.08922, -3.80421],
			"rotation": {"angle": -45, "axis": "x", "origin": [8, 1.71499, 8]},
			"faces": {
				"north": {"uv": [4.0625, 2.375, 3.75, 2.6875], "texture": "#0"},
				"east": {"uv": [3.75, 2.0625, 4.0625, 2.375], "texture": "#0"},
				"south": {"uv": [4.0625, 3, 3.75, 2.6875], "texture": "#0"},
				"west": {"uv": [4.0625, 2.0625, 3.75, 2.375], "texture": "#0"},
				"up": {"uv": [4.0625, 2.6875, 3.75, 3], "texture": "#0"},
				"down": {"uv": [4.0625, 2.375, 3.75, 2.6875], "texture": "#0"}
			}
		},
		{
			"from": [9.5, -6.58922, -10.80421],
			"to": [6.5, -10.08922, -14.30421],
			"rotation": {"angle": -45, "axis": "x", "origin": [10.2, 12.21499, 8]},
			"faces": {
				"north": {"uv": [16, 0, 15.625, 0.4375], "texture": "#0"},
				"east": {"uv": [16, 0, 15.5625, 0.4375], "texture": "#0"},
				"south": {"uv": [16, 0, 15.625, 0.4375], "texture": "#0"},
				"west": {"uv": [16, 0, 15.5625, 0.4375], "texture": "#0"},
				"up": {"uv": [16, 0, 15.625, 0.4375], "texture": "#0"},
				"down": {"uv": [16, 0, 15.625, 0.4375], "texture": "#0"}
			}
		},
		{
			"from": [8.5, 12.67208, 8],
			"to": [4.5, 8.67208, 4],
			"rotation": {"angle": -45, "axis": "x", "origin": [12.5, 12.67208, 8]},
			"faces": {
				"north": {"uv": [16, 0, 15.5, 0.5], "texture": "#0"},
				"east": {"uv": [16, 0, 15.5, 0.5], "texture": "#0"},
				"south": {"uv": [16, 0, 15.5, 0.5], "texture": "#0"},
				"west": {"uv": [16, 0, 15.5, 0.5], "texture": "#0"},
				"up": {"uv": [16, 0, 15.5, 0.5], "texture": "#0"},
				"down": {"uv": [16, 0, 15.5, 0.5], "texture": "#0"}
			}
		},
		{
			"from": [11.5, 12.67208, 8],
			"to": [7.5, 8.67208, 4],
			"rotation": {"angle": -45, "axis": "x", "origin": [3.5, 12.67208, 8]},
			"faces": {
				"north": {"uv": [15.5, 0, 16, 0.5], "texture": "#0"},
				"east": {"uv": [15.5, 0, 16, 0.5], "texture": "#0"},
				"south": {"uv": [15.5, 0, 16, 0.5], "texture": "#0"},
				"west": {"uv": [15.5, 0, 16, 0.5], "texture": "#0"},
				"up": {"uv": [15.5, 0, 16, 0.5], "texture": "#0"},
				"down": {"uv": [15.5, 0, 16, 0.5], "texture": "#0"}
			}
		},
		{
			"from": [8, 16, -3],
			"to": [8, 24, 5],
			"rotation": {"angle": 22.5, "axis": "y", "origin": [8, 20, 1]},
			"faces": {
				"north": {"uv": [0, 0, 0, 16], "texture": "#1"},
				"east": {"uv": [16, 0, 0, 16], "texture": "#1"},
				"south": {"uv": [0, 0, 0, 16], "texture": "#1"},
				"west": {"uv": [0, 0, 16, 16], "texture": "#1"},
				"up": {"uv": [0, 16, 0, 0], "texture": "#1"},
				"down": {"uv": [0, 0, 0, 16], "texture": "#1"}
			}
		},
		{
			"from": [8, 16, -3],
			"to": [8, 24, 5],
			"rotation": {"angle": -22.5, "axis": "y", "origin": [8, 20, 1]},
			"faces": {
				"north": {"uv": [0, 0, 0, 16], "texture": "#1"},
				"east": {"uv": [16, 0, 0, 16], "texture": "#1"},
				"south": {"uv": [0, 0, 0, 16], "texture": "#1"},
				"west": {"uv": [0, 0, 16, 16], "texture": "#1"},
				"up": {"uv": [0, 16, 0, 0], "texture": "#1"},
				"down": {"uv": [0, 0, 0, 16], "texture": "#1"}
			}
		},
		{
			"from": [8.6, 12, -7],
			"to": [8.6, 24, -1],
			"rotation": {"angle": 0, "axis": "y", "origin": [14.1, 12, 4]},
			"faces": {
				"north": {"uv": [0, 0, 0, 0.00586], "texture": "#missing"},
				"east": {"uv": [6, 0, 0, 12], "texture": "#2"},
				"south": {"uv": [0, 0, 0, 0.00586], "texture": "#missing"},
				"west": {"uv": [0, 0, 6, 12], "texture": "#2"},
				"up": {"uv": [0, 0, 0, 0.00293], "texture": "#missing"},
				"down": {"uv": [0, 0.00293, 0, 0], "texture": "#missing"}
			}
		}
	],
	"gui_light": "front",
	"display": {
		"thirdperson_righthand": {
			"translation": [0, 7.75, 1.75],
			"scale": [0.65, 0.65, 0.65]
		},
		"thirdperson_lefthand": {
			"translation": [0, 7.75, 1.75],
			"scale": [0.65, 0.65, 0.65]
		},
		"firstperson_righthand": {
			"rotation": [-10, 7, 2],
			"translation": [5, 7.75, -4.25],
			"scale": [0.55508, 0.55508, 0.55508]
		},
		"firstperson_lefthand": {
			"rotation": [-10, 7, 2],
			"translation": [5, 7.75, -4.25],
			"scale": [0.55508, 0.55508, 0.55508]
		},
		"ground": {
			"rotation": [0, 0, 90],
			"translation": [-5.25, 9, 0],
			"scale": [0.6, 0.6, 0.6]
		},
		"gui": {
			"rotation": [-90, -135, -90],
			"translation": [-1.5, 1, -1.5],
			"scale": [0.45117, 0.45117, 0.45117]
		},
		"head": {
			"scale": [0, 0, 0]
		},
		"fixed": {
			"rotation": [-90, -90, -90],
			"translation": [0, 16, -2.75],
			"scale": [1.5, 1.5, 1.5]
		}
	}
}