{
	"credit": "Made with Blockbench",
	"texture_size": [128, 128],
	"textures": {
		"0": "iceangel:item/ice_angel_texture",
		"1": "iceangel:item/ice_angel_animation",
		"2": "iceangel:item/ice_angel_animation2",
		"3": "iceangel:item/ice_angel_animation3",
		"particle": "iceangel:item/ice_angel_texture"
	},
	"elements": [
		{
			"from": [6.75, -15.3, 6],
			"to": [9.25, -13.3, 10],
			"rotation": {"angle": 0, "axis": "y", "origin": [8.2, -14.3, 8.5]},
			"faces": {
				"north": {"uv": [0.5, 3.25, 0.8125, 3.5], "texture": "#0"},
				"east": {"uv": [0, 3.25, 0.5, 3.5], "texture": "#0"},
				"south": {"uv": [0.5, 3.25, 0.8125, 3.5], "texture": "#0"},
				"west": {"uv": [0, 3.25, 0.5, 3.5], "texture": "#0"},
				"up": {"uv": [3.4375, 2.3125, 3.75, 2.8125], "texture": "#0"},
				"down": {"uv": [3.4375, 2.3125, 3.75, 2.8125], "texture": "#0"}
			}
		},
		{
			"from": [7, -13, 7],
			"to": [9, -4.5, 9],
			"rotation": {"angle": 45, "axis": "y", "origin": [8, -9.5, 8]},
			"faces": {
				"north": {"uv": [4.0625, 0, 3.8125, 1.0625], "texture": "#0"},
				"east": {"uv": [3.8125, 0, 4.0625, 1.0625], "texture": "#0"},
				"south": {"uv": [4.0625, 1, 4.3125, 2.0625], "texture": "#0"},
				"west": {"uv": [4.3125, 1, 4.0625, 2.0625], "texture": "#0"},
				"up": {"uv": [4.0625, 0, 3.8125, 0.25], "texture": "#0"},
				"down": {"uv": [4.0625, 0, 3.8125, 0.25], "texture": "#0"}
			}
		},
		{
			"from": [8, 2.5, 1],
			"to": [8, 20.5, 6],
			"rotation": {"angle": 0, "axis": "y", "origin": [7, 2.5, 3]},
			"faces": {
				"north": {"uv": [0, 0, 0, 2.5], "texture": "#missing"},
				"east": {"uv": [7.5625, 1.25, 6.9375, 3.5], "texture": "#0"},
				"south": {"uv": [0, 0, 0, 2.5], "texture": "#missing"},
				"west": {"uv": [6.9375, 1.25, 7.5625, 3.5], "texture": "#0"},
				"up": {"uv": [0, 0, 0, 0.75], "texture": "#missing"},
				"down": {"uv": [0, 0, 0, 0.75], "texture": "#missing"}
			}
		},
		{
			"from": [5.5, -0.5, 7.5],
			"to": [10.5, 1.5, 9.5],
			"rotation": {"angle": -45, "axis": "x", "origin": [8.5, 0, 8]},
			"faces": {
				"north": {"uv": [3.4375, 0.9375, 3.6875, 1.5625], "rotation": 90, "texture": "#0"},
				"east": {"uv": [3.5, 0.9375, 3.75, 0.6875], "rotation": 90, "texture": "#0"},
				"south": {"uv": [3.4375, 1.5625, 3.6875, 2.1875], "rotation": 90, "texture": "#0"},
				"west": {"uv": [3.5, 0.6875, 3.75, 0.9375], "rotation": 90, "texture": "#0"},
				"up": {"uv": [3.6875, 1.5625, 3.4375, 2.1875], "rotation": 90, "texture": "#0"},
				"down": {"uv": [3.4375, 0.9375, 3.6875, 1.5625], "rotation": 90, "texture": "#0"}
			}
		},
		{
			"from": [5.25, -1.5, 6.5],
			"to": [10.75, 1, 9],
			"rotation": {"angle": -45, "axis": "x", "origin": [8.5, 0, 8]},
			"faces": {
				"north": {"uv": [3.125, 2.125, 3.4375, 2.8125], "rotation": 90, "texture": "#0"},
				"east": {"uv": [3.125, 2.125, 3.4375, 1.8125], "rotation": 90, "texture": "#0"},
				"south": {"uv": [3.5, 0, 3.8125, 0.6875], "rotation": 90, "texture": "#0"},
				"west": {"uv": [3.125, 1.8125, 3.4375, 2.125], "rotation": 90, "texture": "#0"},
				"up": {"uv": [3.8125, 0, 3.5, 0.6875], "rotation": 90, "texture": "#0"},
				"down": {"uv": [3.125, 2.125, 3.4375, 2.8125], "rotation": 90, "texture": "#0"}
			}
		},
		{
			"from": [6, -2.5, 5],
			"to": [10, 2.5, 10],
			"rotation": {"angle": -45, "axis": "x", "origin": [8.5, 0.5, 8]},
			"faces": {
				"north": {"uv": [2.4375, 2.75, 3.0625, 3.25], "rotation": 90, "texture": "#0"},
				"east": {"uv": [2.4375, 2.75, 3.0625, 2.125], "rotation": 90, "texture": "#0"},
				"south": {"uv": [1.75, 2.9375, 1.125, 3.4375], "rotation": 90, "texture": "#0"},
				"west": {"uv": [2.4375, 2.125, 3.0625, 2.75], "rotation": 90, "texture": "#0"},
				"up": {"uv": [1.125, 2.9375, 1.75, 3.4375], "rotation": 90, "texture": "#0"},
				"down": {"uv": [2.4375, 2.75, 3.0625, 3.25], "rotation": 90, "texture": "#0"}
			}
		},
		{
			"from": [6.75, -4.5, 6.75],
			"to": [9.25, -2.5, 9.25],
			"rotation": {"angle": 45, "axis": "y", "origin": [8, -7.5, 8]},
			"faces": {
				"north": {"uv": [3.375, 3.0625, 3.0625, 2.8125], "texture": "#0"},
				"east": {"uv": [3.375, 3.0625, 3.0625, 2.8125], "texture": "#0"},
				"south": {"uv": [3.375, 3.0625, 3.0625, 2.8125], "texture": "#0"},
				"west": {"uv": [3.0625, 3.0625, 3.375, 2.8125], "texture": "#0"},
				"up": {"uv": [3.6875, 3.125, 3.375, 2.8125], "texture": "#0"},
				"down": {"uv": [3.6875, 3.125, 3.375, 2.8125], "texture": "#0"}
			}
		},
		{
			"from": [6.75, -15.5, 6.75],
			"to": [9.25, -13, 9.25],
			"rotation": {"angle": 45, "axis": "y", "origin": [8, -18.5, 8]},
			"faces": {
				"north": {"uv": [3.0625, 3.375, 3.375, 3.0625], "texture": "#0"},
				"east": {"uv": [3.375, 3.375, 3.0625, 3.0625], "texture": "#0"},
				"south": {"uv": [3.0625, 3.375, 3.375, 3.0625], "texture": "#0"},
				"west": {"uv": [3.375, 3.375, 3.0625, 3.0625], "texture": "#0"},
				"up": {"uv": [0.8125, 3.5625, 1.125, 3.25], "texture": "#0"},
				"down": {"uv": [4.0625, 3.375, 4.375, 3.0625], "texture": "#0"}
			}
		},
		{
			"from": [6.65, -8.78922, 19],
			"to": [9.35, -6.78922, 21],
			"rotation": {"angle": 45, "axis": "x", "origin": [8, 1.01499, 7.2]},
			"faces": {
				"north": {"uv": [3.75, 1.8125, 4.0625, 2.0625], "texture": "#0"},
				"east": {"uv": [4.0625, 1.0625, 3.8125, 1.3125], "texture": "#0"},
				"south": {"uv": [3.75, 1.3125, 4.0625, 1.5625], "texture": "#0"},
				"west": {"uv": [3.8125, 1.0625, 4.0625, 1.3125], "texture": "#0"},
				"up": {"uv": [4.0625, 3.25, 3.75, 3], "texture": "#0"},
				"down": {"uv": [4.6875, 2.8125, 4.375, 3.0625], "texture": "#0"}
			}
		},
		{
			"from": [6.65, -8.78922, -5],
			"to": [9.35, -6.78922, -3],
			"rotation": {"angle": -45, "axis": "x", "origin": [8, 1.01499, 8.8]},
			"faces": {
				"north": {"uv": [4.0625, 1.3125, 3.75, 1.5625], "texture": "#0"},
				"east": {"uv": [3.8125, 1.0625, 4.0625, 1.3125], "texture": "#0"},
				"south": {"uv": [4.0625, 1.8125, 3.75, 2.0625], "texture": "#0"},
				"west": {"uv": [4.0625, 1.0625, 3.8125, 1.3125], "texture": "#0"},
				"up": {"uv": [4.0625, 3, 3.75, 3.25], "texture": "#0"},
				"down": {"uv": [4.6875, 3.0625, 4.375, 2.8125], "texture": "#0"}
			}
		},
		{
			"from": [7.25, -16, 7.25],
			"to": [8.75, -15, 8.75],
			"rotation": {"angle": 45, "axis": "y", "origin": [8, -15.65, 8]},
			"faces": {
				"north": {"uv": [0, 3.5, 0.1875, 3.625], "texture": "#0"},
				"east": {"uv": [0, 3.5, 0.1875, 3.625], "texture": "#0"},
				"south": {"uv": [0, 3.5, 0.1875, 3.625], "texture": "#0"},
				"west": {"uv": [0, 3.5, 0.1875, 3.625], "texture": "#0"},
				"up": {"uv": [0, 3.5, 0.1875, 3.6875], "texture": "#0"},
				"down": {"uv": [0, 3.5, 0.1875, 3.6875], "texture": "#0"}
			}
		},
		{
			"from": [6.75, -12.58922, -6.30421],
			"to": [9.25, -10.08922, -3.80421],
			"rotation": {"angle": -45, "axis": "x", "origin": [8, 1.71499, 8]},
			"faces": {
				"north": {"uv": [4.0625, 2.375, 3.75, 2.6875], "texture": "#0"},
				"east": {"uv": [3.75, 2.0625, 4.0625, 2.375], "texture": "#0"},
				"south": {"uv": [4.0625, 3, 3.75, 2.6875], "texture": "#0"},
				"west": {"uv": [4.0625, 2.0625, 3.75, 2.375], "texture": "#0"},
				"up": {"uv": [4.0625, 2.6875, 3.75, 3], "texture": "#0"},
				"down": {"uv": [4.0625, 2.375, 3.75, 2.6875], "texture": "#0"}
			}
		},
		{
			"from": [9.5, -6.58922, -10.80421],
			"to": [6.5, -10.08922, -14.30421],
			"rotation": {"angle": -45, "axis": "x", "origin": [10.2, 12.21499, 8]},
			"faces": {
				"north": {"uv": [16, 0, 15.625, 0.4375], "texture": "#0"},
				"east": {"uv": [16, 0, 15.5625, 0.4375], "texture": "#0"},
				"south": {"uv": [16, 0, 15.625, 0.4375], "texture": "#0"},
				"west": {"uv": [16, 0, 15.5625, 0.4375], "texture": "#0"},
				"up": {"uv": [16, 0, 15.625, 0.4375], "texture": "#0"},
				"down": {"uv": [16, 0, 15.625, 0.4375], "texture": "#0"}
			}
		},
		{
			"from": [8.5, 2.67208, 8],
			"to": [4.5, -1.32792, 4],
			"rotation": {"angle": -45, "axis": "x", "origin": [12.5, 2.67208, 8]},
			"faces": {
				"north": {"uv": [16, 0, 15.5, 0.5], "texture": "#0"},
				"east": {"uv": [16, 0, 15.5, 0.5], "texture": "#0"},
				"south": {"uv": [16, 0, 15.5, 0.5], "texture": "#0"},
				"west": {"uv": [16, 0, 15.5, 0.5], "texture": "#0"},
				"up": {"uv": [16, 0, 15.5, 0.5], "texture": "#0"},
				"down": {"uv": [16, 0, 15.5, 0.5], "texture": "#0"}
			}
		},
		{
			"from": [5.75, 20.25, 2.25],
			"to": [10.25, 22.75, 4.75],
			"rotation": {"angle": -45, "axis": "x", "origin": [8, 21.5, 3.45]},
			"faces": {
				"north": {"uv": [3.625, 5.375, 4.1875, 5.6875], "rotation": 180, "texture": "#0"},
				"east": {"uv": [3.625, 5.375, 3.3125, 5.6875], "rotation": 180, "texture": "#0"},
				"south": {"uv": [3.625, 5.6875, 4.1875, 5.375], "rotation": 180, "texture": "#0"},
				"west": {"uv": [3.3125, 5.375, 3.625, 5.6875], "rotation": 180, "texture": "#0"},
				"up": {"uv": [3.625, 5.375, 4.1875, 5.6875], "rotation": 180, "texture": "#0"},
				"down": {"uv": [3.625, 5.375, 4.1875, 5.6875], "rotation": 180, "texture": "#0"}
			}
		},
		{
			"from": [11.5, 2.67208, 8],
			"to": [7.5, -1.32792, 4],
			"rotation": {"angle": -45, "axis": "x", "origin": [3.5, 2.67208, 8]},
			"faces": {
				"north": {"uv": [15.5, 0, 16, 0.5], "texture": "#0"},
				"east": {"uv": [15.5, 0, 16, 0.5], "texture": "#0"},
				"south": {"uv": [15.5, 0, 16, 0.5], "texture": "#0"},
				"west": {"uv": [15.5, 0, 16, 0.5], "texture": "#0"},
				"up": {"uv": [15.5, 0, 16, 0.5], "texture": "#0"},
				"down": {"uv": [15.5, 0, 16, 0.5], "texture": "#0"}
			}
		},
		{
			"from": [8, 22, -10],
			"to": [8, 30, -2],
			"rotation": {"angle": -22.5, "axis": "y", "origin": [8, 26, -6]},
			"faces": {
				"north": {"uv": [0, 0, 0, 16], "texture": "#1"},
				"east": {"uv": [16, 0, 0, 16], "texture": "#1"},
				"south": {"uv": [0, 0, 0, 16], "texture": "#1"},
				"west": {"uv": [0, 0, 16, 16], "texture": "#1"},
				"up": {"uv": [0, 16, 0, 0], "texture": "#1"},
				"down": {"uv": [0, 0, 0, 16], "texture": "#1"}
			}
		},
		{
			"from": [11.5, -8, 11.25],
			"to": [11.5, -1, 16.75],
			"rotation": {"angle": 22.5, "axis": "y", "origin": [11.32403, -2.25, 14.75]},
			"faces": {
				"north": {"uv": [0, 0, 0, 56], "texture": "#missing"},
				"east": {"uv": [5.5, 4, 0, 11], "texture": "#3"},
				"south": {"uv": [0, 0, 0, 56], "texture": "#missing"},
				"west": {"uv": [0, 4, 5.5, 11], "texture": "#3"},
				"up": {"uv": [0, 44, 0, 0], "texture": "#missing"},
				"down": {"uv": [0, 0, 0, 44], "texture": "#missing"}
			}
		},
		{
			"from": [12.26839, -4, 11.12339],
			"to": [12.26839, 4, 18.12339],
			"rotation": {"angle": 45, "axis": "y", "origin": [11.32403, -2.25, 14.75]},
			"faces": {
				"north": {"uv": [0, 0, 0, 11], "texture": "#missing"},
				"east": {"uv": [6.6875, 1, 7.5625, 0], "texture": "#0"},
				"south": {"uv": [0, 0, 0, 11], "texture": "#missing"},
				"west": {"uv": [7.5625, 1, 6.6875, 0], "texture": "#0"},
				"up": {"uv": [0, 0, 0, 7], "texture": "#missing"},
				"down": {"uv": [0, 7, 0, 0], "texture": "#missing"}
			}
		},
		{
			"from": [3.73161, -4, 11.12339],
			"to": [3.73161, 4, 18.12339],
			"rotation": {"angle": -45, "axis": "y", "origin": [4.67597, -2.25, 14.75]},
			"faces": {
				"north": {"uv": [0, 0, 0, 11], "texture": "#missing"},
				"east": {"uv": [6.6875, 1, 7.5625, 0], "texture": "#0"},
				"south": {"uv": [0, 0, 0, 11], "texture": "#missing"},
				"west": {"uv": [7.5625, 1, 6.6875, 0], "texture": "#0"},
				"up": {"uv": [0, 0, 0, 7], "texture": "#missing"},
				"down": {"uv": [0, 7, 0, 0], "texture": "#missing"}
			}
		},
		{
			"from": [5.1, -11, 8],
			"to": [5.1, 8, 23],
			"rotation": {"angle": -22.5, "axis": "y", "origin": [4.67597, -2.25, 14.75]},
			"faces": {
				"north": {"uv": [0, 0, 0, 11], "texture": "#missing"},
				"east": {"uv": [4.75, 2.125, 6.625, 0], "texture": "#0"},
				"south": {"uv": [0, 0, 0, 11], "texture": "#missing"},
				"west": {"uv": [6.625, 2.125, 4.75, 0], "texture": "#0"},
				"up": {"uv": [0, 0, 0, 7], "texture": "#missing"},
				"down": {"uv": [0, 7, 0, 0], "texture": "#missing"}
			}
		},
		{
			"from": [4.5, -8, 11.25],
			"to": [4.5, -1, 16.75],
			"rotation": {"angle": -22.5, "axis": "y", "origin": [4.67597, -2.25, 14.75]},
			"faces": {
				"north": {"uv": [0, 0, 0, 56], "texture": "#missing"},
				"east": {"uv": [5.5, 4, 0, 11], "texture": "#3"},
				"south": {"uv": [0, 0, 0, 56], "texture": "#missing"},
				"west": {"uv": [0, 4, 5.5, 11], "texture": "#3"},
				"up": {"uv": [0, 44, 0, 0], "texture": "#missing"},
				"down": {"uv": [0, 0, 0, 44], "texture": "#missing"}
			}
		},
		{
			"from": [10.9, -11, 8],
			"to": [10.9, 8, 23],
			"rotation": {"angle": 22.5, "axis": "y", "origin": [11.32403, -2.25, 14.75]},
			"faces": {
				"north": {"uv": [0, 0, 0, 11], "texture": "#missing"},
				"east": {"uv": [4.75, 2.125, 6.625, 0], "texture": "#0"},
				"south": {"uv": [0, 0, 0, 11], "texture": "#missing"},
				"west": {"uv": [6.625, 2.125, 4.75, 0], "texture": "#0"},
				"up": {"uv": [0, 0, 0, 7], "texture": "#missing"},
				"down": {"uv": [0, 7, 0, 0], "texture": "#missing"}
			}
		},
		{
			"from": [8, 22, -10],
			"to": [8, 30, -2],
			"rotation": {"angle": 22.5, "axis": "y", "origin": [8, 26, -6]},
			"faces": {
				"north": {"uv": [0, 0, 0, 16], "texture": "#1"},
				"east": {"uv": [16, 0, 0, 16], "texture": "#1"},
				"south": {"uv": [0, 0, 0, 16], "texture": "#1"},
				"west": {"uv": [0, 0, 16, 16], "texture": "#1"},
				"up": {"uv": [0, 16, 0, 0], "texture": "#1"},
				"down": {"uv": [0, 0, 0, 16], "texture": "#1"}
			}
		},
		{
			"from": [6.75, 2, 6.75],
			"to": [9.25, 14, 9.25],
			"rotation": {"angle": 0, "axis": "y", "origin": [8, 9.25, 8]},
			"faces": {
				"north": {"uv": [4.8125, 3.375, 4.5, 4.875], "texture": "#0"},
				"east": {"uv": [4.1875, 3.375, 4.5, 4.875], "texture": "#0"},
				"south": {"uv": [5.125, 3.375, 4.8125, 4.875], "texture": "#0"},
				"west": {"uv": [4.5, 3.375, 4.1875, 4.875], "texture": "#0"},
				"up": {"uv": [5, 2.875, 5.3125, 3.1875], "texture": "#0"},
				"down": {"uv": [5, 2.875, 5.3125, 3.1875], "texture": "#0"}
			}
		},
		{
			"from": [6.5, 7, 4.5],
			"to": [9.5, 9, 9.5],
			"rotation": {"angle": 0, "axis": "y", "origin": [7.5, 20, 8.5]},
			"faces": {
				"north": {"uv": [5.5, 4.3125, 5.875, 4.5625], "texture": "#0"},
				"east": {"uv": [5.5, 4.5625, 6.125, 4.8125], "texture": "#0"},
				"south": {"uv": [5.875, 4.3125, 6.25, 4.5625], "texture": "#0"},
				"west": {"uv": [5.5, 4.5625, 6.125, 4.8125], "texture": "#0"},
				"up": {"uv": [5.125, 4.3125, 5.5, 4.9375], "texture": "#0"},
				"down": {"uv": [5.125, 4.9375, 5.5, 4.3125], "texture": "#0"}
			}
		},
		{
			"from": [6.5, 12.5, 3.5],
			"to": [9.5, 14.5, 9.5],
			"rotation": {"angle": 0, "axis": "y", "origin": [7.5, 25.5, 8.5]},
			"faces": {
				"north": {"uv": [4.375, 5.125, 4, 5.375], "texture": "#0"},
				"east": {"uv": [4.75, 4.875, 4, 5.125], "texture": "#0"},
				"south": {"uv": [5.125, 4.875, 4.75, 5.125], "texture": "#0"},
				"west": {"uv": [4.75, 4.875, 4, 5.125], "texture": "#0"},
				"up": {"uv": [6.4375, 3.5625, 6.0625, 4.3125], "texture": "#0"},
				"down": {"uv": [6.4375, 4.3125, 6.0625, 3.5625], "texture": "#0"}
			}
		},
		{
			"from": [6.75, 13.1, 6.45],
			"to": [9.25, 20.6, 8.95],
			"rotation": {"angle": -22.5, "axis": "x", "origin": [8, 14.25, 7]},
			"faces": {
				"north": {"uv": [5.4375, 3.375, 5.75, 4.3125], "texture": "#0"},
				"east": {"uv": [5.4375, 3.375, 5.125, 4.3125], "texture": "#0"},
				"south": {"uv": [6.0625, 3.375, 5.75, 4.3125], "texture": "#0"},
				"west": {"uv": [5.125, 3.375, 5.4375, 4.3125], "texture": "#0"},
				"up": {"uv": [4.375, 3.0625, 4.6875, 3.375], "texture": "#0"},
				"down": {"uv": [4.375, 3.0625, 4.6875, 3.375], "texture": "#0"}
			}
		},
		{
			"from": [6.25, -1.5, 2.5],
			"to": [9.75, 2, 7.5],
			"rotation": {"angle": 0, "axis": "y", "origin": [8, 0, 4]},
			"faces": {
				"north": {"uv": [2.0625, 0.875, 2.5, 0.4375], "texture": "#0"},
				"east": {"uv": [3.125, 0.4375, 2.5, 0], "texture": "#0"},
				"south": {"uv": [2.0625, 0.875, 2.5, 0.4375], "texture": "#0"},
				"west": {"uv": [2.5, 0.4375, 3.125, 0], "texture": "#0"},
				"up": {"uv": [4.5, 0, 4.0625, 0.625], "texture": "#0"},
				"down": {"uv": [2.5, 0.875, 2.0625, 1.5], "texture": "#0"}
			}
		},
		{
			"from": [6.25, -1.5, 8.5],
			"to": [9.75, 2, 12.5],
			"rotation": {"angle": 0, "axis": "y", "origin": [8, 0, 9]},
			"faces": {
				"north": {"uv": [2.5, 0.875, 2.0625, 0.4375], "texture": "#0"},
				"east": {"uv": [2.5, 0.4375, 3, 0], "texture": "#0"},
				"south": {"uv": [2.5, 0.875, 2.0625, 0.4375], "texture": "#0"},
				"west": {"uv": [3, 0.4375, 2.5, 0], "texture": "#0"},
				"up": {"uv": [4.5, 0.5, 4.0625, 0], "texture": "#0"},
				"down": {"uv": [2.5, 1.875, 2.0625, 1.375], "texture": "#0"}
			}
		},
		{
			"from": [6.5, -3.25, -1.25],
			"to": [9.5, 3.75, 5.75],
			"rotation": {"angle": -45, "axis": "x", "origin": [8, 0.25, 2.25]},
			"faces": {
				"north": {"uv": [2.9375, 4.625, 3.3125, 5.5], "texture": "#0"},
				"east": {"uv": [3.4375, 3.75, 2.5625, 4.625], "rotation": 90, "texture": "#0"},
				"south": {"uv": [2.5625, 4.625, 2.9375, 5.5], "rotation": 180, "texture": "#0"},
				"west": {"uv": [2.5625, 3.75, 3.4375, 4.625], "rotation": 270, "texture": "#0"},
				"up": {"uv": [3.8125, 3.75, 4.1875, 4.625], "texture": "#0"},
				"down": {"uv": [3.4375, 3.75, 3.8125, 4.625], "rotation": 180, "texture": "#0"}
			}
		},
		{
			"from": [5.25, -1.25, 0.75],
			"to": [10.75, 1.75, 3.75],
			"rotation": {"angle": -45, "axis": "x", "origin": [8, 0.25, 2.25]},
			"faces": {
				"north": {"uv": [3.3125, 5, 4, 5.375], "texture": "#0"},
				"east": {"uv": [3.4375, 3.375, 3.0625, 3.75], "rotation": 90, "texture": "#0"},
				"south": {"uv": [3.3125, 4.625, 4, 5], "rotation": 180, "texture": "#0"},
				"west": {"uv": [3.0625, 3.375, 3.4375, 3.75], "rotation": 270, "texture": "#0"},
				"up": {"uv": [3.3125, 5, 4, 4.625], "rotation": 180, "texture": "#0"},
				"down": {"uv": [3.3125, 5, 4, 5.375], "texture": "#0"}
			}
		},
		{
			"from": [6.25, 19, 2.1],
			"to": [9.75, 24, 5.6],
			"rotation": {"angle": -45, "axis": "x", "origin": [8, 21.23227, 4.05131]},
			"faces": {
				"north": {"uv": [2.3125, 5.625, 2.75, 6.25], "texture": "#0"},
				"east": {"uv": [2.3125, 5.625, 1.875, 6.25], "texture": "#0"},
				"south": {"uv": [2.75, 5.625, 3.1875, 6.25], "texture": "#0"},
				"west": {"uv": [1.875, 5.625, 2.3125, 6.25], "texture": "#0"},
				"up": {"uv": [1.875, 6.25, 2.3125, 6.6875], "texture": "#0"},
				"down": {"uv": [3.1875, 5.6875, 3.625, 6.125], "texture": "#0"}
			}
		},
		{
			"from": [8.2, 2, -2],
			"to": [8.2, 14, 4],
			"rotation": {"angle": 0, "axis": "y", "origin": [13.7, 2, 9]},
			"faces": {
				"north": {"uv": [0, 0, 0, 0.375], "texture": "#missing"},
				"east": {"uv": [6, 0, 0, 12], "texture": "#2"},
				"south": {"uv": [0, 0, 0, 0.375], "texture": "#missing"},
				"west": {"uv": [0, 0, 6, 12], "texture": "#2"},
				"up": {"uv": [0, 0, 0, 0.1875], "texture": "#missing"},
				"down": {"uv": [0, 0.1875, 0, 0], "texture": "#missing"}
			}
		}
	],
	"gui_light": "front",
	"display": {
		"thirdperson_righthand": {
			"translation": [0, 8.1, 1.5],
			"scale": [0.6, 0.6, 0.6]
		},
		"thirdperson_lefthand": {
			"translation": [0, 8.1, 1.5],
			"scale": [0.6, 0.6, 0.6]
		},
		"firstperson_righthand": {
			"rotation": [-53, 7, -8],
			"translation": [5, 6, -4],
			"scale": [0.48906, 0.48906, 0.48906]
		},
		"firstperson_lefthand": {
			"rotation": [-53, 7, -8],
			"translation": [5, 6, -4],
			"scale": [0.48906, 0.48906, 0.48906]
		},
		"ground": {
			"rotation": [0, 0, 90],
			"translation": [-4.5, 9, 0],
			"scale": [0.6, 0.6, 0.6]
		},
		"gui": {
			"rotation": [-90, 45, 90],
			"translation": [-1, 2, 0],
			"scale": [0.45118, 0.45118, 0.45118]
		},
		"head": {
			"scale": [0, 0, 0]
		},
		"fixed": {
			"rotation": [-90, -90, -90],
			"translation": [0, 12, -3.5],
			"scale": [1.4, 1.4, 1.4]
		}
	}
}