{
	"credit": "Made with Blockbench",
	"texture_size": [128, 128],
	"textures": {
		"0": "iceangel:item/ice_angel_texture",
		"1": "iceangel:item/ice_angel_animation",
		"2": "iceangel:item/ice_angel_animation2",
		"3": "iceangel:item/ice_angel_animation3",
		"particle": "iceangel:item/ice_angel_texture"
	},
	"elements": [
		{
			"from": [4.79612, 6.79423, 1.5],
			"to": [6.79612, 8.79423, 6.5],
			"rotation": {"angle": -45, "axis": "z", "origin": [8, 5.59034, 4]},
			"faces": {
				"north": {"uv": [3.5, 0.6875, 3.75, 0.9375], "rotation": 90, "texture": "#0"},
				"east": {"uv": [3.4375, 0.9375, 3.6875, 1.5625], "rotation": 90, "texture": "#0"},
				"south": {"uv": [3.5, 0.9375, 3.75, 0.6875], "rotation": 90, "texture": "#0"},
				"west": {"uv": [3.4375, 1.5625, 3.6875, 2.1875], "rotation": 90, "texture": "#0"},
				"up": {"uv": [3.6875, 1.5625, 3.4375, 2.1875], "rotation": 180, "texture": "#0"},
				"down": {"uv": [3.4375, 0.9375, 3.6875, 1.5625], "texture": "#0"}
			}
		},
		{
			"from": [5.29612, 5.79423, 1.25],
			"to": [7.79612, 8.29423, 6.75],
			"rotation": {"angle": -45, "axis": "z", "origin": [8, 5.59034, 4]},
			"faces": {
				"north": {"uv": [3.125, 1.8125, 3.4375, 2.125], "rotation": 90, "texture": "#0"},
				"east": {"uv": [3.125, 2.125, 3.4375, 2.8125], "rotation": 90, "texture": "#0"},
				"south": {"uv": [3.125, 2.125, 3.4375, 1.8125], "rotation": 90, "texture": "#0"},
				"west": {"uv": [3.5, 0, 3.8125, 0.6875], "rotation": 90, "texture": "#0"},
				"up": {"uv": [3.8125, 0, 3.5, 0.6875], "rotation": 180, "texture": "#0"},
				"down": {"uv": [3.125, 2.125, 3.4375, 2.8125], "texture": "#0"}
			}
		},
		{
			"from": [4.70692, 8.78118, 2.75],
			"to": [7.70692, 12.78118, 5.25],
			"rotation": {"angle": -45, "axis": "z", "origin": [7.3, 5.59034, 4]},
			"faces": {
				"north": {"uv": [4.0625, 2.0625, 4.4375, 2.5625], "texture": "#0"},
				"east": {"uv": [3.125, 0.9375, 3.4375, 1.4375], "texture": "#0"},
				"south": {"uv": [4.4375, 2.0625, 4.0625, 2.5625], "texture": "#0"},
				"west": {"uv": [4.0625, 2.5625, 4.375, 3.0625], "texture": "#0"},
				"up": {"uv": [4.625, 1.375, 4.3125, 1], "rotation": 90, "texture": "#0"},
				"down": {"uv": [3.4375, 1.8125, 3.125, 1.4375], "rotation": 270, "texture": "#0"}
			}
		},
		{
			"from": [8.29308, 8.78118, 2.75],
			"to": [11.29308, 12.78118, 5.25],
			"rotation": {"angle": 45, "axis": "z", "origin": [8.7, 5.59034, 4]},
			"faces": {
				"north": {"uv": [3.5, 0.4375, 3.125, 0.9375], "texture": "#0"},
				"east": {"uv": [3.4375, 0.9375, 3.125, 1.4375], "texture": "#0"},
				"south": {"uv": [3.125, 0.4375, 3.5, 0.9375], "texture": "#0"},
				"west": {"uv": [3.4375, 0.9375, 3.125, 1.4375], "texture": "#0"},
				"up": {"uv": [3.4375, 1.4375, 3.125, 1.8125], "rotation": 90, "texture": "#0"},
				"down": {"uv": [3.4375, 1.4375, 3.125, 1.8125], "rotation": 270, "texture": "#0"}
			}
		},
		{
			"from": [3.94256, 4.64778, 2],
			"to": [8.94256, 9.64778, 6],
			"rotation": {"angle": -45, "axis": "z", "origin": [8, 5.59034, 4]},
			"faces": {
				"north": {"uv": [2.4375, 2.125, 3.0625, 2.75], "rotation": 90, "texture": "#0"},
				"east": {"uv": [2.4375, 2.75, 3.0625, 3.25], "rotation": 90, "texture": "#0"},
				"south": {"uv": [2.4375, 2.75, 3.0625, 2.125], "rotation": 90, "texture": "#0"},
				"west": {"uv": [1.75, 2.9375, 1.125, 3.4375], "rotation": 90, "texture": "#0"},
				"up": {"uv": [1.125, 2.9375, 1.75, 3.4375], "rotation": 180, "texture": "#0"},
				"down": {"uv": [2.4375, 2.75, 3.0625, 3.25], "texture": "#0"}
			}
		},
		{
			"from": [1.80623, 5.16853, 2.25],
			"to": [8.30623, 8.66853, 12.75],
			"rotation": {"angle": -22.5, "axis": "z", "origin": [8, 5.59034, 4]},
			"faces": {
				"north": {"uv": [3.3125, 0.4375, 2.5, 0], "texture": "#0"},
				"east": {"uv": [3.375, 0.875, 2.0625, 0.4375], "texture": "#0"},
				"south": {"uv": [2.5, 0.4375, 3.3125, 0], "texture": "#0"},
				"west": {"uv": [5.25, 10.9375, 3.9375, 10.5], "texture": "#0"},
				"up": {"uv": [6.125, 11.375, 5.3125, 10.0625], "texture": "#0"},
				"down": {"uv": [7, 11.375, 6.1875, 10.0625], "texture": "#0"}
			}
		},
		{
			"from": [7.69377, 5.16853, 2.25],
			"to": [14.19377, 8.66853, 12.75],
			"rotation": {"angle": 22.5, "axis": "z", "origin": [8, 5.59034, 4]},
			"faces": {
				"north": {"uv": [2.5, 0.4375, 3.3125, 0], "texture": "#0"},
				"east": {"uv": [3.9375, 10.9375, 5.25, 10.5], "texture": "#0"},
				"south": {"uv": [3.3125, 0.4375, 2.5, 0], "texture": "#0"},
				"west": {"uv": [2.0625, 0.875, 3.375, 0.4375], "texture": "#0"},
				"up": {"uv": [5.3125, 11.375, 6.125, 10.0625], "texture": "#0"},
				"down": {"uv": [6.1875, 11.375, 7, 10.0625], "texture": "#0"}
			}
		},
		{
			"from": [6.75, 10.5, 2.85],
			"to": [9.25, 13, 5.35],
			"rotation": {"angle": 45, "axis": "y", "origin": [8, 9.90966, 4.1]},
			"faces": {
				"north": {"uv": [3.375, 3.0625, 3.0625, 3.375], "texture": "#0"},
				"east": {"uv": [3.0625, 3.0625, 3.375, 3.375], "texture": "#0"},
				"south": {"uv": [3.375, 3.0625, 3.0625, 3.375], "texture": "#0"},
				"west": {"uv": [3.0625, 3.0625, 3.375, 3.375], "texture": "#0"},
				"up": {"uv": [4.375, 3.375, 4.0625, 3.0625], "rotation": 270, "texture": "#0"},
				"down": {"uv": [1.125, 3.5625, 0.8125, 3.25], "rotation": 90, "texture": "#0"}
			}
		},
		{
			"from": [7.25, 12.4, 2.75],
			"to": [8.75, 13.4, 4.25],
			"rotation": {"angle": 45, "axis": "y", "origin": [8, 9.80966, 3.5]},
			"faces": {
				"north": {"uv": [0, 3.625, 0.1875, 3.5], "texture": "#0"},
				"east": {"uv": [0, 3.625, 0.1875, 3.5], "texture": "#0"},
				"south": {"uv": [0, 3.625, 0.1875, 3.5], "texture": "#0"},
				"west": {"uv": [0, 3.625, 0.1875, 3.5], "texture": "#0"},
				"up": {"uv": [0.1875, 3.5, 0, 3.6875], "rotation": 270, "texture": "#0"},
				"down": {"uv": [0.1875, 3.5, 0, 3.6875], "rotation": 90, "texture": "#0"}
			}
		},
		{
			"from": [9.81658, 11.62623, 2.25],
			"to": [12.31658, 14.12623, 4.75],
			"rotation": {"angle": 45, "axis": "z", "origin": [8, 9.80966, 3.5]},
			"faces": {
				"north": {"uv": [4.0625, 2.375, 3.75, 2.0625], "texture": "#0"},
				"east": {"uv": [4.0625, 2.6875, 3.75, 2.375], "texture": "#0"},
				"south": {"uv": [3.75, 2.375, 4.0625, 2.0625], "texture": "#0"},
				"west": {"uv": [4.0625, 2.6875, 3.75, 3], "texture": "#0"},
				"up": {"uv": [3.75, 2.375, 4.0625, 2.6875], "rotation": 270, "texture": "#0"},
				"down": {"uv": [3.75, 2.6875, 4.0625, 3], "rotation": 90, "texture": "#0"}
			}
		},
		{
			"from": [12.89196, 14.70161, 5],
			"to": [9.39196, 11.20161, 2],
			"rotation": {"angle": 45, "axis": "z", "origin": [8, 9.80966, 3.5]},
			"faces": {
				"north": {"uv": [16, 0.4375, 15.5625, 0], "texture": "#0"},
				"east": {"uv": [16, 0.4375, 15.625, 0], "texture": "#0"},
				"south": {"uv": [16, 0.4375, 15.5625, 0], "texture": "#0"},
				"west": {"uv": [16, 0.4375, 15.625, 0], "texture": "#0"},
				"up": {"uv": [15.625, 0, 16, 0.4375], "rotation": 270, "texture": "#0"},
				"down": {"uv": [15.625, 0, 16, 0.4375], "rotation": 90, "texture": "#0"}
			}
		},
		{
			"from": [8.40667, 9.18367, 4.5],
			"to": [4.40667, 5.18367, 0.5],
			"rotation": {"angle": -45, "axis": "z", "origin": [8, 5.59034, 4]},
			"faces": {
				"north": {"uv": [16, 0, 15.5, 0.5], "texture": "#0"},
				"east": {"uv": [16, 0, 15.5, 0.5], "texture": "#0"},
				"south": {"uv": [16, 0, 15.5, 0.5], "texture": "#0"},
				"west": {"uv": [16, 0, 15.5, 0.5], "texture": "#0"},
				"up": {"uv": [16, 0, 15.5, 0.5], "rotation": 90, "texture": "#0"},
				"down": {"uv": [16, 0, 15.5, 0.5], "rotation": 270, "texture": "#0"}
			}
		},
		{
			"from": [4, 8, 3.5],
			"to": [12, 11, 12],
			"rotation": {"angle": 0, "axis": "y", "origin": [9.5, 4, 11]},
			"faces": {
				"north": {"uv": [5.5, 11.75, 5.875, 12.75], "rotation": 270, "texture": "#0"},
				"east": {"uv": [6.1875, 14.125, 6.5625, 13.0625], "rotation": 270, "texture": "#0"},
				"south": {"uv": [5.5, 11.75, 5.875, 12.75], "rotation": 270, "texture": "#0"},
				"west": {"uv": [6.1875, 13.0625, 6.5625, 14.125], "rotation": 270, "texture": "#0"},
				"up": {"uv": [6.5625, 13.0625, 7.625, 14.0625], "rotation": 270, "texture": "#0"},
				"down": {"uv": [6.5625, 13.0625, 7.625, 14.0625], "rotation": 270, "texture": "#0"}
			}
		},
		{
			"from": [3, 0.5, 5],
			"to": [13, 8, 12],
			"rotation": {"angle": 0, "axis": "y", "origin": [11.5, -3, 11.5]},
			"faces": {
				"north": {"uv": [5.875, 12.75, 4.625, 13.6875], "texture": "#0"},
				"east": {"uv": [4.625, 11.8125, 5.5, 12.75], "texture": "#0"},
				"south": {"uv": [7.75, 15.0625, 6.5, 16], "texture": "#0"},
				"west": {"uv": [5.5, 11.8125, 4.625, 12.75], "texture": "#0"},
				"up": {"uv": [9.875, 10.3125, 11.125, 11.1875], "texture": "#0"},
				"down": {"uv": [6.5, 14.1875, 7.75, 15.0625], "texture": "#0"}
			}
		},
		{
			"from": [3, 0.5, 3],
			"to": [5, 4.5, 5],
			"rotation": {"angle": 0, "axis": "y", "origin": [10.5, -2.5, 11.5]},
			"faces": {
				"north": {"uv": [4.125, 13.625, 3.875, 14.125], "texture": "#0"},
				"east": {"uv": [4.9375, 13.6875, 4.6875, 14.1875], "texture": "#0"},
				"south": {"uv": [4.125, 13.625, 3.875, 14.125], "texture": "#0"},
				"west": {"uv": [4, 13.625, 3.75, 14.125], "texture": "#0"},
				"up": {"uv": [4, 14.125, 3.75, 14.375], "texture": "#0"},
				"down": {"uv": [4.25, 14.125, 4, 14.375], "texture": "#0"}
			}
		},
		{
			"from": [5.5, 8, 3],
			"to": [10.5, 13, 11.5],
			"rotation": {"angle": -45, "axis": "z", "origin": [8, 10.5, 7.5]},
			"faces": {
				"north": {"uv": [7.125, 12.4375, 7.75, 13.0625], "rotation": 270, "texture": "#0"},
				"east": {"uv": [5.875, 12, 6.5, 13.0625], "rotation": 270, "texture": "#0"},
				"south": {"uv": [6.5, 12.4375, 7.125, 13.0625], "rotation": 270, "texture": "#0"},
				"west": {"uv": [5.875, 12, 6.5, 13.0625], "rotation": 270, "texture": "#0"},
				"up": {"uv": [6.5, 12, 5.875, 13.0625], "texture": "#0"},
				"down": {"uv": [11, 13.625, 11.625, 14.6875], "texture": "#0"}
			}
		},
		{
			"from": [3, 0.49, 3],
			"to": [6, 4.44, 4.5],
			"rotation": {"angle": 22.5, "axis": "y", "origin": [3, 3, 3]},
			"faces": {
				"north": {"uv": [4.5, 13.625, 4.125, 14.125], "texture": "#0"},
				"east": {"uv": [4.6875, 13.6875, 4.5, 14.18125], "texture": "#0"},
				"south": {"uv": [4.5, 13.625, 4.125, 14.125], "texture": "#0"},
				"west": {"uv": [4.6875, 13.6875, 4.5, 14.18125], "texture": "#0"},
				"up": {"uv": [4.625, 14.1875, 4.25, 14.375], "texture": "#0"},
				"down": {"uv": [4.625, 14.375, 4.25, 14.5625], "texture": "#0"}
			}
		},
		{
			"from": [11, 0.5, 3],
			"to": [13, 4.5, 5],
			"rotation": {"angle": 0, "axis": "y", "origin": [5.5, -2.5, 11.5]},
			"faces": {
				"north": {"uv": [3.875, 13.625, 4.125, 14.125], "texture": "#0"},
				"east": {"uv": [3.75, 13.625, 4, 14.125], "texture": "#0"},
				"south": {"uv": [3.875, 13.625, 4.125, 14.125], "texture": "#0"},
				"west": {"uv": [4.6875, 13.6875, 4.9375, 14.1875], "texture": "#0"},
				"up": {"uv": [3.75, 14.125, 4, 14.375], "texture": "#0"},
				"down": {"uv": [4, 14.125, 4.25, 14.375], "texture": "#0"}
			}
		},
		{
			"from": [10, 0.49, 3],
			"to": [13, 4.44, 4.5],
			"rotation": {"angle": -22.5, "axis": "y", "origin": [13, 3, 3]},
			"faces": {
				"north": {"uv": [4.125, 13.625, 4.5, 14.125], "texture": "#0"},
				"east": {"uv": [4.5, 13.6875, 4.6875, 14.18125], "texture": "#0"},
				"south": {"uv": [4.125, 13.625, 4.5, 14.125], "texture": "#0"},
				"west": {"uv": [4.5, 13.6875, 4.6875, 14.18125], "texture": "#0"},
				"up": {"uv": [4.25, 14.1875, 4.625, 14.375], "texture": "#0"},
				"down": {"uv": [4.25, 14.375, 4.625, 14.5625], "texture": "#0"}
			}
		},
		{
			"from": [6.5, 4.8, 11],
			"to": [9.5, 9.8, 13],
			"rotation": {"angle": 0, "axis": "y", "origin": [6.5, 6.8, 11]},
			"faces": {
				"north": {"uv": [5.875, 11.375, 6.25, 12], "texture": "#0"},
				"east": {"uv": [6.5, 11.375, 6.25, 12], "texture": "#0"},
				"south": {"uv": [5.875, 11.375, 6.25, 12], "texture": "#0"},
				"west": {"uv": [6.25, 11.375, 6.5, 12], "texture": "#0"},
				"up": {"uv": [5.5, 11.375, 5.875, 11.625], "texture": "#0"},
				"down": {"uv": [6.125, 14.125, 6.5, 14.375], "texture": "#0"}
			}
		},
		{
			"from": [0.49916, -1.5, 7.34367],
			"to": [0.49916, 5.5, 12.84367],
			"rotation": {"angle": -45, "axis": "y", "origin": [-0.08899, 4.25, 10.79894]},
			"faces": {
				"north": {"uv": [0, 0, 0, 56], "texture": "#missing"},
				"east": {"uv": [5.5, 4, 0, 11], "texture": "#3"},
				"south": {"uv": [0, 0, 0, 56], "texture": "#missing"},
				"west": {"uv": [0, 4, 5.5, 11], "texture": "#3"},
				"up": {"uv": [0, 44, 0, 0], "texture": "#missing"},
				"down": {"uv": [0, 0, 0, 44], "texture": "#missing"}
			}
		},
		{
			"from": [-3.59397, 4.5, 8.65378],
			"to": [3.40603, 12.5, 8.65378],
			"rotation": {"angle": 22.5, "axis": "y", "origin": [-0.08899, 6.25, 9.79894]},
			"faces": {
				"north": {"uv": [7.5625, 1, 6.6875, 0], "texture": "#0"},
				"east": {"uv": [0, 0, 0, 11], "texture": "#missing"},
				"south": {"uv": [6.6875, 1, 7.5625, 0], "texture": "#0"},
				"west": {"uv": [0, 0, 0, 11], "texture": "#missing"},
				"up": {"uv": [0, 0, 0, 7], "rotation": 90, "texture": "#missing"},
				"down": {"uv": [0, 7, 0, 0], "rotation": 270, "texture": "#missing"}
			}
		},
		{
			"from": [0.09916, -2.5, 3.09367],
			"to": [0.09916, 16.5, 18.09367],
			"rotation": {"angle": -45, "axis": "y", "origin": [-0.08899, 6.25, 9.79894]},
			"faces": {
				"north": {"uv": [0, 0, 0, 11], "texture": "#missing"},
				"east": {"uv": [4.75, 2.125, 6.625, 0], "texture": "#0"},
				"south": {"uv": [0, 0, 0, 11], "texture": "#missing"},
				"west": {"uv": [6.625, 2.125, 4.75, 0], "texture": "#0"},
				"up": {"uv": [0, 0, 0, 7], "texture": "#missing"},
				"down": {"uv": [0, 7, 0, 0], "texture": "#missing"}
			}
		},
		{
			"from": [15.90084, -2.5, 3.09367],
			"to": [15.90084, 16.5, 18.09367],
			"rotation": {"angle": 45, "axis": "y", "origin": [16.08899, 6.25, 9.79894]},
			"faces": {
				"north": {"uv": [0, 0, 0, 11], "texture": "#missing"},
				"east": {"uv": [4.75, 2.125, 6.625, 0], "texture": "#0"},
				"south": {"uv": [0, 0, 0, 11], "texture": "#missing"},
				"west": {"uv": [6.625, 2.125, 4.75, 0], "texture": "#0"},
				"up": {"uv": [0, 0, 0, 7], "texture": "#missing"},
				"down": {"uv": [0, 7, 0, 0], "texture": "#missing"}
			}
		},
		{
			"from": [12.59397, 4.5, 8.65378],
			"to": [19.59397, 12.5, 8.65378],
			"rotation": {"angle": -22.5, "axis": "y", "origin": [16.08899, 6.25, 9.79894]},
			"faces": {
				"north": {"uv": [6.6875, 1, 7.5625, 0], "texture": "#0"},
				"east": {"uv": [0, 0, 0, 11], "texture": "#missing"},
				"south": {"uv": [7.5625, 1, 6.6875, 0], "texture": "#0"},
				"west": {"uv": [0, 0, 0, 11], "texture": "#missing"},
				"up": {"uv": [0, 7, 0, 0], "rotation": 90, "texture": "#missing"},
				"down": {"uv": [0, 0, 0, 7], "rotation": 270, "texture": "#missing"}
			}
		},
		{
			"from": [15.50084, -1.5, 7.34367],
			"to": [15.50084, 5.5, 12.84367],
			"rotation": {"angle": 45, "axis": "y", "origin": [16.08899, 4.25, 10.79894]},
			"faces": {
				"north": {"uv": [0, 0, 0, 56], "texture": "#missing"},
				"east": {"uv": [5.5, 4, 0, 11], "texture": "#3"},
				"south": {"uv": [0, 0, 0, 56], "texture": "#missing"},
				"west": {"uv": [0, 4, 5.5, 11], "texture": "#3"},
				"up": {"uv": [0, 44, 0, 0], "texture": "#missing"},
				"down": {"uv": [0, 0, 0, 44], "texture": "#missing"}
			}
		},
		{
			"from": [10, 11, 11.8],
			"to": [16, 23, 11.8],
			"rotation": {"angle": -22.5, "axis": "z", "origin": [5, 11, 6.3]},
			"faces": {
				"north": {"uv": [0, 0, 6, 12], "texture": "#2"},
				"east": {"uv": [0, 0, 0, 3], "texture": "#missing"},
				"south": {"uv": [6, 0, 0, 12], "texture": "#2"},
				"west": {"uv": [0, 0, 0, 3], "texture": "#missing"},
				"up": {"uv": [0, 0, 0, 1.5], "rotation": 90, "texture": "#missing"},
				"down": {"uv": [0, 1.5, 0, 0], "rotation": 270, "texture": "#missing"}
			}
		},
		{
			"from": [0, 12, 10.7],
			"to": [6, 24, 10.7],
			"rotation": {"angle": 22.5, "axis": "z", "origin": [11, 12, 16.2]},
			"faces": {
				"north": {"uv": [6, 0, 0, 12], "texture": "#2"},
				"east": {"uv": [0, 0, 0, 3], "texture": "#missing"},
				"south": {"uv": [0, 0, 6, 12], "texture": "#2"},
				"west": {"uv": [0, 0, 0, 3], "texture": "#missing"},
				"up": {"uv": [0, 1.5, 0, 0], "rotation": 90, "texture": "#missing"},
				"down": {"uv": [0, 0, 0, 1.5], "rotation": 270, "texture": "#missing"}
			}
		},
		{
			"from": [4, 10, 1.5],
			"to": [12, 18, 1.5],
			"rotation": {"angle": 22.5, "axis": "y", "origin": [8, 14, 1.5]},
			"faces": {
				"north": {"uv": [0, 0, 16, 16], "texture": "#1"},
				"east": {"uv": [0, 0, 0, 16], "texture": "#1"},
				"south": {"uv": [16, 0, 0, 16], "texture": "#1"},
				"west": {"uv": [0, 0, 0, 16], "texture": "#1"},
				"up": {"uv": [0, 16, 0, 0], "rotation": 90, "texture": "#1"},
				"down": {"uv": [0, 0, 0, 16], "rotation": 270, "texture": "#1"}
			}
		},
		{
			"from": [4, 10, 1.5],
			"to": [12, 18, 1.5],
			"rotation": {"angle": -22.5, "axis": "y", "origin": [8, 14, 1.5]},
			"faces": {
				"north": {"uv": [0, 0, 16, 16], "texture": "#1"},
				"east": {"uv": [0, 0, 0, 16], "texture": "#1"},
				"south": {"uv": [16, 0, 0, 16], "texture": "#1"},
				"west": {"uv": [0, 0, 0, 16], "texture": "#1"},
				"up": {"uv": [0, 16, 0, 0], "rotation": 90, "texture": "#1"},
				"down": {"uv": [0, 0, 0, 16], "rotation": 270, "texture": "#1"}
			}
		}
	],
	"gui_light": "front",
	"display": {
		"thirdperson_righthand": {
			"rotation": [75, 45, 0],
			"translation": [0, 2.5, 0.75],
			"scale": [0.35742, 0.35742, 0.35742]
		},
		"thirdperson_lefthand": {
			"rotation": [75, 45, 0],
			"translation": [0, 2.5, 0.75],
			"scale": [0.35742, 0.35742, 0.35742]
		},
		"firstperson_righthand": {
			"rotation": [0, 45, 0],
			"translation": [3.5, 4.25, -0.25],
			"scale": [0.44492, 0.44492, 0.44492]
		},
		"firstperson_lefthand": {
			"rotation": [0, 45, 0],
			"translation": [3.5, 4.25, -0.25],
			"scale": [0.44492, 0.44492, 0.44492]
		},
		"ground": {
			"translation": [0, 9, 1],
			"scale": [0.75, 0.75, 0.75]
		},
		"gui": {
			"rotation": [14, 166, 0],
			"translation": [-0.25, 0.25, -1.5],
			"scale": [0.67188, 0.67188, 0.67188]
		},
		"head": {
			"translation": [0, 4.5, 1.25],
			"scale": [1.5, 1.5, 1.5]
		},
		"fixed": {
			"rotation": [-90, 0, 0],
			"translation": [0, 3, -14.5],
			"scale": [2.1, 2.1, 2.1]
		}
	}
}