{
	"format_version": "1.21.6",
	"credit": "Made with Blockbench",
	"texture_size": [128, 128],
	"textures": {
		"0": "skins:item/molten_magma/fire_texture",
		"1": "skins:item/molten_magma/fire_animation_1",
		"particle": "skins:item/molten_magma/fire_texture"
	},
	"elements": [
		{
			"from": [7.75, 8, 15],
			"to": [8.25, 25.5, 15.5],
			"rotation": {"angle": 0, "axis": "y", "origin": [8, 24.75, 15.25]},
			"faces": {
				"north": {"uv": [5.9375, 4.625, 6, 6.8125], "texture": "#0"},
				"east": {"uv": [5.9375, 4.625, 6, 6.8125], "texture": "#0"},
				"south": {"uv": [5.9375, 4.625, 6, 6.8125], "texture": "#0"},
				"west": {"uv": [5.9375, 4.625, 6, 6.8125], "texture": "#0"},
				"up": {"uv": [5.9375, 4.625, 6, 4.6875], "texture": "#0"},
				"down": {"uv": [5.9375, 4.625, 6, 4.6875], "texture": "#0"}
			}
		},
		{
			"from": [7.75, -9.5, 15],
			"to": [8.25, 8, 15.5],
			"rotation": {"angle": 0, "axis": "y", "origin": [8, -8.75, 15.25]},
			"faces": {
				"north": {"uv": [5.9375, 6.8125, 6, 4.625], "texture": "#0"},
				"east": {"uv": [5.9375, 6.8125, 6, 4.625], "texture": "#0"},
				"south": {"uv": [5.9375, 6.8125, 6, 4.625], "texture": "#0"},
				"west": {"uv": [5.9375, 6.8125, 6, 4.625], "texture": "#0"},
				"up": {"uv": [5.9375, 4.6875, 6, 4.625], "texture": "#0"},
				"down": {"uv": [5.9375, 4.6875, 6, 4.625], "texture": "#0"}
			}
		},
		{
			"from": [7, 16, 8.2],
			"to": [9, 23, 10.2],
			"rotation": {"angle": 45, "axis": "x", "origin": [0, 17, 17.5]},
			"faces": {
				"north": {"uv": [5.25, 12.5, 5.5, 11.625], "texture": "#0"},
				"east": {"uv": [5.75, 12.5, 5.5, 11.625], "texture": "#0"},
				"south": {"uv": [5, 12.5, 5.25, 11.625], "texture": "#0"},
				"west": {"uv": [5.5, 12.5, 5.75, 11.625], "texture": "#0"},
				"up": {"uv": [5, 11.875, 5.25, 11.625], "texture": "#0"},
				"down": {"uv": [5, 11.875, 5.25, 11.625], "texture": "#0"}
			}
		},
		{
			"from": [6.5, 25.2, 19.5],
			"to": [9.5, 30.7, 22],
			"rotation": {"angle": -22.5, "axis": "x", "origin": [0, 14.9, 17.5]},
			"faces": {
				"north": {"uv": [5.75, 10.5625, 5.0625, 10.9375], "rotation": 270, "texture": "#0"},
				"east": {"uv": [5.75, 11.625, 5.0625, 11.3125], "rotation": 270, "texture": "#0"},
				"south": {"uv": [5.75, 10.9375, 5.0625, 11.3125], "rotation": 270, "texture": "#0"},
				"west": {"uv": [5.75, 11.3125, 5.0625, 11.625], "rotation": 270, "texture": "#0"},
				"up": {"uv": [5.5, 10, 5.1875, 10.375], "rotation": 270, "texture": "#0"},
				"down": {"uv": [5.1875, 10, 4.875, 10.375], "rotation": 270, "texture": "#0"}
			}
		},
		{
			"from": [6, 12.03417, 8.76583],
			"to": [10, 22.03417, 12.26583],
			"rotation": {"angle": 22.5, "axis": "x", "origin": [7.8, 22.06168, 12.28682]},
			"faces": {
				"north": {"uv": [9.25, 12.25, 8, 12.75], "rotation": 90, "texture": "#0"},
				"east": {"uv": [9.25, 13.1875, 8, 12.75], "rotation": 90, "texture": "#0"},
				"south": {"uv": [9.25, 11.75, 8, 12.25], "rotation": 90, "texture": "#0"},
				"west": {"uv": [9.25, 12.75, 8, 13.1875], "rotation": 90, "texture": "#0"},
				"up": {"uv": [8.4375, 11.125, 8, 11.625], "rotation": 90, "texture": "#0"},
				"down": {"uv": [8, 11.125, 8.4375, 11.625], "rotation": 90, "texture": "#0"}
			}
		},
		{
			"from": [6, -6.03417, 8.76583],
			"to": [10, 3.96583, 12.26583],
			"rotation": {"angle": -22.5, "axis": "x", "origin": [7.8, -6.06168, 12.28682]},
			"faces": {
				"north": {"uv": [8, 12.25, 9.25, 12.75], "rotation": 90, "texture": "#0"},
				"east": {"uv": [8, 12.75, 9.25, 13.1875], "rotation": 90, "texture": "#0"},
				"south": {"uv": [8, 11.75, 9.25, 12.25], "rotation": 90, "texture": "#0"},
				"west": {"uv": [8, 12.75, 9.25, 13.1875], "rotation": 90, "texture": "#0"},
				"up": {"uv": [8, 11.125, 8.4375, 11.625], "rotation": 90, "texture": "#0"},
				"down": {"uv": [8, 11.125, 8.4375, 11.625], "rotation": 90, "texture": "#0"}
			}
		},
		{
			"from": [7, -7, 8.2],
			"to": [9, 0, 10.2],
			"rotation": {"angle": -45, "axis": "x", "origin": [0, -1, 17.5]},
			"faces": {
				"north": {"uv": [5.25, 11.625, 5.5, 12.5], "texture": "#0"},
				"east": {"uv": [5.5, 11.625, 5.75, 12.5], "texture": "#0"},
				"south": {"uv": [5, 11.625, 5.25, 12.5], "texture": "#0"},
				"west": {"uv": [5.5, 11.625, 5.75, 12.5], "texture": "#0"},
				"up": {"uv": [5, 11.625, 5.25, 11.875], "texture": "#0"},
				"down": {"uv": [5, 11.625, 5.25, 11.875], "texture": "#0"}
			}
		},
		{
			"from": [6.5, -14.7, 19.5],
			"to": [9.5, -9.2, 22],
			"rotation": {"angle": 22.5, "axis": "x", "origin": [0, 1.1, 17.5]},
			"faces": {
				"north": {"uv": [5.0625, 10.5625, 5.75, 10.9375], "rotation": 270, "texture": "#0"},
				"east": {"uv": [5.0625, 11.3125, 5.75, 11.625], "rotation": 270, "texture": "#0"},
				"south": {"uv": [5.0625, 10.9375, 5.75, 11.3125], "rotation": 270, "texture": "#0"},
				"west": {"uv": [5.0625, 11.3125, 5.75, 11.625], "rotation": 270, "texture": "#0"},
				"up": {"uv": [4.875, 10, 5.1875, 10.375], "rotation": 270, "texture": "#0"},
				"down": {"uv": [5.1875, 10, 5.5, 10.375], "rotation": 270, "texture": "#0"}
			}
		},
		{
			"from": [6.5, 12, 7],
			"to": [9.5, 14, 10],
			"rotation": {"angle": -45, "axis": "y", "origin": [8, 12.75, 8.5]},
			"faces": {
				"north": {"uv": [5.8125, 9.9375, 5.5625, 9.5625], "rotation": 270, "texture": "#0"},
				"east": {"uv": [5.8125, 9.9375, 5.5625, 10.3125], "rotation": 270, "texture": "#0"},
				"south": {"uv": [5.8125, 9.9375, 5.5625, 10.3125], "rotation": 270, "texture": "#0"},
				"west": {"uv": [5.8125, 9.5625, 5.5625, 9.9375], "rotation": 270, "texture": "#0"},
				"up": {"uv": [6.125, 10.3125, 5.75, 10.6875], "rotation": 270, "texture": "#0"},
				"down": {"uv": [6.125, 10.3125, 5.75, 10.6875], "rotation": 270, "texture": "#0"}
			}
		},
		{
			"from": [6.5, 2, 7],
			"to": [9.5, 4, 10],
			"rotation": {"angle": -45, "axis": "y", "origin": [8, 3.25, 8.5]},
			"faces": {
				"north": {"uv": [5.5625, 9.9375, 5.8125, 9.5625], "rotation": 270, "texture": "#0"},
				"east": {"uv": [5.5625, 9.9375, 5.8125, 10.3125], "rotation": 270, "texture": "#0"},
				"south": {"uv": [5.5625, 9.9375, 5.8125, 10.3125], "rotation": 270, "texture": "#0"},
				"west": {"uv": [5.5625, 9.5625, 5.8125, 9.9375], "rotation": 270, "texture": "#0"},
				"up": {"uv": [5.75, 10.3125, 6.125, 10.6875], "rotation": 270, "texture": "#0"},
				"down": {"uv": [5.75, 10.3125, 6.125, 10.6875], "rotation": 270, "texture": "#0"}
			}
		},
		{
			"from": [7, 3.5, 7.5],
			"to": [9, 12.5, 9.5],
			"rotation": {"angle": -45, "axis": "y", "origin": [8, 7.5, 8.5]},
			"faces": {
				"north": {"uv": [5.9375, 9.1875, 6.1875, 10.3125], "texture": "#0"},
				"east": {"uv": [6.4375, 9.1875, 6.1875, 10.3125], "texture": "#0"},
				"south": {"uv": [6.1875, 9.1875, 6.4375, 10.3125], "texture": "#0"},
				"west": {"uv": [5.9375, 9.1875, 6.1875, 10.3125], "texture": "#0"},
				"up": {"uv": [5.9375, 9.1875, 6.1875, 10.3125], "texture": "#0"},
				"down": {"uv": [5.9375, 9.1875, 6.1875, 10.3125], "texture": "#0"}
			}
		},
		{
			"from": [6.25, 15.61036, 4.11036],
			"to": [8.75, 18.61036, 9.61036],
			"rotation": {"angle": 45, "axis": "x", "origin": [7.2, 17.11036, 7]},
			"faces": {
				"north": {"uv": [3.0625, 1.0625, 3.375, 1.4375], "rotation": 180, "texture": "#0"},
				"east": {"uv": [3, 1.5, 2.625, 2.1875], "rotation": 90, "texture": "#0"},
				"south": {"uv": [3.0625, 1.0625, 3.375, 1.4375], "texture": "#0"},
				"west": {"uv": [2.625, 1.5, 3, 2.1875], "rotation": 270, "texture": "#0"},
				"up": {"uv": [3, 1.5, 3.3125, 2.1875], "texture": "#0"},
				"down": {"uv": [3, 1.5, 3.3125, 2.1875], "rotation": 180, "texture": "#0"}
			}
		},
		{
			"from": [6.26, 18.08293, 3.92742],
			"to": [8.74, 20.18293, 6.02742],
			"rotation": {"angle": 0, "axis": "y", "origin": [7.2, 17.11036, 7]},
			"faces": {
				"north": {"uv": [2.9375, 2.3125, 3.2475, 2.5625], "rotation": 180, "texture": "#0"},
				"east": {"uv": [2.875, 2.3125, 2.625, 2.5625], "rotation": 180, "texture": "#0"},
				"south": {"uv": [2.9375, 2.3125, 3.2475, 2.5625], "rotation": 180, "texture": "#0"},
				"west": {"uv": [2.625, 2.3125, 2.875, 2.5625], "rotation": 180, "texture": "#0"},
				"up": {"uv": [3.25, 2.3125, 3.56, 2.5625], "rotation": 180, "texture": "#0"},
				"down": {"uv": [3.25, 2.3125, 3.56, 2.5625], "rotation": 180, "texture": "#0"}
			}
		},
		{
			"from": [7.26, 12.03778, 3.92743],
			"to": [9.74, 14.13778, 6.02743],
			"rotation": {"angle": 22.5, "axis": "x", "origin": [8.2, 15.11036, 7]},
			"faces": {
				"north": {"uv": [3.25, 2.3125, 3.56, 2.5625], "texture": "#0"},
				"east": {"uv": [2.875, 2.3125, 2.625, 2.5625], "rotation": 270, "texture": "#0"},
				"south": {"uv": [3.25, 2.3125, 3.56, 2.5625], "rotation": 180, "texture": "#0"},
				"west": {"uv": [2.625, 2.3125, 2.875, 2.5625], "rotation": 90, "texture": "#0"},
				"up": {"uv": [2.9375, 2.3125, 3.2475, 2.5625], "rotation": 180, "texture": "#0"},
				"down": {"uv": [2.9375, 2.3125, 3.2475, 2.5625], "texture": "#0"}
			}
		},
		{
			"from": [7.25, 13.61036, 4.11036],
			"to": [9.75, 16.61036, 7.61036],
			"rotation": {"angle": -22.5, "axis": "x", "origin": [8.2, 15.11036, 7]},
			"faces": {
				"north": {"uv": [3.0625, 1.0625, 3.375, 1.4375], "rotation": 180, "texture": "#0"},
				"east": {"uv": [3, 1.5, 2.625, 1.9375], "rotation": 90, "texture": "#0"},
				"south": {"uv": [3.0625, 1.0625, 3.375, 1.4375], "texture": "#0"},
				"west": {"uv": [2.625, 1.5, 3, 1.9375], "rotation": 270, "texture": "#0"},
				"up": {"uv": [3, 1.5, 3.3125, 1.9375], "texture": "#0"},
				"down": {"uv": [3, 1.5, 3.3125, 1.9375], "rotation": 180, "texture": "#0"}
			}
		},
		{
			"from": [6.76, 20.08293, 11.97258],
			"to": [9.24, 22.18293, 14.07258],
			"rotation": {"angle": 0, "axis": "y", "origin": [7.7, 19.11036, 11]},
			"faces": {
				"north": {"uv": [3.2475, 2.3125, 2.9375, 2.5625], "rotation": 180, "texture": "#0"},
				"east": {"uv": [2.625, 2.3125, 2.875, 2.5625], "rotation": 180, "texture": "#0"},
				"south": {"uv": [3.2475, 2.3125, 2.9375, 2.5625], "rotation": 180, "texture": "#0"},
				"west": {"uv": [2.875, 2.3125, 2.625, 2.5625], "rotation": 180, "texture": "#0"},
				"up": {"uv": [3.25, 2.5625, 3.56, 2.3125], "rotation": 180, "texture": "#0"},
				"down": {"uv": [3.25, 2.5625, 3.56, 2.3125], "rotation": 180, "texture": "#0"}
			}
		},
		{
			"from": [6.75, 15.5, 9.5],
			"to": [9.25, 22, 12.5],
			"rotation": {"angle": 45, "axis": "x", "origin": [7.7, 19.11036, 11]},
			"faces": {
				"north": {"uv": [3.3125, 1.5, 3, 2.3125], "texture": "#0"},
				"east": {"uv": [2.625, 1.5, 3, 2.3125], "texture": "#0"},
				"south": {"uv": [3.3125, 1.5, 3, 2.3125], "texture": "#0"},
				"west": {"uv": [3, 1.5, 2.625, 2.3125], "texture": "#0"},
				"up": {"uv": [3.0625, 1.4375, 3.375, 1.0625], "texture": "#0"},
				"down": {"uv": [3.0625, 1.4375, 3.375, 1.0625], "texture": "#0"}
			}
		},
		{
			"from": [6.26, 16.71421, 11.66421],
			"to": [9.74, 19.21421, 14.16421],
			"rotation": {"angle": 22.5, "axis": "x", "origin": [8, 16.55, 11.5]},
			"faces": {
				"north": {"uv": [3.0625, 0.3125, 3.5, 0], "texture": "#0"},
				"east": {"uv": [2.3125, 1.0625, 2, 0.75], "texture": "#0"},
				"south": {"uv": [3.0625, 0.3125, 3.5, 0], "texture": "#0"},
				"west": {"uv": [2, 1.0625, 2.3125, 0.75], "texture": "#0"},
				"up": {"uv": [2, 2.1875, 1.5625, 2.5], "texture": "#0"},
				"down": {"uv": [3.5, 0, 3.0625, 0.3125], "texture": "#0"}
			}
		},
		{
			"from": [6.25, 14.8, 7.5],
			"to": [9.75, 18.3, 13.5],
			"rotation": {"angle": -22.5, "axis": "x", "origin": [8, 16.55, 11.5]},
			"faces": {
				"north": {"uv": [1.5625, 1.1875, 2, 0.75], "texture": "#0"},
				"east": {"uv": [1.9375, 2.9375, 1.1875, 2.5], "texture": "#0"},
				"south": {"uv": [1.5625, 1.1875, 2, 0.75], "texture": "#0"},
				"west": {"uv": [1.125, 2.9375, 1.875, 2.5], "texture": "#0"},
				"up": {"uv": [2, 1.1875, 1.5625, 1.9375], "texture": "#0"},
				"down": {"uv": [3.0625, 0.125, 2.625, 0.875], "texture": "#0"}
			}
		},
		{
			"from": [6.75, -6, 9.5],
			"to": [9.25, 0.5, 12.5],
			"rotation": {"angle": -45, "axis": "x", "origin": [7.7, -3.11036, 11]},
			"faces": {
				"north": {"uv": [3.3125, 2.3125, 3, 1.5], "texture": "#0"},
				"east": {"uv": [2.625, 2.3125, 3, 1.5], "texture": "#0"},
				"south": {"uv": [3.3125, 2.3125, 3, 1.5], "texture": "#0"},
				"west": {"uv": [3, 2.3125, 2.625, 1.5], "texture": "#0"},
				"up": {"uv": [3.0625, 1.0625, 3.375, 1.4375], "texture": "#0"},
				"down": {"uv": [3.0625, 1.0625, 3.375, 1.4375], "texture": "#0"}
			}
		},
		{
			"from": [6.76, -6.18293, 11.97258],
			"to": [9.24, -4.08293, 14.07258],
			"rotation": {"angle": 0, "axis": "y", "origin": [7.7, -3.11036, 11]},
			"faces": {
				"north": {"uv": [3.2475, 2.5625, 2.9375, 2.3125], "rotation": 180, "texture": "#0"},
				"east": {"uv": [2.625, 2.5625, 2.875, 2.3125], "rotation": 180, "texture": "#0"},
				"south": {"uv": [3.2475, 2.5625, 2.9375, 2.3125], "rotation": 180, "texture": "#0"},
				"west": {"uv": [2.875, 2.5625, 2.625, 2.3125], "rotation": 180, "texture": "#0"},
				"up": {"uv": [3.25, 2.3125, 3.56, 2.5625], "rotation": 180, "texture": "#0"},
				"down": {"uv": [3.25, 2.3125, 3.56, 2.5625], "rotation": 180, "texture": "#0"}
			}
		},
		{
			"from": [6.26, -3.21421, 11.66421],
			"to": [9.74, -0.71421, 14.16421],
			"rotation": {"angle": -22.5, "axis": "x", "origin": [8, -0.55, 11.5]},
			"faces": {
				"north": {"uv": [3.0625, 0, 3.5, 0.3125], "texture": "#0"},
				"east": {"uv": [2.3125, 0.75, 2, 1.0625], "texture": "#0"},
				"south": {"uv": [3.0625, 0, 3.5, 0.3125], "texture": "#0"},
				"west": {"uv": [2, 0.75, 2.3125, 1.0625], "texture": "#0"},
				"up": {"uv": [3.5, 0.3125, 3.0625, 0], "texture": "#0"},
				"down": {"uv": [2, 2.5, 1.5625, 2.1875], "texture": "#0"}
			}
		},
		{
			"from": [6.25, -2.3, 7.5],
			"to": [9.75, 1.2, 13.5],
			"rotation": {"angle": 22.5, "axis": "x", "origin": [8, -0.55, 11.5]},
			"faces": {
				"north": {"uv": [1.5625, 0.75, 2, 1.1875], "texture": "#0"},
				"east": {"uv": [1.9375, 2.5, 1.1875, 2.9375], "texture": "#0"},
				"south": {"uv": [1.5625, 0.75, 2, 1.1875], "texture": "#0"},
				"west": {"uv": [1.125, 2.5, 1.875, 2.9375], "texture": "#0"},
				"up": {"uv": [3.0625, 0.875, 2.625, 0.125], "texture": "#0"},
				"down": {"uv": [2, 1.9375, 1.5625, 1.1875], "texture": "#0"}
			}
		},
		{
			"from": [7.9, 17.5, 7.7],
			"to": [7.9, 32, 17.7],
			"rotation": {"angle": 22.5, "axis": "x", "origin": [7.9, 28.5, 12.7]},
			"faces": {
				"north": {"uv": [0, 0, 0, 1.5], "texture": "#missing"},
				"east": {"uv": [13, 1.5, 3, 16], "texture": "#1"},
				"south": {"uv": [0, 0, 0, 1.5], "texture": "#missing"},
				"west": {"uv": [3, 1.5, 13, 16], "texture": "#1"},
				"up": {"uv": [0, 1.5, 0, 0], "texture": "#missing"},
				"down": {"uv": [0, 0, 0, 1.5], "texture": "#missing"}
			}
		},
		{
			"from": [8, 5.5, -13.3],
			"to": [8, 19, -4.3],
			"rotation": {"angle": 22.5, "axis": "x", "origin": [7.9, 16.5, -9.3]},
			"faces": {
				"north": {"uv": [0, 0, 0, 1.5], "texture": "#missing"},
				"east": {"uv": [13, 1.5, 3, 16], "texture": "#1"},
				"south": {"uv": [0, 0, 0, 1.5], "texture": "#missing"},
				"west": {"uv": [3, 1.5, 13, 16], "texture": "#1"},
				"up": {"uv": [0, 1.5, 0, 0], "texture": "#missing"},
				"down": {"uv": [0, 0, 0, 1.5], "texture": "#missing"}
			}
		},
		{
			"from": [8, 3, -15],
			"to": [8, 13, 15.5],
			"rotation": {"angle": 22.5, "axis": "z", "origin": [8, 8, 0.25]},
			"faces": {
				"north": {"uv": [0, 6.25, 0.0625, 8.4375], "rotation": 90, "texture": "#missing"},
				"east": {"uv": [13.625, 0, 14.875, 3.8125], "rotation": 270, "texture": "#0"},
				"south": {"uv": [0, 6.25, 0.0625, 8.4375], "rotation": 270, "texture": "#missing"},
				"west": {"uv": [13.625, 3.8125, 14.875, 0], "rotation": 270, "texture": "#0"},
				"up": {"uv": [0, 6.25, 0.0625, 8.4375], "rotation": 270, "texture": "#missing"},
				"down": {"uv": [0, 6.25, 0.0625, 8.4375], "rotation": 270, "texture": "#missing"}
			}
		},
		{
			"from": [8, 3, -15],
			"to": [8, 13, 15.5],
			"rotation": {"angle": -22.5, "axis": "z", "origin": [8, 8, 0.25]},
			"faces": {
				"north": {"uv": [0, 6.25, 0.0625, 8.4375], "rotation": 90, "texture": "#missing"},
				"east": {"uv": [13.625, 0, 14.875, 3.8125], "rotation": 270, "texture": "#0"},
				"south": {"uv": [0, 6.25, 0.0625, 8.4375], "rotation": 270, "texture": "#missing"},
				"west": {"uv": [13.625, 3.8125, 14.875, 0], "rotation": 270, "texture": "#0"},
				"up": {"uv": [0, 6.25, 0.0625, 8.4375], "rotation": 270, "texture": "#missing"},
				"down": {"uv": [0, 6.25, 0.0625, 8.4375], "rotation": 270, "texture": "#missing"}
			}
		}
	],
	"gui_light": "front",
	"display": {
		"thirdperson_righthand": {
			"rotation": [0, -3, 0],
			"translation": [0, -2, 1],
			"scale": [0.6, 0.6, 0.6]
		},
		"thirdperson_lefthand": {
			"rotation": [0, -3, 0],
			"translation": [0, -2, 1],
			"scale": [0.6, 0.6, 0.6]
		},
		"firstperson_righthand": {
			"rotation": [16, -9.23, -9],
			"translation": [9, 8.5, -5.75],
			"scale": [0.52, 0.52, 0.52]
		},
		"firstperson_lefthand": {
			"rotation": [16, -9.23, -9],
			"translation": [9, 8.5, -5.75],
			"scale": [0.52, 0.52, 0.52]
		},
		"ground": {
			"rotation": [0, 0, 90],
			"translation": [-0.25, 9, -3.25],
			"scale": [0.6, 0.6, 0.6]
		},
		"gui": {
			"rotation": [-57, 135, 71],
			"translation": [-2, 1.5, -1.5],
			"scale": [0.4375, 0.4375, 0.4375]
		},
		"head": {
			"scale": [0, 0, 0]
		},
		"fixed": {
			"rotation": [-90, -90, -90],
			"translation": [4.25, 0, -3],
			"scale": [1.4, 1.4, 1.4]
		}
	}
}