{
	"format_version": "1.21.6",
	"credit": "Made with Blockbench",
	"texture_size": [128, 128],
	"textures": {
		"0": "skins:item/molten_magma/fire_texture",
		"particle": "skins:item/molten_magma/fire_texture"
	},
	"elements": [
		{
			"from": [7, -13, 7],
			"to": [9, -4.5, 9],
			"rotation": {"angle": 45, "axis": "y", "origin": [8, -9.5, 8]},
			"faces": {
				"north": {"uv": [4.125, 0, 4.375, 1.0625], "texture": "#0"},
				"east": {"uv": [4.375, 0, 4.125, 1.0625], "texture": "#0"},
				"south": {"uv": [4.375, 1.0625, 4.125, 2.125], "texture": "#0"},
				"west": {"uv": [4.125, 1.0625, 4.375, 2.125], "texture": "#0"},
				"up": {"uv": [4.125, 1.0625, 4.375, 1.3125], "texture": "#0"},
				"down": {"uv": [4.125, 1.0625, 4.375, 1.3125], "texture": "#0"}
			}
		},
		{
			"from": [6.75, -4.5, 6.75],
			"to": [9.25, -2.5, 9.25],
			"rotation": {"angle": 45, "axis": "y", "origin": [8, -7.5, 8]},
			"faces": {
				"north": {"uv": [3.875, 2.3125, 3.5625, 2.0625], "texture": "#0"},
				"east": {"uv": [3.5625, 2.3125, 3.875, 2.0625], "texture": "#0"},
				"south": {"uv": [3.875, 2.3125, 3.5625, 2.0625], "texture": "#0"},
				"west": {"uv": [3.5625, 2.3125, 3.875, 2.0625], "texture": "#0"},
				"up": {"uv": [4.375, 2.625, 4.0625, 2.375], "texture": "#0"},
				"down": {"uv": [4.375, 2.625, 4.0625, 2.375], "texture": "#0"}
			}
		},
		{
			"from": [6.75, -12.08922, -7.30421],
			"to": [9.25, -8.58922, -3.80421],
			"rotation": {"angle": -45, "axis": "x", "origin": [8, 3.21499, 8]},
			"faces": {
				"north": {"uv": [2.3125, 2.1875, 2, 1.75], "texture": "#0"},
				"east": {"uv": [3.5, 0.3125, 3.0625, 0.75], "texture": "#0"},
				"south": {"uv": [2.3125, 1.75, 2, 1.3125], "texture": "#0"},
				"west": {"uv": [3.0625, 0.3125, 3.5, 0.75], "texture": "#0"},
				"up": {"uv": [2.3125, 1.3125, 2, 1.75], "texture": "#0"},
				"down": {"uv": [2.3125, 2.1875, 2, 1.75], "texture": "#0"}
			}
		},
		{
			"from": [6.25, -11.28922, -6.80421],
			"to": [9.75, -9.28922, -4.80421],
			"rotation": {"angle": -45, "axis": "x", "origin": [8.5, 3.51499, 8]},
			"faces": {
				"north": {"uv": [3.0625, 1.25, 2.625, 1.5], "texture": "#0"},
				"east": {"uv": [2.25, 1.0625, 2, 1.3125], "texture": "#0"},
				"south": {"uv": [2.625, 1, 3.0625, 1.25], "texture": "#0"},
				"west": {"uv": [2, 1.0625, 2.25, 1.3125], "texture": "#0"},
				"up": {"uv": [2.625, 1.25, 3.0625, 1], "texture": "#0"},
				"down": {"uv": [3.0625, 1.25, 2.625, 1.5], "texture": "#0"}
			}
		},
		{
			"from": [10.25, -8.08922, -6.80421],
			"to": [5.75, -10.58922, -9.30421],
			"rotation": {"angle": -45, "axis": "x", "origin": [16.6, 6.71499, 8]},
			"faces": {
				"north": {"uv": [16, 0, 15.4375, 0.3125], "texture": "#0"},
				"east": {"uv": [15.875, 0, 15.5625, 0.3125], "texture": "#0"},
				"south": {"uv": [16, 0, 15.4375, 0.3125], "texture": "#0"},
				"west": {"uv": [15.875, 0, 15.5625, 0.3125], "texture": "#0"},
				"up": {"uv": [16, 0, 15.4375, 0.3125], "texture": "#0"},
				"down": {"uv": [16, 0, 15.4375, 0.3125], "texture": "#0"}
			}
		},
		{
			"from": [6.75, -10.08922, -7.30421],
			"to": [9.25, -10.08922, -7.30421],
			"rotation": {"angle": -45, "axis": "x", "origin": [8, 1.71499, 8]},
			"color": 6,
			"faces": {
				"north": {"uv": [0.50781, 0.29688, 0.46875, 0.33594], "texture": "#missing"},
				"east": {"uv": [0.46875, 0.25781, 0.50781, 0.29688], "texture": "#missing"},
				"south": {"uv": [0.50781, 0.375, 0.46875, 0.33594], "texture": "#missing"},
				"west": {"uv": [0.50781, 0.25781, 0.46875, 0.29688], "texture": "#missing"},
				"up": {"uv": [0.50781, 0.33594, 0.46875, 0.375], "texture": "#missing"},
				"down": {"uv": [0.50781, 0.29688, 0.46875, 0.33594], "texture": "#missing"}
			}
		},
		{
			"from": [6.75, -14.5, 6.75],
			"to": [9.25, -12, 9.25],
			"rotation": {"angle": 45, "axis": "y", "origin": [8, -17.5, 8]},
			"faces": {
				"north": {"uv": [1.9375, 2.8125, 2.25, 2.5], "texture": "#0"},
				"east": {"uv": [2.25, 2.8125, 1.9375, 2.5], "texture": "#0"},
				"south": {"uv": [1.9375, 2.8125, 2.25, 2.5], "texture": "#0"},
				"west": {"uv": [2.25, 2.8125, 1.9375, 2.5], "texture": "#0"},
				"up": {"uv": [4.0625, 2.625, 4.375, 2.3125], "texture": "#0"},
				"down": {"uv": [4.0625, 2.3125, 4.375, 2.625], "texture": "#0"}
			}
		},
		{
			"from": [6, -2.5, 5],
			"to": [10, 2.5, 10],
			"rotation": {"angle": -45, "axis": "x", "origin": [8.5, 0.5, 8]},
			"faces": {
				"north": {"uv": [0.9375, 2, 1.5625, 2.5], "rotation": 90, "texture": "#0"},
				"east": {"uv": [0.9375, 0.75, 1.5625, 1.375], "rotation": 90, "texture": "#0"},
				"south": {"uv": [1.5625, 1.9375, 0.9375, 1.4375], "rotation": 90, "texture": "#0"},
				"west": {"uv": [0.9375, 1.375, 1.5625, 0.75], "rotation": 90, "texture": "#0"},
				"up": {"uv": [0.9375, 1.9375, 1.5625, 1.4375], "rotation": 90, "texture": "#0"},
				"down": {"uv": [0.9375, 2, 1.5625, 2.5], "rotation": 90, "texture": "#0"}
			}
		},
		{
			"from": [5.25, -1.5, 6.75],
			"to": [10.75, 1, 9.25],
			"rotation": {"angle": 45, "axis": "x", "origin": [7.95, -0.25, 8]},
			"faces": {
				"north": {"uv": [4.0625, 2.625, 3.375, 2.9375], "texture": "#0"},
				"east": {"uv": [3.5625, 2.3125, 3.875, 2.625], "texture": "#0"},
				"south": {"uv": [3.375, 2.9375, 4.0625, 3.25], "texture": "#0"},
				"west": {"uv": [3.875, 2.3125, 3.5625, 2.625], "texture": "#0"},
				"up": {"uv": [3.375, 2.625, 4.0625, 2.9375], "texture": "#0"},
				"down": {"uv": [3.375, 3.25, 4.0625, 2.9375], "texture": "#0"}
			}
		},
		{
			"from": [5.5, -0.5, 6.75],
			"to": [10.5, 1.5, 8.75],
			"rotation": {"angle": 45, "axis": "x", "origin": [8.25, 0.25, 8]},
			"faces": {
				"north": {"uv": [0, 3.125, 0.625, 3.375], "texture": "#0"},
				"east": {"uv": [3.875, 2.0625, 4.125, 2.3125], "texture": "#0"},
				"south": {"uv": [0.625, 3.125, 1.25, 3.375], "texture": "#0"},
				"west": {"uv": [3.875, 2.0625, 4.125, 2.3125], "texture": "#0"},
				"up": {"uv": [0, 3.125, 0.625, 3.375], "texture": "#0"},
				"down": {"uv": [0.625, 3.125, 1.25, 3.375], "texture": "#0"}
			}
		},
		{
			"from": [6.25, -2.2, 2.5],
			"to": [9.75, 1.3, 10.5],
			"rotation": {"angle": 0, "axis": "y", "origin": [8, -0.45, 4.5]},
			"faces": {
				"north": {"uv": [2, 1.1875, 1.5625, 0.75], "texture": "#0"},
				"east": {"uv": [0.9375, 2.9375, 1.9375, 2.5], "texture": "#0"},
				"south": {"uv": [2, 1.1875, 1.5625, 0.75], "texture": "#0"},
				"west": {"uv": [1.9375, 2.9375, 0.9375, 2.5], "texture": "#0"},
				"up": {"uv": [2, 2.1875, 1.5625, 1.1875], "texture": "#0"},
				"down": {"uv": [3.0625, 1, 2.625, 0], "texture": "#0"}
			}
		},
		{
			"from": [8.5, 1.55076, 9.5],
			"to": [4.5, -1.44924, 6.5],
			"rotation": {"angle": -45, "axis": "x", "origin": [6.5, 0.05076, 8]},
			"faces": {
				"north": {"uv": [16, 0, 15.5, 0.375], "texture": "#0"},
				"east": {"uv": [15.875, 0, 15.5, 0.375], "texture": "#0"},
				"south": {"uv": [16, 0, 15.5, 0.375], "texture": "#0"},
				"west": {"uv": [15.875, 0, 15.5, 0.375], "texture": "#0"},
				"up": {"uv": [16, 0, 15.5, 0.375], "texture": "#0"},
				"down": {"uv": [16, 0, 15.5, 0.375], "texture": "#0"}
			}
		},
		{
			"from": [11.5, 1.55076, 9.5],
			"to": [7.5, -1.44924, 6.5],
			"rotation": {"angle": -45, "axis": "x", "origin": [9.5, 0.05076, 8]},
			"faces": {
				"north": {"uv": [15.5, 0, 16, 0.375], "texture": "#0"},
				"east": {"uv": [15.5, 0, 15.875, 0.375], "texture": "#0"},
				"south": {"uv": [15.5, 0, 16, 0.375], "texture": "#0"},
				"west": {"uv": [15.5, 0, 15.875, 0.375], "texture": "#0"},
				"up": {"uv": [15.5, 0, 16, 0.375], "texture": "#0"},
				"down": {"uv": [15.5, 0, 16, 0.375], "texture": "#0"}
			}
		},
		{
			"from": [7.9, -13, 1.6],
			"to": [7.9, -4, 7.1],
			"rotation": {"angle": 0, "axis": "y", "origin": [7.9, -12, 6.6]},
			"faces": {
				"north": {"uv": [0, 0, 0, 1], "texture": "#missing"},
				"east": {"uv": [5.5, 0, 6.1875, 1.125], "texture": "#0"},
				"south": {"uv": [0, 0, 0, 1], "texture": "#missing"},
				"west": {"uv": [6.1875, 0, 5.5, 1.125], "texture": "#0"},
				"up": {"uv": [0, 0.6875, 0, 0], "texture": "#missing"},
				"down": {"uv": [0, 0.6875, 0, 0], "texture": "#missing"}
			}
		},
		{
			"from": [8.1, -13, 1.6],
			"to": [8.1, -4, 7.1],
			"rotation": {"angle": 0, "axis": "y", "origin": [8.1, -12, 6.6]},
			"faces": {
				"north": {"uv": [0, 0, 0, 1], "texture": "#missing"},
				"east": {"uv": [5.5, 0, 6.1875, 1.125], "texture": "#0"},
				"south": {"uv": [0, 0, 0, 1], "texture": "#missing"},
				"west": {"uv": [6.1875, 0, 5.5, 1.125], "texture": "#0"},
				"up": {"uv": [0, 0.6875, 0, 0], "texture": "#missing"},
				"down": {"uv": [0, 0.6875, 0, 0], "texture": "#missing"}
			}
		},
		{
			"from": [6.3, 18.38451, 3.21668],
			"to": [9.8, 21.38451, 6.21668],
			"rotation": {"angle": 22.5, "axis": "x", "origin": [8.5, 19.38451, 5.21668]},
			"faces": {
				"north": {"uv": [4.8125, 6.1875, 5.25, 6.5625], "texture": "#0"},
				"east": {"uv": [5.25, 6.1875, 5.625, 6.5625], "texture": "#0"},
				"south": {"uv": [4.75, 7.625, 5.1875, 8], "texture": "#0"},
				"west": {"uv": [5.25, 6.1875, 5.625, 6.5625], "texture": "#0"},
				"up": {"uv": [5.1875, 7.625, 5.625, 8], "texture": "#0"},
				"down": {"uv": [4.75, 8, 5.1875, 8.375], "texture": "#0"}
			}
		},
		{
			"from": [6.8, 12.1, 6.45],
			"to": [9.2, 19.6, 8.95],
			"rotation": {"angle": -22.5, "axis": "x", "origin": [8, 13.25, 7]},
			"faces": {
				"north": {"uv": [5.625, 6.625, 5.9375, 7.5625], "texture": "#0"},
				"east": {"uv": [5.625, 4.75, 5.9375, 5.6875], "texture": "#0"},
				"south": {"uv": [5.625, 5.6875, 5.9375, 6.625], "texture": "#0"},
				"west": {"uv": [5.625, 4.75, 5.9375, 5.6875], "texture": "#0"},
				"up": {"uv": [4.75, 6.5625, 5.0625, 6.875], "texture": "#0"},
				"down": {"uv": [4.75, 6.5625, 5.0625, 6.875], "texture": "#0"}
			}
		},
		{
			"from": [6.76, 1.5, 6.75],
			"to": [9.26, 13, 9.25],
			"rotation": {"angle": 0, "axis": "y", "origin": [8, 8.25, 8]},
			"faces": {
				"north": {"uv": [5.3125, 4.75, 5, 6.1875], "texture": "#0"},
				"east": {"uv": [5, 4.75, 4.6875, 6.1875], "texture": "#0"},
				"south": {"uv": [5.625, 4.75, 5.3125, 6.1875], "texture": "#0"},
				"west": {"uv": [5, 4.75, 4.6875, 6.1875], "texture": "#0"},
				"up": {"uv": [3.625, 6.5625, 3.3125, 6.875], "texture": "#0"},
				"down": {"uv": [3.625, 6.5625, 3.3125, 6.875], "texture": "#0"}
			}
		},
		{
			"from": [6.76, 4.5, 4.45],
			"to": [9.76, 6, 7.45],
			"rotation": {"angle": 45, "axis": "y", "origin": [8, 5.25, 6.2]},
			"faces": {
				"north": {"uv": [3, 9.5625, 2.625, 9.75], "texture": "#0"},
				"east": {"uv": [3, 9.5625, 2.625, 9.75], "texture": "#0"},
				"south": {"uv": [3, 9.75, 2.625, 9.9375], "texture": "#0"},
				"west": {"uv": [3, 9.75, 2.625, 9.9375], "texture": "#0"},
				"up": {"uv": [3.75, 9.5625, 3.375, 9.9375], "texture": "#0"},
				"down": {"uv": [3.375, 9.5625, 3, 9.9375], "texture": "#0"}
			}
		},
		{
			"from": [6.76, 9.5, 4.45],
			"to": [9.76, 11, 7.45],
			"rotation": {"angle": 45, "axis": "y", "origin": [8, 10.25, 6.2]},
			"faces": {
				"north": {"uv": [3, 9.5625, 2.625, 9.75], "texture": "#0"},
				"east": {"uv": [3, 9.5625, 2.625, 9.75], "texture": "#0"},
				"south": {"uv": [3, 9.75, 2.625, 9.9375], "texture": "#0"},
				"west": {"uv": [3, 9.75, 2.625, 9.9375], "texture": "#0"},
				"up": {"uv": [3.75, 9.5625, 3.375, 9.9375], "texture": "#0"},
				"down": {"uv": [3.375, 9.5625, 3, 9.9375], "texture": "#0"}
			}
		},
		{
			"from": [6.76, 14.5, 3.45],
			"to": [9.76, 16, 6.45],
			"rotation": {"angle": 45, "axis": "y", "origin": [8, 15.25, 5.2]},
			"faces": {
				"north": {"uv": [3, 9.5625, 2.625, 9.75], "texture": "#0"},
				"east": {"uv": [2.625, 9.5625, 3, 9.75], "texture": "#0"},
				"south": {"uv": [2.625, 9.75, 3, 9.9375], "texture": "#0"},
				"west": {"uv": [3, 9.75, 2.625, 9.9375], "texture": "#0"},
				"up": {"uv": [3.75, 9.5625, 3.375, 9.9375], "texture": "#0"},
				"down": {"uv": [3.375, 9.5625, 3, 9.9375], "texture": "#0"}
			}
		},
		{
			"from": [5.5, -2, 0.99289],
			"to": [10.5, 1, 3.99289],
			"rotation": {"angle": -45, "axis": "x", "origin": [8.2, -0.5, 2.49289]},
			"faces": {
				"north": {"uv": [5.5625, 9.25, 5.9375, 8.625], "rotation": 90, "texture": "#0"},
				"east": {"uv": [5.1875, 8, 5.5625, 8.375], "rotation": 90, "texture": "#0"},
				"south": {"uv": [5.9375, 8.625, 5.5625, 8], "rotation": 90, "texture": "#0"},
				"west": {"uv": [5.1875, 8.375, 5.5625, 8], "rotation": 90, "texture": "#0"},
				"up": {"uv": [5.5625, 8.625, 5.9375, 8], "rotation": 90, "texture": "#0"},
				"down": {"uv": [5.5625, 9.25, 5.9375, 8.625], "rotation": 90, "texture": "#0"}
			}
		},
		{
			"from": [6.5, -4, -1.00711],
			"to": [9.5, 3, 5.99289],
			"rotation": {"angle": -45, "axis": "x", "origin": [7.8, -0.5, 2.49289]},
			"faces": {
				"north": {"uv": [3.75, 9.6875, 4.625, 9.3125], "rotation": 90, "texture": "#0"},
				"east": {"uv": [4.5, 8.4375, 5.375, 9.3125], "rotation": 90, "texture": "#0"},
				"south": {"uv": [3.75, 10.0625, 4.625, 9.6875], "rotation": 90, "texture": "#0"},
				"west": {"uv": [4.5, 9.3125, 5.375, 8.4375], "rotation": 90, "texture": "#0"},
				"up": {"uv": [4.625, 9.6875, 5.5, 9.3125], "rotation": 90, "texture": "#0"},
				"down": {"uv": [3.75, 9.6875, 4.625, 9.3125], "rotation": 90, "texture": "#0"}
			}
		},
		{
			"from": [7.76, 3.58293, 10.97258],
			"to": [10.24, 5.68293, 13.07258],
			"rotation": {"angle": 0, "axis": "y", "origin": [8.7, 2.61036, 10]},
			"faces": {
				"north": {"uv": [3.2475, 2.3125, 2.9375, 2.5625], "rotation": 180, "texture": "#0"},
				"east": {"uv": [2.625, 2.3125, 2.875, 2.5625], "rotation": 180, "texture": "#0"},
				"south": {"uv": [3.2475, 2.3125, 2.9375, 2.5625], "rotation": 180, "texture": "#0"},
				"west": {"uv": [2.875, 2.3125, 2.625, 2.5625], "rotation": 180, "texture": "#0"},
				"up": {"uv": [3.25, 2.5625, 3.56, 2.3125], "rotation": 180, "texture": "#0"},
				"down": {"uv": [3.25, 2.5625, 3.56, 2.3125], "rotation": 180, "texture": "#0"}
			}
		},
		{
			"from": [7.75, -1, 8.5],
			"to": [10.25, 5.5, 11.5],
			"rotation": {"angle": 45, "axis": "x", "origin": [8.7, 2.61036, 10]},
			"faces": {
				"north": {"uv": [4.375, 2.625, 4.0625, 3.4375], "texture": "#0"},
				"east": {"uv": [2.625, 1.5, 3, 2.3125], "texture": "#0"},
				"south": {"uv": [3.3125, 1.5, 3, 2.3125], "texture": "#0"},
				"west": {"uv": [3, 1.5, 2.625, 2.3125], "texture": "#0"},
				"up": {"uv": [3.0625, 1.4375, 3.375, 1.0625], "texture": "#0"},
				"down": {"uv": [3.0625, 1.4375, 3.375, 1.0625], "texture": "#0"}
			}
		},
		{
			"from": [6.26, 1.21421, 12.16421],
			"to": [9.74, 3.71421, 14.66421],
			"rotation": {"angle": 22.5, "axis": "x", "origin": [8, 1.05, 12]},
			"faces": {
				"north": {"uv": [3.0625, 0.3125, 3.5, 0], "texture": "#0"},
				"east": {"uv": [2.3125, 1.0625, 2, 0.75], "texture": "#0"},
				"south": {"uv": [3.0625, 0.3125, 3.5, 0], "texture": "#0"},
				"west": {"uv": [2, 1.0625, 2.3125, 0.75], "texture": "#0"},
				"up": {"uv": [2, 2.1875, 1.5625, 2.5], "texture": "#0"},
				"down": {"uv": [3.5, 0, 3.0625, 0.3125], "texture": "#0"}
			}
		},
		{
			"from": [6.25, -0.7, 6],
			"to": [9.75, 2.8, 14],
			"rotation": {"angle": -22.5, "axis": "x", "origin": [8, 1.05, 12]},
			"faces": {
				"north": {"uv": [1.5625, 1.1875, 2, 0.75], "texture": "#0"},
				"east": {"uv": [1.9375, 2.9375, 0.9375, 2.5], "texture": "#0"},
				"south": {"uv": [1.5625, 1.1875, 2, 0.75], "texture": "#0"},
				"west": {"uv": [0.9375, 2.9375, 1.9375, 2.5], "texture": "#0"},
				"up": {"uv": [2, 1.1875, 1.5625, 2.1875], "texture": "#0"},
				"down": {"uv": [3.0625, 0, 2.625, 1], "texture": "#0"}
			}
		},
		{
			"from": [5.75, -3.08964, 7.08964],
			"to": [8.25, -0.08964, 13.58964],
			"rotation": {"angle": 22.5, "axis": "x", "origin": [6.7, -1.58964, 10.7]},
			"faces": {
				"north": {"uv": [3.375, 1.0625, 3.0625, 1.4375], "texture": "#0"},
				"east": {"uv": [2.625, 1.5, 3, 2.3125], "rotation": 270, "texture": "#0"},
				"south": {"uv": [3.375, 1.0625, 3.0625, 1.4375], "rotation": 180, "texture": "#0"},
				"west": {"uv": [3, 1.5, 2.625, 2.3125], "rotation": 90, "texture": "#0"},
				"up": {"uv": [3, 2.3125, 3.3125, 1.5], "texture": "#0"},
				"down": {"uv": [3, 2.3125, 3.3125, 1.5], "rotation": 180, "texture": "#0"}
			}
		},
		{
			"from": [5.76, -4.66222, 11.67258],
			"to": [8.24, -2.56222, 13.77258],
			"rotation": {"angle": -22.5, "axis": "x", "origin": [6.7, -1.58964, 10.7]},
			"faces": {
				"north": {"uv": [3.56, 2.3125, 3.25, 2.5625], "rotation": 180, "texture": "#0"},
				"east": {"uv": [2.875, 2.5625, 2.625, 2.3125], "rotation": 270, "texture": "#0"},
				"south": {"uv": [3.56, 2.3125, 3.25, 2.5625], "texture": "#0"},
				"west": {"uv": [2.625, 2.5625, 2.875, 2.3125], "rotation": 90, "texture": "#0"},
				"up": {"uv": [2.9375, 2.5625, 3.2475, 2.3125], "rotation": 180, "texture": "#0"},
				"down": {"uv": [2.9375, 2.5625, 3.2475, 2.3125], "texture": "#0"}
			}
		},
		{
			"from": [7.26, -5.66222, 10.67258],
			"to": [9.74, -3.56222, 12.77258],
			"rotation": {"angle": 0, "axis": "y", "origin": [8.2, -2.58964, 9.7]},
			"faces": {
				"north": {"uv": [3.56, 2.3125, 3.25, 2.5625], "rotation": 180, "texture": "#0"},
				"east": {"uv": [2.875, 2.5625, 2.625, 2.3125], "rotation": 270, "texture": "#0"},
				"south": {"uv": [3.56, 2.3125, 3.25, 2.5625], "texture": "#0"},
				"west": {"uv": [2.625, 2.5625, 2.875, 2.3125], "rotation": 90, "texture": "#0"},
				"up": {"uv": [2.9375, 2.5625, 3.2475, 2.3125], "rotation": 180, "texture": "#0"},
				"down": {"uv": [2.9375, 2.5625, 3.2475, 2.3125], "texture": "#0"}
			}
		},
		{
			"from": [7.25, -4.08964, 6.08964],
			"to": [9.75, -1.08964, 12.58964],
			"rotation": {"angle": 45, "axis": "x", "origin": [8.2, -2.58964, 9.7]},
			"faces": {
				"north": {"uv": [3.375, 1.0625, 3.0625, 1.4375], "texture": "#0"},
				"east": {"uv": [2.625, 1.5, 3, 2.3125], "rotation": 270, "texture": "#0"},
				"south": {"uv": [3.375, 1.0625, 3.0625, 1.4375], "rotation": 180, "texture": "#0"},
				"west": {"uv": [3, 1.5, 2.625, 2.3125], "rotation": 90, "texture": "#0"},
				"up": {"uv": [4.0625, 3.4375, 4.375, 2.625], "texture": "#0"},
				"down": {"uv": [3, 2.3125, 3.3125, 1.5], "rotation": 180, "texture": "#0"}
			}
		},
		{
			"from": [8, 1.5, 2.5],
			"to": [8, 19.5, 7],
			"rotation": {"angle": 0, "axis": "y", "origin": [7, 7, 4]},
			"faces": {
				"north": {"uv": [0, 0, 0, 2.375], "texture": "#missing"},
				"east": {"uv": [8.625, 0, 8.0625, 2.25], "texture": "#0"},
				"south": {"uv": [0, 0, 0, 2.375], "texture": "#missing"},
				"west": {"uv": [8.0625, 0, 8.625, 2.25], "texture": "#0"},
				"up": {"uv": [0, 0, 0, 0.625], "texture": "#missing"},
				"down": {"uv": [0, 0, 0, 0.625], "texture": "#missing"}
			}
		},
		{
			"from": [8, 19.3, -6.6],
			"to": [8, 24.8, 0.9],
			"rotation": {"angle": -22.5, "axis": "x", "origin": [7.05313, 5.14936, 12.7]},
			"faces": {
				"north": {"uv": [10.0625, 6.375, 10.6875, 6.375], "rotation": 90, "texture": "#missing"},
				"east": {"uv": [7.3125, 2.125, 6.375, 2.8125], "texture": "#0"},
				"south": {"uv": [10.0625, 6.375, 10.6875, 6.375], "rotation": 90, "texture": "#missing"},
				"west": {"uv": [6.375, 2.125, 7.3125, 2.8125], "texture": "#0"},
				"up": {"uv": [2.5, 6.375, 3.1875, 6.375], "rotation": 270, "texture": "#missing"},
				"down": {"uv": [2.5, 6.375, 3.1875, 6.375], "rotation": 270, "texture": "#missing"}
			}
		},
		{
			"from": [7, 15.5, -4.8],
			"to": [9, 18, -2.3],
			"rotation": {"angle": -22.5, "axis": "x", "origin": [8, 16.6, -4.3]},
			"faces": {
				"north": {"uv": [4.9375, 9.6875, 5.25, 9.9375], "rotation": 90, "texture": "#0"},
				"east": {"uv": [4.625, 9.6875, 4.9375, 10], "rotation": 90, "texture": "#0"},
				"south": {"uv": [4.9375, 9.6875, 5.25, 9.9375], "rotation": 90, "texture": "#0"},
				"west": {"uv": [4.625, 9.6875, 4.9375, 10], "rotation": 90, "texture": "#0"},
				"up": {"uv": [5.25, 9.6875, 5.5625, 9.9375], "rotation": 90, "texture": "#0"},
				"down": {"uv": [5.25, 9.6875, 5.5625, 9.9375], "rotation": 90, "texture": "#0"}
			}
		},
		{
			"from": [8, 19.04888, 3.14411],
			"to": [8, 20.04888, 11.64411],
			"rotation": {"angle": -22.5, "axis": "x", "origin": [7.05313, 2.94936, 5.7]},
			"faces": {
				"north": {"uv": [7.5625, 0, 7.6875, 0], "rotation": 90, "texture": "#0"},
				"east": {"uv": [8.375, 0.8125, 8.5, 1.875], "rotation": 90, "texture": "#0"},
				"south": {"uv": [7.5625, 0, 7.6875, 0], "rotation": 90, "texture": "#0"},
				"west": {"uv": [8.375, 1.875, 8.5, 0.8125], "rotation": 90, "texture": "#0"},
				"up": {"uv": [0, 0, 0.8125, 0], "rotation": 270, "texture": "#0"},
				"down": {"uv": [0, 0, 0.8125, 0], "rotation": 270, "texture": "#0"}
			}
		}
	],
	"gui_light": "front",
	"display": {
		"thirdperson_righthand": {
			"translation": [0, 7.85, 1.5],
			"scale": [0.6, 0.6, 0.6]
		},
		"thirdperson_lefthand": {
			"translation": [0, 7.85, 1.5],
			"scale": [0.6, 0.6, 0.6]
		},
		"firstperson_righthand": {
			"rotation": [-10, 7, 2],
			"translation": [6, 5.75, -4.25],
			"scale": [0.50859, 0.50859, 0.50859]
		},
		"firstperson_lefthand": {
			"rotation": [-10, 7, 2],
			"translation": [6, 5.75, -4.25],
			"scale": [0.50859, 0.50859, 0.50859]
		},
		"ground": {
			"rotation": [0, 0, 90],
			"translation": [-4.5, 9, 0],
			"scale": [0.6, 0.6, 0.6]
		},
		"gui": {
			"rotation": [-90, 45, 90],
			"translation": [-1.25, 2.25, 0],
			"scale": [0.47462, 0.47462, 0.47462]
		},
		"head": {
			"scale": [0, 0, 0]
		},
		"fixed": {
			"rotation": [-90, -90, -90],
			"translation": [0, 12, -3.5],
			"scale": [1.4, 1.4, 1.4]
		}
	}
}