{
	"format_version": "1.21.6",
	"credit": "Made with Blockbench",
	"texture_size": [128, 128],
	"textures": {
		"0": "skins:item/molten_magma/fire_texture",
		"1": "skins:item/molten_magma/fire_animation_1",
		"particle": "skins:item/molten_magma/fire_texture"
	},
	"elements": [
		{
			"from": [6.8, 10.5, 2.4],
			"to": [9.8, 13.5, 4.4],
			"rotation": {"angle": -45, "axis": "z", "origin": [8, 12.3, 3]},
			"faces": {
				"north": {"uv": [2.625, 3, 3, 2.625], "rotation": 90, "texture": "#0"},
				"east": {"uv": [3, 2.625, 3.375, 2.875], "rotation": 90, "texture": "#0"},
				"south": {"uv": [2.625, 2.625, 3, 3], "rotation": 90, "texture": "#0"},
				"west": {"uv": [3, 2.625, 3.375, 2.875], "rotation": 90, "texture": "#0"},
				"up": {"uv": [3, 2.625, 3.375, 2.875], "rotation": 180, "texture": "#0"},
				"down": {"uv": [3, 2.625, 3.375, 2.875], "texture": "#0"}
			}
		},
		{
			"from": [6, 5, 1.4],
			"to": [11, 10, 5.4],
			"rotation": {"angle": -45, "axis": "z", "origin": [8, 8, 2.9]},
			"faces": {
				"north": {"uv": [0.9375, 1.375, 1.5625, 0.75], "rotation": 90, "texture": "#0"},
				"east": {"uv": [0.9375, 2.5, 1.5625, 2], "rotation": 90, "texture": "#0"},
				"south": {"uv": [0.9375, 0.75, 1.5625, 1.375], "rotation": 90, "texture": "#0"},
				"west": {"uv": [1.5625, 1.4375, 0.9375, 1.9375], "rotation": 90, "texture": "#0"},
				"up": {"uv": [0.9375, 1.4375, 1.5625, 1.9375], "rotation": 180, "texture": "#0"},
				"down": {"uv": [0.9375, 2.5, 1.5625, 2], "texture": "#0"}
			}
		},
		{
			"from": [8.5, 6, 2.15],
			"to": [11.5, 12.5, 4.65],
			"rotation": {"angle": -45, "axis": "z", "origin": [10, 9.61036, 3.7]},
			"faces": {
				"north": {"uv": [2.625, 1.5, 3, 2.3125], "texture": "#0"},
				"east": {"uv": [3.3125, 1.5, 3, 2.3125], "texture": "#0"},
				"south": {"uv": [3, 1.5, 2.625, 2.3125], "texture": "#0"},
				"west": {"uv": [3.3125, 1.5, 3, 2.3125], "texture": "#0"},
				"up": {"uv": [3.375, 1.0625, 3.0625, 1.4375], "rotation": 90, "texture": "#0"},
				"down": {"uv": [3.375, 1.0625, 3.0625, 1.4375], "rotation": 270, "texture": "#0"}
			}
		},
		{
			"from": [2.92742, 10.58293, 2.16],
			"to": [5.02742, 12.68293, 4.64],
			"rotation": {"angle": 0, "axis": "y", "origin": [6, 9.61036, 3.7]},
			"faces": {
				"north": {"uv": [2.875, 2.3125, 2.625, 2.5625], "rotation": 180, "texture": "#0"},
				"east": {"uv": [2.9375, 2.3125, 3.2475, 2.5625], "rotation": 180, "texture": "#0"},
				"south": {"uv": [2.625, 2.3125, 2.875, 2.5625], "rotation": 180, "texture": "#0"},
				"west": {"uv": [2.9375, 2.3125, 3.2475, 2.5625], "rotation": 180, "texture": "#0"},
				"up": {"uv": [3.56, 2.5625, 3.25, 2.3125], "rotation": 270, "texture": "#0"},
				"down": {"uv": [3.56, 2.5625, 3.25, 2.3125], "rotation": 90, "texture": "#0"}
			}
		},
		{
			"from": [10.97258, 10.58293, 2.16],
			"to": [13.07258, 12.68293, 4.64],
			"rotation": {"angle": 0, "axis": "y", "origin": [10, 9.61036, 3.7]},
			"faces": {
				"north": {"uv": [2.625, 2.3125, 2.875, 2.5625], "rotation": 180, "texture": "#0"},
				"east": {"uv": [3.2475, 2.3125, 2.9375, 2.5625], "rotation": 180, "texture": "#0"},
				"south": {"uv": [2.875, 2.3125, 2.625, 2.5625], "rotation": 180, "texture": "#0"},
				"west": {"uv": [3.2475, 2.3125, 2.9375, 2.5625], "rotation": 180, "texture": "#0"},
				"up": {"uv": [3.56, 2.3125, 3.25, 2.5625], "rotation": 270, "texture": "#0"},
				"down": {"uv": [3.56, 2.3125, 3.25, 2.5625], "rotation": 90, "texture": "#0"}
			}
		},
		{
			"from": [4.5, 6, 2.15],
			"to": [7.5, 12.5, 4.65],
			"rotation": {"angle": 45, "axis": "z", "origin": [6, 9.61036, 3.7]},
			"faces": {
				"north": {"uv": [3, 1.5, 2.625, 2.3125], "texture": "#0"},
				"east": {"uv": [3, 1.5, 3.3125, 2.3125], "texture": "#0"},
				"south": {"uv": [2.625, 1.5, 3, 2.3125], "texture": "#0"},
				"west": {"uv": [3, 1.5, 3.3125, 2.3125], "texture": "#0"},
				"up": {"uv": [3.375, 1.4375, 3.0625, 1.0625], "rotation": 90, "texture": "#0"},
				"down": {"uv": [3.375, 1.4375, 3.0625, 1.0625], "rotation": 270, "texture": "#0"}
			}
		},
		{
			"from": [6.75, 6, 0.65],
			"to": [9.25, 8.5, 6.15],
			"rotation": {"angle": 45, "axis": "z", "origin": [8, 7.25, 3.45]},
			"faces": {
				"north": {"uv": [3.875, 2.3125, 3.5625, 2.625], "texture": "#0"},
				"east": {"uv": [3.375, 2.625, 4.0625, 2.9375], "texture": "#0"},
				"south": {"uv": [3.5625, 2.3125, 3.875, 2.625], "texture": "#0"},
				"west": {"uv": [4.0625, 2.9375, 3.375, 3.25], "texture": "#0"},
				"up": {"uv": [4.0625, 2.625, 3.375, 2.9375], "rotation": 90, "texture": "#0"},
				"down": {"uv": [4.0625, 3.25, 3.375, 2.9375], "rotation": 270, "texture": "#0"}
			}
		},
		{
			"from": [6.75, 10.6, 1.9],
			"to": [8.25, 12.1, 4.9],
			"rotation": {"angle": 45, "axis": "z", "origin": [8, 11.85, 3.75]},
			"faces": {
				"north": {"uv": [0.9375, 2.9375, 1.125, 3.125], "texture": "#0"},
				"east": {"uv": [1.5, 2.9375, 1.125, 3.125], "texture": "#0"},
				"south": {"uv": [1.125, 2.9375, 0.9375, 3.125], "texture": "#0"},
				"west": {"uv": [1.875, 2.9375, 1.5, 3.125], "texture": "#0"},
				"up": {"uv": [1.5, 2.9375, 1.125, 3.125], "rotation": 90, "texture": "#0"},
				"down": {"uv": [1.875, 2.9375, 1.5, 3.125], "rotation": 270, "texture": "#0"}
			}
		},
		{
			"from": [7.25, 7, 0.9],
			"to": [9.25, 9, 5.9],
			"rotation": {"angle": 45, "axis": "z", "origin": [8, 7.75, 3.15]},
			"faces": {
				"north": {"uv": [4.125, 2.0625, 3.875, 2.3125], "texture": "#0"},
				"east": {"uv": [0.625, 3.125, 0, 3.375], "texture": "#0"},
				"south": {"uv": [4.125, 2.0625, 3.875, 2.3125], "texture": "#0"},
				"west": {"uv": [1.25, 3.125, 0.625, 3.375], "texture": "#0"},
				"up": {"uv": [0.625, 3.125, 0, 3.375], "rotation": 90, "texture": "#0"},
				"down": {"uv": [1.25, 3.125, 0.625, 3.375], "rotation": 270, "texture": "#0"}
			}
		},
		{
			"from": [6.5, 6.3, 1.65],
			"to": [14.5, 9.8, 5.15],
			"rotation": {"angle": 22.5, "axis": "z", "origin": [12.5, 8.05, 3.4]},
			"faces": {
				"north": {"uv": [1.9375, 2.9375, 0.9375, 2.5], "texture": "#0"},
				"east": {"uv": [1.5625, 1.1875, 2, 0.75], "texture": "#0"},
				"south": {"uv": [0.9375, 2.9375, 1.9375, 2.5], "texture": "#0"},
				"west": {"uv": [1.5625, 1.1875, 2, 0.75], "texture": "#0"},
				"up": {"uv": [1.5625, 2.1875, 2, 1.1875], "rotation": 90, "texture": "#0"},
				"down": {"uv": [2.625, 1, 3.0625, 0], "rotation": 270, "texture": "#0"}
			}
		},
		{
			"from": [0.83579, 8.21421, 1.66],
			"to": [3.33579, 10.71421, 5.14],
			"rotation": {"angle": 22.5, "axis": "z", "origin": [3.5, 8.05, 3.4]},
			"faces": {
				"north": {"uv": [2, 1.0625, 2.3125, 0.75], "texture": "#0"},
				"east": {"uv": [3.5, 0.3125, 3.0625, 0], "texture": "#0"},
				"south": {"uv": [2.3125, 1.0625, 2, 0.75], "texture": "#0"},
				"west": {"uv": [3.5, 0.3125, 3.0625, 0], "texture": "#0"},
				"up": {"uv": [1.5625, 2.1875, 2, 2.5], "rotation": 90, "texture": "#0"},
				"down": {"uv": [3.0625, 0, 3.5, 0.3125], "rotation": 270, "texture": "#0"}
			}
		},
		{
			"from": [12.66421, 8.21421, 1.66],
			"to": [15.16421, 10.71421, 5.14],
			"rotation": {"angle": -22.5, "axis": "z", "origin": [12.5, 8.05, 3.4]},
			"faces": {
				"north": {"uv": [2.3125, 1.0625, 2, 0.75], "texture": "#0"},
				"east": {"uv": [3.0625, 0.3125, 3.5, 0], "texture": "#0"},
				"south": {"uv": [2, 1.0625, 2.3125, 0.75], "texture": "#0"},
				"west": {"uv": [3.0625, 0.3125, 3.5, 0], "texture": "#0"},
				"up": {"uv": [1.5625, 2.5, 2, 2.1875], "rotation": 90, "texture": "#0"},
				"down": {"uv": [3.0625, 0.3125, 3.5, 0], "rotation": 270, "texture": "#0"}
			}
		},
		{
			"from": [1.5, 6.3, 1.65],
			"to": [9.5, 9.8, 5.15],
			"rotation": {"angle": -22.5, "axis": "z", "origin": [3.5, 8.05, 3.4]},
			"faces": {
				"north": {"uv": [0.9375, 2.9375, 1.9375, 2.5], "texture": "#0"},
				"east": {"uv": [2, 1.1875, 1.5625, 0.75], "texture": "#0"},
				"south": {"uv": [1.9375, 2.9375, 0.9375, 2.5], "texture": "#0"},
				"west": {"uv": [2, 1.1875, 1.5625, 0.75], "texture": "#0"},
				"up": {"uv": [1.5625, 1.1875, 2, 2.1875], "rotation": 90, "texture": "#0"},
				"down": {"uv": [2.625, 0, 3.0625, 1], "rotation": 270, "texture": "#0"}
			}
		},
		{
			"from": [3, 9, -3.69],
			"to": [3, 25, 9.31],
			"rotation": {"angle": -45, "axis": "y", "origin": [3, 17, 2.81]},
			"faces": {
				"north": {"uv": [0, 0, 0, 1.625], "texture": "#missing"},
				"east": {"uv": [8, 0, 6.375, 2], "texture": "#0"},
				"south": {"uv": [0, 0, 0, 1.625], "texture": "#missing"},
				"west": {"uv": [6.375, 0, 8, 2], "texture": "#0"},
				"up": {"uv": [0, 1.125, 0, 0], "rotation": 180, "texture": "#missing"},
				"down": {"uv": [0, 1.125, 0, 0], "rotation": 180, "texture": "#missing"}
			}
		},
		{
			"from": [13, 9, -3.69],
			"to": [13, 25, 9.31],
			"rotation": {"angle": 45, "axis": "y", "origin": [13, 17, 2.81]},
			"faces": {
				"north": {"uv": [0, 0, 0, 1.625], "texture": "#missing"},
				"east": {"uv": [8, 0, 6.375, 2], "texture": "#0"},
				"south": {"uv": [0, 0, 0, 1.625], "texture": "#missing"},
				"west": {"uv": [6.375, 0, 8, 2], "texture": "#0"},
				"up": {"uv": [0, 1.125, 0, 0], "rotation": 180, "texture": "#missing"},
				"down": {"uv": [0, 1.125, 0, 0], "rotation": 180, "texture": "#missing"}
			}
		},
		{
			"from": [13, 9, -3.49],
			"to": [13, 25, 9.51],
			"rotation": {"angle": 45, "axis": "y", "origin": [13, 17, 3.01]},
			"faces": {
				"north": {"uv": [0, 0, 0, 1.625], "texture": "#missing"},
				"east": {"uv": [8, 0, 6.375, 2], "texture": "#0"},
				"south": {"uv": [0, 0, 0, 1.625], "texture": "#missing"},
				"west": {"uv": [6.375, 0, 8, 2], "texture": "#0"},
				"up": {"uv": [0, 1.125, 0, 0], "rotation": 180, "texture": "#missing"},
				"down": {"uv": [0, 1.125, 0, 0], "rotation": 180, "texture": "#missing"}
			}
		},
		{
			"from": [3, 9, -3.49],
			"to": [3, 25, 9.51],
			"rotation": {"angle": -45, "axis": "y", "origin": [3, 17, 3.01]},
			"faces": {
				"north": {"uv": [0, 0, 0, 1.625], "texture": "#missing"},
				"east": {"uv": [8, 0, 6.375, 2], "texture": "#0"},
				"south": {"uv": [0, 0, 0, 1.625], "texture": "#missing"},
				"west": {"uv": [6.375, 0, 8, 2], "texture": "#0"},
				"up": {"uv": [0, 1.125, 0, 0], "rotation": 180, "texture": "#missing"},
				"down": {"uv": [0, 1.125, 0, 0], "rotation": 180, "texture": "#missing"}
			}
		},
		{
			"from": [11.5, 13.25076, 5.4],
			"to": [9.5, 11.25076, 1.4],
			"rotation": {"angle": -45, "axis": "z", "origin": [8, 14.75076, 3.4]},
			"faces": {
				"north": {"uv": [15.5, 0, 15.875, 0.375], "texture": "#0"},
				"east": {"uv": [15.5, 0, 16, 0.375], "texture": "#0"},
				"south": {"uv": [15.5, 0, 15.875, 0.375], "texture": "#0"},
				"west": {"uv": [15.5, 0, 16, 0.375], "texture": "#0"},
				"up": {"uv": [15.5, 0, 16, 0.375], "rotation": 90, "texture": "#0"},
				"down": {"uv": [15.5, 0, 16, 0.375], "rotation": 270, "texture": "#0"}
			}
		},
		{
			"from": [9.5, 9.05076, 3.9],
			"to": [6.5, 6.05076, -0.1],
			"rotation": {"angle": -45, "axis": "z", "origin": [8, 7.55076, 1.9]},
			"faces": {
				"north": {"uv": [15.875, 0, 15.5, 0.375], "texture": "#0"},
				"east": {"uv": [16, 0, 15.5, 0.375], "texture": "#0"},
				"south": {"uv": [15.875, 0, 15.5, 0.375], "texture": "#0"},
				"west": {"uv": [16, 0, 15.5, 0.375], "texture": "#0"},
				"up": {"uv": [16, 0, 15.5, 0.375], "rotation": 90, "texture": "#0"},
				"down": {"uv": [16, 0, 15.5, 0.375], "rotation": 270, "texture": "#0"}
			}
		},
		{
			"from": [0.3, -0.5, 1.3],
			"to": [5.8, 8.5, 1.3],
			"rotation": {"angle": 45, "axis": "y", "origin": [5.3, 0.5, 1.3]},
			"faces": {
				"north": {"uv": [5.5, 0, 6.1875, 1.125], "texture": "#0"},
				"east": {"uv": [0, 0, 0, 1], "texture": "#missing"},
				"south": {"uv": [6.1875, 0, 5.5, 1.125], "texture": "#0"},
				"west": {"uv": [0, 0, 0, 1], "texture": "#missing"},
				"up": {"uv": [0, 0, 0, 0.6875], "rotation": 90, "texture": "#missing"},
				"down": {"uv": [0, 0, 0, 0.6875], "rotation": 270, "texture": "#missing"}
			}
		},
		{
			"from": [10.2, -0.5, 1.3],
			"to": [15.7, 8.5, 1.3],
			"rotation": {"angle": -45, "axis": "y", "origin": [10.7, 0.5, 1.3]},
			"faces": {
				"north": {"uv": [6.1875, 0, 5.5, 1.125], "texture": "#0"},
				"east": {"uv": [0, 0, 0, 1], "texture": "#missing"},
				"south": {"uv": [5.5, 0, 6.1875, 1.125], "texture": "#0"},
				"west": {"uv": [0, 0, 0, 1], "texture": "#missing"},
				"up": {"uv": [0, 0.6875, 0, 0], "rotation": 90, "texture": "#missing"},
				"down": {"uv": [0, 0.6875, 0, 0], "rotation": 270, "texture": "#missing"}
			}
		},
		{
			"from": [10.2, -0.5, 1.5],
			"to": [15.7, 8.5, 1.5],
			"rotation": {"angle": -45, "axis": "y", "origin": [10.7, 0.5, 1.5]},
			"faces": {
				"north": {"uv": [6.1875, 0, 5.5, 1.125], "texture": "#0"},
				"east": {"uv": [0, 0, 0, 1], "texture": "#missing"},
				"south": {"uv": [5.5, 0, 6.1875, 1.125], "texture": "#0"},
				"west": {"uv": [0, 0, 0, 1], "texture": "#missing"},
				"up": {"uv": [0, 0.6875, 0, 0], "rotation": 90, "texture": "#missing"},
				"down": {"uv": [0, 0.6875, 0, 0], "rotation": 270, "texture": "#missing"}
			}
		},
		{
			"from": [0.3, -0.5, 1.5],
			"to": [5.8, 8.5, 1.5],
			"rotation": {"angle": 45, "axis": "y", "origin": [5.3, 0.5, 1.5]},
			"faces": {
				"north": {"uv": [5.5, 0, 6.1875, 1.125], "texture": "#0"},
				"east": {"uv": [0, 0, 0, 1], "texture": "#missing"},
				"south": {"uv": [6.1875, 0, 5.5, 1.125], "texture": "#0"},
				"west": {"uv": [0, 0, 0, 1], "texture": "#missing"},
				"up": {"uv": [0, 0, 0, 0.6875], "rotation": 90, "texture": "#missing"},
				"down": {"uv": [0, 0, 0, 0.6875], "rotation": 270, "texture": "#missing"}
			}
		},
		{
			"from": [3.6, 3, 3.5],
			"to": [3.6, 8.5, 12.5],
			"rotation": {"angle": 0, "axis": "y", "origin": [3.6, 5.75, 8]},
			"faces": {
				"north": {"uv": [0, 0.6875, 0, 0], "rotation": 180, "texture": "#missing"},
				"east": {"uv": [6.1875, 1.125, 5.5, 0], "rotation": 270, "texture": "#0"},
				"south": {"uv": [0, 0.6875, 0, 0], "texture": "#missing"},
				"west": {"uv": [5.5, 1.125, 6.1875, 0], "rotation": 90, "texture": "#0"},
				"up": {"uv": [0, 0, 0, 1], "texture": "#missing"},
				"down": {"uv": [0, 0, 0, 1], "rotation": 180, "texture": "#missing"}
			}
		},
		{
			"from": [12.4, 3, 3.5],
			"to": [12.4, 8.5, 12.5],
			"rotation": {"angle": 0, "axis": "y", "origin": [12.4, 5.75, 8]},
			"faces": {
				"north": {"uv": [0, 0.6875, 0, 0], "rotation": 180, "texture": "#missing"},
				"east": {"uv": [5.5, 0, 6.1875, 1.125], "rotation": 90, "texture": "#0"},
				"south": {"uv": [0, 0.6875, 0, 0], "texture": "#missing"},
				"west": {"uv": [6.1875, 0, 5.5, 1.125], "rotation": 270, "texture": "#0"},
				"up": {"uv": [0, 0, 0, 1], "texture": "#missing"},
				"down": {"uv": [0, 0, 0, 1], "rotation": 180, "texture": "#missing"}
			}
		},
		{
			"from": [3, 6.5, 4],
			"to": [13, 21, 4],
			"rotation": {"angle": 0, "axis": "y", "origin": [8, 17.5, 4]},
			"faces": {
				"north": {"uv": [13, 1.5, 3, 16], "texture": "#1"},
				"east": {"uv": [0, 0, 0, 1.5], "texture": "#missing"},
				"south": {"uv": [3, 1.5, 13, 16], "texture": "#1"},
				"west": {"uv": [0, 0, 0, 1.5], "texture": "#missing"},
				"up": {"uv": [0, 1.5, 0, 0], "rotation": 90, "texture": "#missing"},
				"down": {"uv": [0, 0, 0, 1.5], "rotation": 270, "texture": "#missing"}
			}
		}
	],
	"gui_light": "front",
	"display": {
		"thirdperson_righthand": {
			"rotation": [75, 45, 0],
			"translation": [0, 1, 0],
			"scale": [0.35742, 0.35742, 0.35742]
		},
		"thirdperson_lefthand": {
			"rotation": [75, 45, 0],
			"translation": [0, 1, 0],
			"scale": [0.35742, 0.35742, 0.35742]
		},
		"firstperson_righthand": {
			"rotation": [0, 45, 0],
			"translation": [4.25, 3.75, 0],
			"scale": [0.44492, 0.44492, 0.44492]
		},
		"firstperson_lefthand": {
			"rotation": [0, 45, 0],
			"translation": [4.25, 3.75, 0],
			"scale": [0.44492, 0.44492, 0.44492]
		},
		"ground": {
			"translation": [0, 9, 1],
			"scale": [0.75, 0.75, 0.75]
		},
		"gui": {
			"rotation": [14, 166, 0],
			"translation": [0.25, -2, -1.5],
			"scale": [0.61524, 0.61524, 0.61524]
		},
		"head": {
			"translation": [0, 4.5, 1.25],
			"scale": [1.5, 1.5, 1.5]
		},
		"fixed": {
			"rotation": [-90, 0, 0],
			"translation": [0, 3, -14.5],
			"scale": [2.1, 2.1, 2.1]
		}
	}
}