{
	"format_version": "1.21.6",
	"credit": "Made with Blockbench",
	"texture_size": [128, 128],
	"textures": {
		"0": "skins:item/molten_magma/fire_texture",
		"particle": "skins:item/molten_magma/fire_texture"
	},
	"elements": [
		{
			"from": [7, -13, 7],
			"to": [9, 4.5, 9],
			"rotation": {"angle": 45, "axis": "y", "origin": [8, -9.5, 8]},
			"faces": {
				"north": {"uv": [3.875, 3.25, 4.125, 5.4375], "texture": "#0"},
				"east": {"uv": [4.125, 3.25, 3.875, 5.4375], "texture": "#0"},
				"south": {"uv": [3.625, 3.25, 3.875, 5.4375], "texture": "#0"},
				"west": {"uv": [3.625, 3.25, 3.875, 5.4375], "texture": "#0"},
				"up": {"uv": [3.625, 3.25, 3.875, 5.4375], "texture": "#0"},
				"down": {"uv": [3.625, 3.25, 3.875, 5.4375], "texture": "#0"}
			}
		},
		{
			"from": [6.75, 4.5, 6.75],
			"to": [9.25, 6.5, 9.25],
			"rotation": {"angle": 45, "axis": "y", "origin": [8, 1.5, 8]},
			"faces": {
				"north": {"uv": [3.875, 2.3125, 3.5625, 2.0625], "texture": "#0"},
				"east": {"uv": [3.5625, 2.3125, 3.875, 2.0625], "texture": "#0"},
				"south": {"uv": [3.875, 2.3125, 3.5625, 2.0625], "texture": "#0"},
				"west": {"uv": [3.5625, 2.3125, 3.875, 2.0625], "texture": "#0"},
				"up": {"uv": [4.375, 2.625, 4.0625, 2.375], "texture": "#0"},
				"down": {"uv": [4.375, 2.625, 4.0625, 2.375], "texture": "#0"}
			}
		},
		{
			"from": [6.75, -12.08922, -7.30421],
			"to": [9.25, -8.58922, -3.80421],
			"rotation": {"angle": -45, "axis": "x", "origin": [8, 3.21499, 8]},
			"faces": {
				"north": {"uv": [2.3125, 2.1875, 2, 1.75], "texture": "#0"},
				"east": {"uv": [3.5, 0.3125, 3.0625, 0.75], "texture": "#0"},
				"south": {"uv": [2.3125, 1.75, 2, 1.3125], "texture": "#0"},
				"west": {"uv": [3.0625, 0.3125, 3.5, 0.75], "texture": "#0"},
				"up": {"uv": [2.3125, 1.3125, 2, 1.75], "texture": "#0"},
				"down": {"uv": [2.3125, 2.1875, 2, 1.75], "texture": "#0"}
			}
		},
		{
			"from": [6.25, -11.28922, -6.80421],
			"to": [9.75, -9.28922, -4.80421],
			"rotation": {"angle": -45, "axis": "x", "origin": [8.5, 3.51499, 8]},
			"faces": {
				"north": {"uv": [3.0625, 1.25, 2.625, 1.5], "texture": "#0"},
				"east": {"uv": [2.25, 1.0625, 2, 1.3125], "texture": "#0"},
				"south": {"uv": [2.625, 1, 3.0625, 1.25], "texture": "#0"},
				"west": {"uv": [2, 1.0625, 2.25, 1.3125], "texture": "#0"},
				"up": {"uv": [2.625, 1.25, 3.0625, 1], "texture": "#0"},
				"down": {"uv": [3.0625, 1.25, 2.625, 1.5], "texture": "#0"}
			}
		},
		{
			"from": [10.25, -8.08922, -6.80421],
			"to": [5.75, -10.58922, -9.30421],
			"rotation": {"angle": -45, "axis": "x", "origin": [16.6, 6.71499, 8]},
			"faces": {
				"north": {"uv": [16, 0, 15.4375, 0.3125], "texture": "#0"},
				"east": {"uv": [15.875, 0, 15.5625, 0.3125], "texture": "#0"},
				"south": {"uv": [16, 0, 15.4375, 0.3125], "texture": "#0"},
				"west": {"uv": [15.875, 0, 15.5625, 0.3125], "texture": "#0"},
				"up": {"uv": [16, 0, 15.4375, 0.3125], "texture": "#0"},
				"down": {"uv": [16, 0, 15.4375, 0.3125], "texture": "#0"}
			}
		},
		{
			"from": [6.75, -10.08922, -7.30421],
			"to": [9.25, -10.08922, -7.30421],
			"rotation": {"angle": -45, "axis": "x", "origin": [8, 1.71499, 8]},
			"color": 6,
			"faces": {
				"north": {"uv": [0.50781, 0.29688, 0.46875, 0.33594], "texture": "#missing"},
				"east": {"uv": [0.46875, 0.25781, 0.50781, 0.29688], "texture": "#missing"},
				"south": {"uv": [0.50781, 0.375, 0.46875, 0.33594], "texture": "#missing"},
				"west": {"uv": [0.50781, 0.25781, 0.46875, 0.29688], "texture": "#missing"},
				"up": {"uv": [0.50781, 0.33594, 0.46875, 0.375], "texture": "#missing"},
				"down": {"uv": [0.50781, 0.29688, 0.46875, 0.33594], "texture": "#missing"}
			}
		},
		{
			"from": [6.75, -14.5, 6.75],
			"to": [9.25, -12, 9.25],
			"rotation": {"angle": 45, "axis": "y", "origin": [8, -17.5, 8]},
			"faces": {
				"north": {"uv": [1.9375, 2.8125, 2.25, 2.5], "texture": "#0"},
				"east": {"uv": [2.25, 2.8125, 1.9375, 2.5], "texture": "#0"},
				"south": {"uv": [1.9375, 2.8125, 2.25, 2.5], "texture": "#0"},
				"west": {"uv": [2.25, 2.8125, 1.9375, 2.5], "texture": "#0"},
				"up": {"uv": [4.0625, 2.625, 4.375, 2.3125], "texture": "#0"},
				"down": {"uv": [4.0625, 2.3125, 4.375, 2.625], "texture": "#0"}
			}
		},
		{
			"from": [7, 11.5, 6.2],
			"to": [9, 14.5, 9.2],
			"rotation": {"angle": -45, "axis": "x", "origin": [8.4, 13.3, 8]},
			"faces": {
				"north": {"uv": [3, 2.875, 3.375, 2.625], "rotation": 90, "texture": "#0"},
				"east": {"uv": [2.625, 2.625, 3, 3], "rotation": 90, "texture": "#0"},
				"south": {"uv": [3, 2.875, 3.375, 2.625], "rotation": 90, "texture": "#0"},
				"west": {"uv": [2.625, 3, 3, 2.625], "rotation": 90, "texture": "#0"},
				"up": {"uv": [3.375, 2.875, 3, 2.625], "rotation": 90, "texture": "#0"},
				"down": {"uv": [3, 2.875, 3.375, 2.625], "rotation": 90, "texture": "#0"}
			}
		},
		{
			"from": [6, 6, 5],
			"to": [10, 11, 10],
			"rotation": {"angle": -45, "axis": "x", "origin": [8.5, 9, 8]},
			"faces": {
				"north": {"uv": [0.9375, 2, 1.5625, 2.5], "rotation": 90, "texture": "#0"},
				"east": {"uv": [0.9375, 0.75, 1.5625, 1.375], "rotation": 90, "texture": "#0"},
				"south": {"uv": [1.5625, 1.9375, 0.9375, 1.4375], "rotation": 90, "texture": "#0"},
				"west": {"uv": [0.9375, 1.375, 1.5625, 0.75], "rotation": 90, "texture": "#0"},
				"up": {"uv": [0.9375, 1.9375, 1.5625, 1.4375], "rotation": 90, "texture": "#0"},
				"down": {"uv": [0.9375, 2, 1.5625, 2.5], "rotation": 90, "texture": "#0"}
			}
		},
		{
			"from": [6.75, 7, 4.5],
			"to": [9.25, 13.5, 7.5],
			"rotation": {"angle": -45, "axis": "x", "origin": [7.7, 10.61036, 6]},
			"faces": {
				"north": {"uv": [3, 1.5, 3.3125, 2.3125], "texture": "#0"},
				"east": {"uv": [3, 1.5, 2.625, 2.3125], "texture": "#0"},
				"south": {"uv": [3, 1.5, 3.3125, 2.3125], "texture": "#0"},
				"west": {"uv": [2.625, 1.5, 3, 2.3125], "texture": "#0"},
				"up": {"uv": [3.0625, 1.0625, 3.375, 1.4375], "texture": "#0"},
				"down": {"uv": [3.0625, 1.0625, 3.375, 1.4375], "texture": "#0"}
			}
		},
		{
			"from": [6.76, 11.58293, 10.97258],
			"to": [9.24, 13.68293, 13.07258],
			"rotation": {"angle": 0, "axis": "y", "origin": [7.7, 10.61036, 10]},
			"faces": {
				"north": {"uv": [3.2475, 2.3125, 2.9375, 2.5625], "rotation": 180, "texture": "#0"},
				"east": {"uv": [2.625, 2.3125, 2.875, 2.5625], "rotation": 180, "texture": "#0"},
				"south": {"uv": [3.2475, 2.3125, 2.9375, 2.5625], "rotation": 180, "texture": "#0"},
				"west": {"uv": [2.875, 2.3125, 2.625, 2.5625], "rotation": 180, "texture": "#0"},
				"up": {"uv": [3.25, 2.5625, 3.56, 2.3125], "rotation": 180, "texture": "#0"},
				"down": {"uv": [3.25, 2.5625, 3.56, 2.3125], "rotation": 180, "texture": "#0"}
			}
		},
		{
			"from": [6.76, 11.58293, 2.92742],
			"to": [9.24, 13.68293, 5.02742],
			"rotation": {"angle": 0, "axis": "y", "origin": [7.7, 10.61036, 6]},
			"faces": {
				"north": {"uv": [2.9375, 2.3125, 3.2475, 2.5625], "rotation": 180, "texture": "#0"},
				"east": {"uv": [2.875, 2.3125, 2.625, 2.5625], "rotation": 180, "texture": "#0"},
				"south": {"uv": [2.9375, 2.3125, 3.2475, 2.5625], "rotation": 180, "texture": "#0"},
				"west": {"uv": [2.625, 2.3125, 2.875, 2.5625], "rotation": 180, "texture": "#0"},
				"up": {"uv": [3.25, 2.3125, 3.56, 2.5625], "rotation": 180, "texture": "#0"},
				"down": {"uv": [3.25, 2.3125, 3.56, 2.5625], "rotation": 180, "texture": "#0"}
			}
		},
		{
			"from": [6.75, 7, 8.5],
			"to": [9.25, 13.5, 11.5],
			"rotation": {"angle": 45, "axis": "x", "origin": [7.7, 10.61036, 10]},
			"faces": {
				"north": {"uv": [3.3125, 1.5, 3, 2.3125], "texture": "#0"},
				"east": {"uv": [2.625, 1.5, 3, 2.3125], "texture": "#0"},
				"south": {"uv": [3.3125, 1.5, 3, 2.3125], "texture": "#0"},
				"west": {"uv": [3, 1.5, 2.625, 2.3125], "texture": "#0"},
				"up": {"uv": [3.0625, 1.4375, 3.375, 1.0625], "texture": "#0"},
				"down": {"uv": [3.0625, 1.4375, 3.375, 1.0625], "texture": "#0"}
			}
		},
		{
			"from": [5.25, 7.5, 6.75],
			"to": [10.75, 10, 9.25],
			"rotation": {"angle": 45, "axis": "x", "origin": [7.95, 8.75, 8]},
			"faces": {
				"north": {"uv": [4.0625, 2.625, 3.375, 2.9375], "texture": "#0"},
				"east": {"uv": [3.5625, 2.3125, 3.875, 2.625], "texture": "#0"},
				"south": {"uv": [3.375, 2.9375, 4.0625, 3.25], "texture": "#0"},
				"west": {"uv": [3.875, 2.3125, 3.5625, 2.625], "texture": "#0"},
				"up": {"uv": [3.375, 2.625, 4.0625, 2.9375], "texture": "#0"},
				"down": {"uv": [3.375, 3.25, 4.0625, 2.9375], "texture": "#0"}
			}
		},
		{
			"from": [6.5, 11.6, 7.75],
			"to": [9.5, 13.1, 9.25],
			"rotation": {"angle": 45, "axis": "x", "origin": [7.65, 12.85, 8]},
			"faces": {
				"north": {"uv": [1.125, 2.9375, 1.5, 3.125], "texture": "#0"},
				"east": {"uv": [0.9375, 2.9375, 1.125, 3.125], "texture": "#0"},
				"south": {"uv": [1.5, 2.9375, 1.875, 3.125], "texture": "#0"},
				"west": {"uv": [0.9375, 2.9375, 1.125, 3.125], "texture": "#0"},
				"up": {"uv": [1.125, 2.9375, 1.5, 3.125], "texture": "#0"},
				"down": {"uv": [1.5, 2.9375, 1.875, 3.125], "texture": "#0"}
			}
		},
		{
			"from": [5.5, 8, 6.75],
			"to": [10.5, 10, 8.75],
			"rotation": {"angle": 45, "axis": "x", "origin": [8.25, 8.75, 8]},
			"faces": {
				"north": {"uv": [0, 3.125, 0.625, 3.375], "texture": "#0"},
				"east": {"uv": [3.875, 2.0625, 4.125, 2.3125], "texture": "#0"},
				"south": {"uv": [0.625, 3.125, 1.25, 3.375], "texture": "#0"},
				"west": {"uv": [3.875, 2.0625, 4.125, 2.3125], "texture": "#0"},
				"up": {"uv": [0, 3.125, 0.625, 3.375], "texture": "#0"},
				"down": {"uv": [0.625, 3.125, 1.25, 3.375], "texture": "#0"}
			}
		},
		{
			"from": [6.25, 7.3, 2.5],
			"to": [9.75, 10.8, 9.5],
			"rotation": {"angle": 22.5, "axis": "x", "origin": [8, 9.05, 4.5]},
			"faces": {
				"north": {"uv": [2, 1.1875, 1.5625, 0.75], "texture": "#0"},
				"east": {"uv": [1, 2.9375, 1.875, 2.5], "texture": "#0"},
				"south": {"uv": [2, 1.1875, 1.5625, 0.75], "texture": "#0"},
				"west": {"uv": [1.875, 2.9375, 1, 2.5], "texture": "#0"},
				"up": {"uv": [2, 2.0625, 1.5625, 1.1875], "texture": "#0"},
				"down": {"uv": [3.0625, 0.9375, 2.625, 0.0625], "texture": "#0"}
			}
		},
		{
			"from": [6.26, 9.21421, 1.83579],
			"to": [9.74, 11.71421, 4.33579],
			"rotation": {"angle": -22.5, "axis": "x", "origin": [8, 9.05, 4.5]},
			"faces": {
				"north": {"uv": [3.5, 0.3125, 3.0625, 0], "texture": "#0"},
				"east": {"uv": [2, 1.0625, 2.3125, 0.75], "texture": "#0"},
				"south": {"uv": [3.5, 0.3125, 3.0625, 0], "texture": "#0"},
				"west": {"uv": [2.3125, 1.0625, 2, 0.75], "texture": "#0"},
				"up": {"uv": [2, 2.5, 1.5625, 2.1875], "texture": "#0"},
				"down": {"uv": [3.5, 0.3125, 3.0625, 0], "texture": "#0"}
			}
		},
		{
			"from": [6.25, 7.3, 6.5],
			"to": [9.75, 10.8, 13.5],
			"rotation": {"angle": -22.5, "axis": "x", "origin": [8, 9.05, 11.5]},
			"faces": {
				"north": {"uv": [1.5625, 1.1875, 2, 0.75], "texture": "#0"},
				"east": {"uv": [1.875, 2.9375, 1, 2.5], "texture": "#0"},
				"south": {"uv": [1.5625, 1.1875, 2, 0.75], "texture": "#0"},
				"west": {"uv": [1, 2.9375, 1.875, 2.5], "texture": "#0"},
				"up": {"uv": [2, 1.1875, 1.5625, 2.0625], "texture": "#0"},
				"down": {"uv": [3.0625, 0.0625, 2.625, 0.9375], "texture": "#0"}
			}
		},
		{
			"from": [6.26, 9.21421, 11.66421],
			"to": [9.74, 11.71421, 14.16421],
			"rotation": {"angle": 22.5, "axis": "x", "origin": [8, 9.05, 11.5]},
			"faces": {
				"north": {"uv": [3.0625, 0.3125, 3.5, 0], "texture": "#0"},
				"east": {"uv": [2.3125, 1.0625, 2, 0.75], "texture": "#0"},
				"south": {"uv": [3.0625, 0.3125, 3.5, 0], "texture": "#0"},
				"west": {"uv": [2, 1.0625, 2.3125, 0.75], "texture": "#0"},
				"up": {"uv": [2, 2.1875, 1.5625, 2.5], "texture": "#0"},
				"down": {"uv": [3.5, 0, 3.0625, 0.3125], "texture": "#0"}
			}
		},
		{
			"from": [8.5, 10.05076, 9.5],
			"to": [4.5, 7.05076, 6.5],
			"rotation": {"angle": -45, "axis": "x", "origin": [6.5, 8.55076, 8]},
			"faces": {
				"north": {"uv": [16, 0, 15.5, 0.375], "texture": "#0"},
				"east": {"uv": [15.875, 0, 15.5, 0.375], "texture": "#0"},
				"south": {"uv": [16, 0, 15.5, 0.375], "texture": "#0"},
				"west": {"uv": [15.875, 0, 15.5, 0.375], "texture": "#0"},
				"up": {"uv": [16, 0, 15.5, 0.375], "texture": "#0"},
				"down": {"uv": [16, 0, 15.5, 0.375], "texture": "#0"}
			}
		},
		{
			"from": [10, 14.25076, 6.5],
			"to": [6, 12.25076, 4.5],
			"rotation": {"angle": -45, "axis": "x", "origin": [8, 15.75076, 8]},
			"faces": {
				"north": {"uv": [16, 0, 15.5, 0.375], "texture": "#0"},
				"east": {"uv": [15.875, 0, 15.5, 0.375], "texture": "#0"},
				"south": {"uv": [16, 0, 15.5, 0.375], "texture": "#0"},
				"west": {"uv": [15.875, 0, 15.5, 0.375], "texture": "#0"},
				"up": {"uv": [16, 0, 15.5, 0.375], "texture": "#0"},
				"down": {"uv": [16, 0, 15.5, 0.375], "texture": "#0"}
			}
		},
		{
			"from": [11.5, 10.05076, 9.5],
			"to": [7.5, 7.05076, 6.5],
			"rotation": {"angle": -45, "axis": "x", "origin": [9.5, 8.55076, 8]},
			"faces": {
				"north": {"uv": [15.5, 0, 16, 0.375], "texture": "#0"},
				"east": {"uv": [15.5, 0, 15.875, 0.375], "texture": "#0"},
				"south": {"uv": [15.5, 0, 16, 0.375], "texture": "#0"},
				"west": {"uv": [15.5, 0, 15.875, 0.375], "texture": "#0"},
				"up": {"uv": [15.5, 0, 16, 0.375], "texture": "#0"},
				"down": {"uv": [15.5, 0, 16, 0.375], "texture": "#0"}
			}
		},
		{
			"from": [7.2, 12.5, 3.5],
			"to": [8.7, 15, 12.5],
			"rotation": {"angle": 0, "axis": "y", "origin": [0, 1, 0]},
			"faces": {
				"north": {"uv": [1.125, 9.8125, 1.3125, 10.125], "texture": "#0"},
				"east": {"uv": [1.3125, 9.8125, 2.4375, 10.125], "texture": "#0"},
				"south": {"uv": [1.125, 9.8125, 1.3125, 10.125], "texture": "#0"},
				"west": {"uv": [0, 9.8125, 1.125, 10.125], "texture": "#0"},
				"up": {"uv": [4.125, 4.1875, 4.3125, 5.3125], "texture": "#0"},
				"down": {"uv": [4.0625, 5.375, 4.25, 6.5], "texture": "#0"}
			}
		},
		{
			"from": [7.15, 14.25, 7.25],
			"to": [8.65, 19.75, 8.75],
			"rotation": {"angle": 22.5, "axis": "z", "origin": [7, 14.7, 7.9]},
			"faces": {
				"north": {"uv": [4.6875, 6.1875, 4.5, 6.875], "texture": "#0"},
				"east": {"uv": [4.3125, 6.1875, 4.5, 6.875], "texture": "#0"},
				"south": {"uv": [4.5, 6.1875, 4.6875, 6.875], "texture": "#0"},
				"west": {"uv": [4.3125, 4.625, 4.5, 5.3125], "texture": "#0"},
				"up": {"uv": [3.625, 6.5625, 3.8125, 6.75], "texture": "#0"},
				"down": {"uv": [3.625, 6.5625, 3.8125, 6.75], "texture": "#0"}
			}
		},
		{
			"from": [9.05, 18.5, 7.26],
			"to": [10.05, 22, 8.74],
			"rotation": {"angle": 45, "axis": "z", "origin": [6.9, 14.7, 8.1]},
			"faces": {
				"north": {"uv": [4.375, 5.3125, 4.25, 5.75], "texture": "#0"},
				"east": {"uv": [4.25, 5.75, 4.4375, 6.1875], "texture": "#0"},
				"south": {"uv": [4.25, 5.3125, 4.375, 5.75], "texture": "#0"},
				"west": {"uv": [4.4375, 5.75, 4.625, 6.1875], "texture": "#0"},
				"up": {"uv": [4.375, 5.5625, 4.5, 5.75], "texture": "#0"},
				"down": {"uv": [4.375, 5.5625, 4.5, 5.75], "texture": "#0"}
			}
		},
		{
			"from": [9.05, 18.5, 10.96],
			"to": [10.05, 22, 12.44],
			"rotation": {"angle": 45, "axis": "z", "origin": [6.9, 14.7, 11.8]},
			"faces": {
				"north": {"uv": [4.375, 5.3125, 4.25, 5.75], "texture": "#0"},
				"east": {"uv": [4.25, 5.75, 4.4375, 6.1875], "texture": "#0"},
				"south": {"uv": [4.25, 5.3125, 4.375, 5.75], "texture": "#0"},
				"west": {"uv": [4.4375, 5.75, 4.625, 6.1875], "texture": "#0"},
				"up": {"uv": [4.375, 5.5625, 4.5, 5.75], "texture": "#0"},
				"down": {"uv": [4.375, 5.5625, 4.5, 5.75], "texture": "#0"}
			}
		},
		{
			"from": [7.15, 14.25, 10.95],
			"to": [8.65, 19.75, 12.45],
			"rotation": {"angle": 22.5, "axis": "z", "origin": [7, 14.7, 11.6]},
			"faces": {
				"north": {"uv": [4.6875, 6.1875, 4.5, 6.875], "texture": "#0"},
				"east": {"uv": [4.3125, 6.1875, 4.5, 6.875], "texture": "#0"},
				"south": {"uv": [4.5, 6.1875, 4.6875, 6.875], "texture": "#0"},
				"west": {"uv": [4.3125, 4.625, 4.5, 5.3125], "texture": "#0"},
				"up": {"uv": [3.625, 6.5625, 3.8125, 6.75], "texture": "#0"},
				"down": {"uv": [3.625, 6.5625, 3.8125, 6.75], "texture": "#0"}
			}
		},
		{
			"from": [9.05, 18.5, 3.56],
			"to": [10.05, 22, 5.04],
			"rotation": {"angle": 45, "axis": "z", "origin": [6.9, 14.7, 4.2]},
			"faces": {
				"north": {"uv": [4.375, 5.3125, 4.25, 5.75], "texture": "#0"},
				"east": {"uv": [4.4375, 5.75, 4.25, 6.1875], "texture": "#0"},
				"south": {"uv": [4.25, 5.3125, 4.375, 5.75], "texture": "#0"},
				"west": {"uv": [4.625, 5.75, 4.4375, 6.1875], "texture": "#0"},
				"up": {"uv": [4.375, 5.75, 4.5, 5.5625], "texture": "#0"},
				"down": {"uv": [4.375, 5.75, 4.5, 5.5625], "texture": "#0"}
			}
		},
		{
			"from": [7.15, 14.25, 3.55],
			"to": [8.65, 19.75, 5.05],
			"rotation": {"angle": 22.5, "axis": "z", "origin": [7, 14.7, 4.4]},
			"faces": {
				"north": {"uv": [4.6875, 6.1875, 4.5, 6.875], "texture": "#0"},
				"east": {"uv": [4.5, 6.1875, 4.3125, 6.875], "texture": "#0"},
				"south": {"uv": [4.5, 6.1875, 4.6875, 6.875], "texture": "#0"},
				"west": {"uv": [4.5, 4.625, 4.3125, 5.3125], "texture": "#0"},
				"up": {"uv": [3.625, 6.75, 3.8125, 6.5625], "texture": "#0"},
				"down": {"uv": [3.625, 6.75, 3.8125, 6.5625], "texture": "#0"}
			}
		}
	],
	"gui_light": "front",
	"display": {
		"thirdperson_righthand": {
			"translation": [0, 8.25, 1.75],
			"scale": [0.65, 0.65, 0.65]
		},
		"thirdperson_lefthand": {
			"rotation": [0, -180, 0],
			"translation": [0, 8.25, 1.75],
			"scale": [0.65, 0.65, 0.65]
		},
		"firstperson_righthand": {
			"rotation": [-10, 7, 2],
			"translation": [5, 6.75, -4.25],
			"scale": [0.55508, 0.55508, 0.55508]
		},
		"firstperson_lefthand": {
			"rotation": [-10, 173, 2],
			"translation": [5, 6.75, -4.25],
			"scale": [0.55508, 0.55508, 0.55508]
		},
		"ground": {
			"rotation": [0, 0, 90],
			"translation": [-4, 9, 0],
			"scale": [0.6, 0.6, 0.6]
		},
		"gui": {
			"rotation": [-90, -135, -90],
			"translation": [-1.25, 1.25, -1.5],
			"scale": [0.4707, 0.4707, 0.4707]
		},
		"head": {
			"scale": [0, 0, 0]
		},
		"fixed": {
			"rotation": [-90, -90, -90],
			"translation": [0, 12, -3.5],
			"scale": [1.4, 1.4, 1.4]
		}
	}
}