{
	"format_version": "1.21.6",
	"credit": "Made with Blockbench",
	"texture_size": [128, 128],
	"textures": {
		"0": "skins:item/molten_magma/fire_texture",
		"1": "skins:item/molten_magma/fire_animation_1",
		"particle": "skins:item/molten_magma/fire_texture"
	},
	"elements": [
		{
			"from": [-5.5, 13, 11.99],
			"to": [7.5, 29, 11.99],
			"rotation": {"angle": 22.5, "axis": "y", "origin": [-4.25, 14, 12.09]},
			"faces": {
				"north": {"uv": [6.375, 0, 8, 2], "texture": "#0"},
				"east": {"uv": [0, 0, 0, 1.625], "texture": "#missing"},
				"south": {"uv": [8, 0, 6.375, 2], "texture": "#0"},
				"west": {"uv": [0, 0, 0, 1.625], "texture": "#missing"},
				"up": {"uv": [0, 0, 0, 1.125], "rotation": 90, "texture": "#missing"},
				"down": {"uv": [0, 0, 0, 1.125], "rotation": 270, "texture": "#missing"}
			}
		},
		{
			"from": [-12.5, -1, 11.49],
			"to": [0.5, 15, 11.49],
			"rotation": {"angle": 22.5, "axis": "y", "origin": [-2.25, 14, 11.59]},
			"faces": {
				"north": {"uv": [6.375, 2, 8, 0], "texture": "#0"},
				"east": {"uv": [0, 1.625, 0, 0], "texture": "#missing"},
				"south": {"uv": [8, 2, 6.375, 0], "texture": "#0"},
				"west": {"uv": [0, 1.625, 0, 0], "texture": "#missing"},
				"up": {"uv": [0, 0, 0, 1.125], "rotation": 270, "texture": "#missing"},
				"down": {"uv": [0, 0, 0, 1.125], "rotation": 90, "texture": "#missing"}
			}
		},
		{
			"from": [-13.5, 14, 11.69],
			"to": [-3.5, 25, 11.69],
			"rotation": {"angle": 22.5, "axis": "y", "origin": [-3.25, 14, 11.59]},
			"faces": {
				"north": {"uv": [7.75, 0.625, 6.5, 2], "texture": "#0"},
				"east": {"uv": [0, 0, 0, 1.625], "texture": "#missing"},
				"south": {"uv": [6.5, 0.625, 7.75, 2], "texture": "#0"},
				"west": {"uv": [0, 0, 0, 1.625], "texture": "#missing"},
				"up": {"uv": [0, 0, 0, 1.125], "rotation": 90, "texture": "#missing"},
				"down": {"uv": [0, 0, 0, 1.125], "rotation": 270, "texture": "#missing"}
			}
		},
		{
			"from": [19.5, 14, 11.69],
			"to": [29.5, 25, 11.69],
			"rotation": {"angle": -22.5, "axis": "y", "origin": [19.25, 14, 11.59]},
			"faces": {
				"north": {"uv": [6.5, 0.625, 7.75, 2], "texture": "#0"},
				"east": {"uv": [0, 0, 0, 1.625], "texture": "#missing"},
				"south": {"uv": [7.75, 0.625, 6.5, 2], "texture": "#0"},
				"west": {"uv": [0, 0, 0, 1.625], "texture": "#missing"},
				"up": {"uv": [0, 1.125, 0, 0], "rotation": 90, "texture": "#missing"},
				"down": {"uv": [0, 1.125, 0, 0], "rotation": 270, "texture": "#missing"}
			}
		},
		{
			"from": [8.5, 13, 11.99],
			"to": [21.5, 29, 11.99],
			"rotation": {"angle": -22.5, "axis": "y", "origin": [20.25, 14, 12.09]},
			"faces": {
				"north": {"uv": [8, 0, 6.375, 2], "texture": "#0"},
				"east": {"uv": [0, 0, 0, 1.625], "texture": "#missing"},
				"south": {"uv": [6.375, 0, 8, 2], "texture": "#0"},
				"west": {"uv": [0, 0, 0, 1.625], "texture": "#missing"},
				"up": {"uv": [0, 1.125, 0, 0], "rotation": 90, "texture": "#missing"},
				"down": {"uv": [0, 1.125, 0, 0], "rotation": 270, "texture": "#missing"}
			}
		},
		{
			"from": [15.5, -1, 11.49],
			"to": [28.5, 15, 11.49],
			"rotation": {"angle": -22.5, "axis": "y", "origin": [18.25, 14, 11.59]},
			"faces": {
				"north": {"uv": [8, 2, 6.375, 0], "texture": "#0"},
				"east": {"uv": [0, 1.625, 0, 0], "texture": "#missing"},
				"south": {"uv": [6.375, 2, 8, 0], "texture": "#0"},
				"west": {"uv": [0, 1.625, 0, 0], "texture": "#missing"},
				"up": {"uv": [0, 1.125, 0, 0], "rotation": 270, "texture": "#missing"},
				"down": {"uv": [0, 1.125, 0, 0], "rotation": 90, "texture": "#missing"}
			}
		},
		{
			"from": [6, 8, 5.6],
			"to": [11, 13, 9.6],
			"rotation": {"angle": -45, "axis": "z", "origin": [8, 11, 8.1]},
			"faces": {
				"north": {"uv": [0.9375, 1.375, 1.5625, 0.75], "rotation": 90, "texture": "#0"},
				"east": {"uv": [0.9375, 2, 1.5625, 2.5], "rotation": 90, "texture": "#0"},
				"south": {"uv": [0.9375, 0.75, 1.5625, 1.375], "rotation": 90, "texture": "#0"},
				"west": {"uv": [1.5625, 1.9375, 0.9375, 1.4375], "rotation": 90, "texture": "#0"},
				"up": {"uv": [0.9375, 1.9375, 1.5625, 1.4375], "rotation": 180, "texture": "#0"},
				"down": {"uv": [0.9375, 2, 1.5625, 2.5], "texture": "#0"}
			}
		},
		{
			"from": [3.62742, 12.08293, 6.06],
			"to": [5.72742, 14.18293, 8.54],
			"rotation": {"angle": 22.5, "axis": "z", "origin": [6.7, 11.11036, 7]},
			"faces": {
				"north": {"uv": [2.875, 2.3125, 2.625, 2.5625], "rotation": 180, "texture": "#0"},
				"east": {"uv": [3.2475, 2.3125, 2.9375, 2.5625], "rotation": 180, "texture": "#0"},
				"south": {"uv": [2.625, 2.3125, 2.875, 2.5625], "rotation": 180, "texture": "#0"},
				"west": {"uv": [3.2475, 2.3125, 2.9375, 2.5625], "rotation": 180, "texture": "#0"},
				"up": {"uv": [3.25, 2.5625, 3.56, 2.3125], "rotation": 270, "texture": "#0"},
				"down": {"uv": [3.25, 2.5625, 3.56, 2.3125], "rotation": 90, "texture": "#0"}
			}
		},
		{
			"from": [3.81036, 9.61036, 6.05],
			"to": [9.31036, 12.61036, 8.55],
			"rotation": {"angle": -22.5, "axis": "z", "origin": [6.7, 11.11036, 7]},
			"faces": {
				"north": {"uv": [3, 1.5, 2.625, 2.1875], "rotation": 90, "texture": "#0"},
				"east": {"uv": [3.0625, 1.4375, 3.375, 1.0625], "rotation": 180, "texture": "#0"},
				"south": {"uv": [2.625, 1.5, 3, 2.1875], "rotation": 270, "texture": "#0"},
				"west": {"uv": [3.0625, 1.4375, 3.375, 1.0625], "texture": "#0"},
				"up": {"uv": [4.375, 2.625, 4.0625, 3.3125], "rotation": 270, "texture": "#0"},
				"down": {"uv": [3.3125, 1.5, 3, 2.1875], "rotation": 270, "texture": "#0"}
			}
		},
		{
			"from": [10.27258, 12.08293, 6.06],
			"to": [12.37258, 14.18293, 8.54],
			"rotation": {"angle": -22.5, "axis": "z", "origin": [9.3, 11.11036, 7]},
			"faces": {
				"north": {"uv": [2.625, 2.3125, 2.875, 2.5625], "rotation": 180, "texture": "#0"},
				"east": {"uv": [2.9375, 2.3125, 3.2475, 2.5625], "rotation": 180, "texture": "#0"},
				"south": {"uv": [2.875, 2.3125, 2.625, 2.5625], "rotation": 180, "texture": "#0"},
				"west": {"uv": [2.9375, 2.3125, 3.2475, 2.5625], "rotation": 180, "texture": "#0"},
				"up": {"uv": [3.25, 2.3125, 3.56, 2.5625], "rotation": 270, "texture": "#0"},
				"down": {"uv": [3.25, 2.3125, 3.56, 2.5625], "rotation": 90, "texture": "#0"}
			}
		},
		{
			"from": [6.68964, 9.61036, 6.05],
			"to": [12.18964, 12.61036, 8.55],
			"rotation": {"angle": 22.5, "axis": "z", "origin": [9.3, 11.11036, 7]},
			"faces": {
				"north": {"uv": [2.625, 1.5, 3, 2.1875], "rotation": 270, "texture": "#0"},
				"east": {"uv": [3.0625, 1.0625, 3.375, 1.4375], "rotation": 180, "texture": "#0"},
				"south": {"uv": [3, 1.5, 2.625, 2.1875], "rotation": 90, "texture": "#0"},
				"west": {"uv": [3.0625, 1.0625, 3.375, 1.4375], "texture": "#0"},
				"up": {"uv": [4.0625, 2.625, 4.375, 3.3125], "rotation": 90, "texture": "#0"},
				"down": {"uv": [3, 1.5, 3.3125, 2.1875], "rotation": 90, "texture": "#0"}
			}
		},
		{
			"from": [7.25, 10, 5.1],
			"to": [9.25, 12, 10.1],
			"rotation": {"angle": 45, "axis": "z", "origin": [8, 10.75, 7.85]},
			"faces": {
				"north": {"uv": [3.875, 2.0625, 4.125, 2.3125], "texture": "#0"},
				"east": {"uv": [0, 3.125, 0.625, 3.375], "texture": "#0"},
				"south": {"uv": [3.875, 2.0625, 4.125, 2.3125], "texture": "#0"},
				"west": {"uv": [0.625, 3.125, 1.25, 3.375], "texture": "#0"},
				"up": {"uv": [0, 3.125, 0.625, 3.375], "rotation": 90, "texture": "#0"},
				"down": {"uv": [0.625, 3.125, 1.25, 3.375], "rotation": 270, "texture": "#0"}
			}
		},
		{
			"from": [9.5, 12.05076, 11.4],
			"to": [6.5, 9.05076, 7.4],
			"rotation": {"angle": -45, "axis": "z", "origin": [8, 10.55076, 9.4]},
			"faces": {
				"north": {"uv": [15.875, 0, 15.5, 0.375], "texture": "#0"},
				"east": {"uv": [16, 0, 15.5, 0.375], "texture": "#0"},
				"south": {"uv": [15.875, 0, 15.5, 0.375], "texture": "#0"},
				"west": {"uv": [16, 0, 15.5, 0.375], "texture": "#0"},
				"up": {"uv": [16, 0, 15.5, 0.375], "rotation": 90, "texture": "#0"},
				"down": {"uv": [16, 0, 15.5, 0.375], "rotation": 270, "texture": "#0"}
			}
		},
		{
			"from": [6.75, 9, 4.85],
			"to": [9.25, 11.5, 10.35],
			"rotation": {"angle": 45, "axis": "z", "origin": [8, 10.25, 7.55]},
			"faces": {
				"north": {"uv": [3.875, 2.3125, 3.5625, 2.625], "texture": "#0"},
				"east": {"uv": [4.0625, 2.625, 3.375, 2.9375], "texture": "#0"},
				"south": {"uv": [3.5625, 2.3125, 3.875, 2.625], "texture": "#0"},
				"west": {"uv": [3.375, 2.9375, 4.0625, 3.25], "texture": "#0"},
				"up": {"uv": [3.375, 2.625, 4.0625, 2.9375], "rotation": 90, "texture": "#0"},
				"down": {"uv": [3.375, 3.25, 4.0625, 2.9375], "rotation": 270, "texture": "#0"}
			}
		},
		{
			"from": [1.85, 5.25, 9.5],
			"to": [7.35, 14.25, 9.5],
			"rotation": {"angle": 45, "axis": "y", "origin": [4.6, 9.75, 9.5]},
			"faces": {
				"north": {"uv": [5.5, 0, 6.1875, 1.125], "texture": "#0"},
				"east": {"uv": [0, 1, 0, 0], "rotation": 180, "texture": "#missing"},
				"south": {"uv": [6.1875, 0, 5.5, 1.125], "texture": "#0"},
				"west": {"uv": [0, 1, 0, 0], "rotation": 180, "texture": "#missing"},
				"up": {"uv": [0, 0.6875, 0, 0], "rotation": 270, "texture": "#missing"},
				"down": {"uv": [0, 0.6875, 0, 0], "rotation": 90, "texture": "#missing"}
			}
		},
		{
			"from": [8.65, 5.25, 9.5],
			"to": [14.15, 14.25, 9.5],
			"rotation": {"angle": -45, "axis": "y", "origin": [11.4, 9.75, 9.5]},
			"faces": {
				"north": {"uv": [6.1875, 0, 5.5, 1.125], "texture": "#0"},
				"east": {"uv": [0, 1, 0, 0], "rotation": 180, "texture": "#missing"},
				"south": {"uv": [5.5, 0, 6.1875, 1.125], "texture": "#0"},
				"west": {"uv": [0, 1, 0, 0], "rotation": 180, "texture": "#missing"},
				"up": {"uv": [0, 0, 0, 0.6875], "rotation": 270, "texture": "#missing"},
				"down": {"uv": [0, 0, 0, 0.6875], "rotation": 90, "texture": "#missing"}
			}
		},
		{
			"from": [3, 9.5, 10],
			"to": [13, 24, 10],
			"rotation": {"angle": 22.5, "axis": "x", "origin": [8, 16.75, 10]},
			"faces": {
				"north": {"uv": [13, 1.5, 3, 16], "texture": "#1"},
				"east": {"uv": [0, 0, 0, 1.5], "texture": "#missing"},
				"south": {"uv": [3, 1.5, 13, 16], "texture": "#1"},
				"west": {"uv": [0, 0, 0, 1.5], "texture": "#missing"},
				"up": {"uv": [0, 1.5, 0, 0], "rotation": 90, "texture": "#missing"},
				"down": {"uv": [0, 0, 0, 1.5], "rotation": 270, "texture": "#missing"}
			}
		}
	],
	"gui_light": "front",
	"display": {
		"thirdperson_righthand": {
			"rotation": [75, 45, 0],
			"translation": [0, 0.75, -0.75],
			"scale": [0.28906, 0.28906, 0.28906]
		},
		"thirdperson_lefthand": {
			"rotation": [68, 0, 0],
			"translation": [-6, -7.25, 5]
		},
		"firstperson_righthand": {
			"translation": [4, 1, 0],
			"scale": [0.46328, 0.46328, 0.46328]
		},
		"firstperson_lefthand": {
			"scale": [0, 0, 0]
		},
		"ground": {
			"translation": [0, 9, 0],
			"scale": [0.6, 0.6, 0.6]
		},
		"gui": {
			"rotation": [14, 166, 0],
			"translation": [-0.75, -2.5, -1.5],
			"scale": [0.39063, 0.39063, 0.39063]
		},
		"head": {
			"translation": [0, -56, 8],
			"scale": [1.8, 1.8, 1.8]
		},
		"fixed": {
			"rotation": [0, -180, 0],
			"translation": [0, -7, -6.75],
			"scale": [2.4, 2.4, 2.4]
		}
	}
}